,time,room_id,acu_id,setting_t,setting_h,cp_status,fan_speed,return_t,fd_status,fd_degree,mode,temp,group_temp,active_power,acu_power,outdoor_t,outdoor_h
0,2021040910,HXXID5,艾特网能空调1706,25.0,50.0,1,52.0,26.3,1,36.0,1,26.084615384615386,"[26.1, 25.2, 25.6, 25.2, 24.7, 25.1, 25.1, 26.0, 26.2, 26.3, 29.1, 29.1, 25.4]",4.401,2.092,23.7,61.6
1,2021040910,HXXID5,艾特网能空调1704,25.0,50.0,1,52.0,26.3,1,34.0,1,24.045333333333335,"[24.09, 23.1, 22.3, 22.7, 23.0, 22.8, 22.3, 24.09, 25.9, 26.2, 25.8, 26.2, 24.3, 24.4, 23.5]",14.307000000000002,2.082,23.7,61.6
2,2021040910,HXXID5,艾特网能空调1705,25.0,50.0,0,0.0,25.9,0,0.0,1,24.281249999999996,"[24.4, 25.3, 24.9, 26.0, 25.5, 26.6, 25.6, 23.8, 22.6, 22.5, 22.5, 22.9, 23.2, 23.6, 24.7, 24.4]",3.232,0.022000000000000002,23.7,61.6
3,2021040910,HXXID5,艾特网能空调1707,25.0,50.0,0,0.0,26.7,0,0.0,1,23.680625,"[23.3, 23.0, 23.0, 23.6, 23.6, 24.3, 26.0, 23.9, 24.1, 23.5, 24.0, 22.5, 23.5, 23.1, 23.4, 24.09]",15.811000000000002,0.0,23.7,61.6
4,2021040910,HXXID5,艾特网能空调1708,25.0,50.0,1,58.0,25.9,1,28.0,1,24.292941176470585,"[25.6, 23.3, 23.5, 24.5, 26.2, 24.09, 23.7, 24.0, 23.5, 24.8, 24.2, 24.0, 24.6, 24.7, 24.09, 24.8, 23.4]",9.358999999999998,2.551,23.7,61.6
5,2021040910,HXXID5,艾特网能空调1709,24.0,60.0,1,46.0,24.7,1,34.0,1,25.41666666666667,"[26.1, 24.8, 25.5, 26.2, 26.6, 24.9, 23.8, 25.5, 25.0, 25.5, 25.8, 25.3]",4.167,1.54,23.7,61.6
6,2021040910,HXXID5,艾特网能空调1710,25.0,50.0,0,0.0,25.0,0,0.0,1,25.599411764705888,"[28.6, 26.6, 27.6, 34.0, 23.8, 24.09, 23.7, 24.3, 25.0, 27.0, 26.2, 25.7, 23.6, 23.2, 24.6, 24.6, 22.6]",13.939,0.0,23.7,61.6
7,2021040910,HXXID5,艾特网能空调1703,24.0,50.0,1,76.0,25.7,1,46.0,1,24.27692307692308,"[23.5, 24.0, 25.0, 23.1, 24.3, 24.5, 24.3, 26.3, 23.8, 23.3, 23.8, 25.3, 24.4]",17.144000000000002,5.075,23.7,61.6
8,2021040911,HXXID5,艾特网能空调1704,25.0,50.0,1,53.0,26.4,1,36.0,1,24.30533333333334,"[24.09, 23.1, 22.9, 23.3, 23.6, 23.3, 23.0, 24.09, 26.0, 26.3, 26.0, 26.1, 24.5, 24.6, 23.7]",14.307000000000002,2.082,24.6,58.3
9,2021040911,HXXID5,艾特网能空调1705,25.0,50.0,0,0.0,25.8,0,0.0,1,24.281250000000004,"[24.3, 25.2, 25.0, 25.6, 24.9, 26.3, 25.3, 24.1, 22.8, 22.8, 22.9, 23.0, 23.3, 23.5, 25.0, 24.5]",3.232,0.022000000000000002,24.6,58.3
10,2021040911,HXXID5,艾特网能空调1706,25.0,50.0,1,52.0,26.3,1,34.0,1,25.992307692307694,"[26.0, 24.8, 25.6, 24.8, 24.6, 24.9, 25.1, 26.0, 25.8, 25.8, 29.5, 29.7, 25.3]",4.401,2.092,24.6,58.3
11,2021040911,HXXID5,艾特网能空调1707,25.0,50.0,0,0.0,26.7,0,0.0,1,23.486874999999994,"[23.1, 23.0, 23.2, 23.1, 23.6, 24.2, 25.6, 23.5, 24.1, 23.6, 23.8, 22.5, 22.9, 22.5, 23.0, 24.09]",15.811000000000002,0.0,24.6,58.3
12,2021040911,HXXID5,艾特网能空调1708,25.0,50.0,1,55.0,25.8,1,28.0,1,24.26352941176471,"[25.8, 23.3, 23.1, 24.5, 25.8, 24.09, 23.5, 23.6, 23.3, 24.8, 24.3, 24.1, 24.8, 24.6, 24.09, 25.0, 23.8]",9.358999999999998,2.551,24.6,58.3
13,2021040911,HXXID5,艾特网能空调1709,24.0,60.0,1,49.0,25.0,1,38.0,1,25.274999999999995,"[25.7, 24.0, 25.4, 26.1, 26.6, 24.9, 23.6, 25.3, 24.6, 25.6, 26.0, 25.5]",4.167,1.54,24.6,58.3
14,2021040911,HXXID5,艾特网能空调1703,24.0,50.0,1,75.0,25.5,1,40.0,1,24.830769230769228,"[23.5, 24.3, 25.5, 23.8, 25.0, 25.2, 24.9, 26.8, 24.5, 24.0, 24.4, 25.9, 25.0]",17.144000000000002,5.075,24.6,58.3
15,2021040911,HXXID5,艾特网能空调1710,25.0,50.0,0,0.0,25.0,0,0.0,1,25.964705882352945,"[29.3, 26.8, 28.4, 34.3, 23.8, 24.1, 23.8, 24.0, 25.9, 27.8, 26.2, 25.7, 23.6, 23.5, 25.5, 25.1, 23.6]",13.939,0.0,24.6,58.3
16,2021040912,HXXID5,艾特网能空调1709,24.0,60.0,1,47.0,24.8,1,36.0,1,25.49166666666667,"[26.2, 24.5, 25.5, 26.1, 26.6, 24.9, 24.0, 25.6, 25.2, 25.6, 26.1, 25.6]",4.167,1.54,24.9,57.6
17,2021040912,HXXID5,艾特网能空调1703,24.0,50.0,1,75.0,25.7,1,43.0,1,24.638461538461538,"[23.3, 24.6, 26.0, 23.8, 24.9, 25.0, 24.8, 26.8, 24.5, 23.8, 24.0, 25.0, 23.8]",17.144000000000002,5.075,24.9,57.6
18,2021040912,HXXID5,艾特网能空调1704,25.0,50.0,1,52.0,26.3,1,35.0,1,24.212,"[24.09, 23.0, 22.5, 23.0, 23.3, 23.0, 22.8, 24.09, 26.0, 26.4, 25.7, 26.0, 24.5, 24.8, 24.0]",14.307000000000002,2.082,24.9,57.6
19,2021040912,HXXID5,艾特网能空调1705,25.0,50.0,0,0.0,25.9,0,0.0,1,24.031250000000004,"[24.1, 24.5, 24.8, 25.5, 25.4, 26.3, 25.2, 23.8, 22.2, 22.2, 22.3, 22.4, 23.1, 23.6, 24.8, 24.3]",3.232,0.022000000000000002,24.9,57.6
20,2021040912,HXXID5,艾特网能空调1706,25.0,50.0,1,53.0,26.4,1,38.0,1,25.992307692307694,"[26.0, 25.1, 25.8, 24.6, 24.5, 25.0, 24.8, 25.9, 25.7, 26.3, 29.5, 29.5, 25.2]",4.401,2.092,24.9,57.6
21,2021040912,HXXID5,艾特网能空调1707,25.0,50.0,0,0.0,26.7,0,0.0,1,23.599375,"[23.0, 22.7, 23.2, 23.4, 23.6, 24.1, 25.6, 23.8, 24.0, 23.5, 24.2, 22.8, 23.4, 22.9, 23.3, 24.09]",15.811000000000002,0.0,24.9,57.6
22,2021040912,HXXID5,艾特网能空调1708,25.0,50.0,1,58.0,25.9,1,32.0,1,24.445882352941176,"[27.8, 23.2, 23.4, 24.3, 27.1, 24.09, 23.6, 23.6, 23.5, 24.8, 24.2, 24.1, 24.7, 24.8, 24.09, 24.9, 23.4]",9.358999999999998,2.551,24.9,57.6
23,2021040912,HXXID5,艾特网能空调1710,25.0,50.0,0,0.0,25.1,0,0.0,1,25.788235294117648,"[29.0, 27.0, 27.5, 34.5, 23.6, 24.3, 23.1, 23.5, 25.0, 27.1, 26.3, 25.8, 24.5, 24.2, 24.6, 24.7, 23.7]",13.939,0.0,24.9,57.6
24,2021040913,HXXID5,艾特网能空调1708,25.0,50.0,1,58.0,25.9,1,28.0,1,24.693529411764715,"[28.0, 23.1, 23.3, 24.3, 26.1, 24.09, 23.7, 23.6, 23.9, 25.5, 24.7, 24.6, 25.3, 25.6, 24.6, 25.6, 23.8]",9.358999999999998,2.525,25.5,55.3
25,2021040913,HXXID5,艾特网能空调1707,25.0,50.0,0,0.0,26.8,0,0.0,1,23.580625,"[22.9, 23.0, 22.9, 23.3, 23.5, 24.1, 25.6, 23.5, 24.8, 24.0, 24.0, 22.5, 23.0, 23.1, 23.0, 24.09]",15.811000000000002,0.0,25.5,55.3
26,2021040913,HXXID5,艾特网能空调1706,25.0,50.0,1,53.0,26.6,1,39.0,1,25.830769230769228,"[26.0, 24.6, 25.1, 24.9, 24.6, 24.9, 25.2, 26.1, 25.1, 25.9, 29.2, 28.9, 25.3]",4.401,2.23,25.5,55.3
27,2021040913,HXXID5,艾特网能空调1705,25.0,50.0,0,0.0,25.9,0,0.0,1,24.130625000000002,"[24.09, 24.5, 25.1, 25.0, 25.0, 26.2, 24.6, 24.0, 22.5, 23.0, 22.8, 23.1, 23.5, 23.6, 24.8, 24.3]",3.232,0.022000000000000002,25.5,55.3
28,2021040913,HXXID5,艾特网能空调1704,25.0,50.0,1,53.0,26.4,1,35.0,1,24.491999999999997,"[24.09, 23.4, 22.8, 23.2, 23.5, 23.4, 22.8, 24.09, 26.1, 26.6, 26.2, 26.4, 24.9, 25.4, 24.5]",14.307000000000002,2.213,25.5,55.3
29,2021040913,HXXID5,艾特网能空调1703,24.0,50.0,1,76.0,25.7,1,46.0,1,25.00769230769231,"[23.8, 24.6, 26.3, 24.0, 25.2, 25.3, 25.1, 26.6, 24.6, 24.1, 24.5, 26.0, 25.0]",17.144000000000002,5.096,25.5,55.3
30,2021040913,HXXID5,艾特网能空调1709,24.0,60.0,1,49.0,24.9,1,38.0,1,25.88333333333333,"[26.1, 25.2, 25.8, 26.5, 26.9, 25.2, 24.6, 26.4, 26.2, 25.8, 26.2, 25.7]",4.167,1.839,25.5,55.3
31,2021040913,HXXID5,艾特网能空调1710,25.0,50.0,0,0.0,25.2,0,0.0,1,26.12352941176471,"[29.0, 27.1, 27.8, 33.9, 24.0, 24.4, 24.0, 24.3, 26.0, 28.0, 26.3, 26.1, 24.3, 23.6, 25.7, 25.3, 24.3]",13.939,0.0,25.5,55.3
32,2021040914,HXXID5,艾特网能空调1703,24.0,50.0,1,78.0,25.9,1,51.0,1,25.399999999999995,"[24.2, 25.0, 26.8, 24.5, 25.6, 25.6, 25.4, 26.7, 25.1, 24.5, 24.9, 26.4, 25.5]",17.144000000000002,5.096,25.5,54.7
33,2021040914,HXXID5,艾特网能空调1704,25.0,50.0,1,58.0,26.8,1,46.0,1,24.785333333333334,"[24.09, 23.6, 23.4, 23.9, 24.1, 23.8, 23.6, 24.09, 26.4, 26.8, 26.5, 26.7, 25.0, 25.3, 24.5]",14.307000000000002,2.213,25.5,54.7
34,2021040914,HXXID5,艾特网能空调1705,25.0,50.0,0,0.0,25.9,0,0.0,1,24.250000000000004,"[24.1, 24.6, 24.7, 24.8, 24.5, 26.1, 24.8, 24.4, 23.2, 23.2, 23.4, 23.5, 23.8, 23.8, 25.0, 24.1]",3.232,0.022000000000000002,25.5,54.7
35,2021040914,HXXID5,艾特网能空调1706,25.0,50.0,1,56.0,26.7,1,44.0,1,25.49153846153846,"[25.7, 24.3, 25.1, 24.1, 24.3, 24.1, 24.09, 25.1, 25.3, 25.5, 29.6, 29.3, 24.9]",4.401,2.23,25.5,54.7
36,2021040914,HXXID5,艾特网能空调1707,25.0,50.0,0,0.0,26.7,0,0.0,1,24.399375000000003,"[24.5, 24.2, 24.1, 24.1, 24.2, 25.6, 26.4, 24.0, 25.1, 25.1, 25.1, 23.1, 23.7, 23.5, 23.6, 24.09]",15.811000000000002,0.0,25.5,54.7
37,2021040914,HXXID5,艾特网能空调1708,25.0,50.0,1,59.0,25.9,1,32.0,1,24.77000000000001,"[26.6, 24.6, 24.1, 24.4, 26.4, 24.09, 23.8, 23.9, 24.0, 25.3, 24.8, 24.6, 25.2, 25.3, 24.1, 25.6, 24.3]",9.358999999999998,2.525,25.5,54.7
38,2021040914,HXXID5,艾特网能空调1709,24.0,60.0,1,53.0,25.4,1,48.0,1,25.816666666666674,"[25.9, 24.6, 26.0, 26.6, 27.1, 25.3, 24.3, 25.9, 25.4, 26.1, 26.6, 26.0]",4.167,1.839,25.5,54.7
39,2021040914,HXXID5,艾特网能空调1710,25.0,50.0,0,0.0,25.3,0,0.0,1,26.41176470588236,"[30.1, 27.6, 27.1, 34.1, 24.5, 24.8, 24.3, 24.6, 26.1, 28.0, 26.5, 26.1, 25.1, 24.6, 25.8, 25.3, 24.4]",13.939,0.0,25.5,54.7
40,2021040915,HXXID5,艾特网能空调1710,25.0,50.0,0,0.0,25.4,0,0.0,1,26.294117647058826,"[30.0, 27.6, 27.8, 33.8, 24.0, 24.6, 23.7, 24.0, 26.0, 27.6, 26.8, 26.3, 24.8, 24.6, 25.6, 25.5, 24.3]",13.939,0.0,25.0,53.4
41,2021040915,HXXID5,艾特网能空调1709,24.0,60.0,1,53.0,25.4,1,49.0,1,25.616666666666664,"[25.5, 24.4, 25.7, 26.5, 26.9, 25.1, 24.1, 25.6, 25.2, 25.9, 26.5, 26.0]",4.167,1.839,25.0,53.4
42,2021040915,HXXID5,艾特网能空调1708,25.0,50.0,1,59.0,26.0,1,32.0,1,24.551764705882356,"[25.9, 23.6, 24.1, 24.6, 26.0, 24.09, 23.5, 23.3, 24.0, 25.2, 24.7, 24.6, 25.1, 25.1, 24.09, 25.4, 24.1]",9.358999999999998,2.525,25.0,53.4
43,2021040915,HXXID5,艾特网能空调1707,25.0,50.0,0,0.0,26.4,0,0.0,1,24.536875000000002,"[23.6, 23.5, 24.3, 24.5, 24.8, 24.6, 25.8, 25.0, 25.6, 24.7, 25.2, 24.1, 24.5, 24.0, 24.3, 24.09]",15.811000000000002,0.0,25.0,53.4
44,2021040915,HXXID5,艾特网能空调1706,25.0,50.0,1,56.0,26.7,1,46.0,1,25.553076923076922,"[25.8, 24.3, 25.6, 25.0, 24.5, 24.1, 24.09, 25.0, 25.2, 25.3, 29.5, 29.0, 24.8]",4.401,2.23,25.0,53.4
45,2021040915,HXXID5,艾特网能空调1705,25.0,50.0,0,0.0,26.2,0,0.0,1,24.130625000000002,"[24.09, 24.5, 24.6, 24.8, 24.4, 26.0, 25.0, 24.3, 23.0, 23.0, 23.1, 23.1, 23.4, 23.8, 25.0, 24.0]",3.232,0.022000000000000002,25.0,53.4
46,2021040915,HXXID5,艾特网能空调1704,25.0,50.0,1,58.0,26.8,1,50.0,1,24.658666666666665,"[24.09, 23.5, 23.3, 23.8, 24.1, 23.7, 23.6, 24.09, 26.4, 26.6, 26.1, 26.5, 24.8, 25.1, 24.2]",14.307000000000002,2.213,25.0,53.4
47,2021040915,HXXID5,艾特网能空调1703,24.0,50.0,1,78.0,25.9,1,52.0,1,25.01538461538462,"[23.6, 24.8, 26.5, 24.2, 25.2, 25.4, 25.1, 26.3, 24.8, 24.2, 24.5, 25.8, 24.8]",17.144000000000002,5.096,25.0,53.4
48,2021040916,HXXID5,艾特网能空调1710,25.0,50.0,0,0.0,25.5,0,0.0,1,26.323529411764707,"[30.1, 27.6, 27.8, 33.8, 24.1, 24.6, 23.8, 24.2, 26.8, 27.8, 26.6, 26.2, 24.9, 24.5, 25.4, 25.2, 24.1]",13.939,0.0,25.0,50.1
49,2021040916,HXXID5,艾特网能空调1704,25.0,50.0,1,56.0,26.7,1,43.0,1,24.438666666666663,"[24.09, 23.1, 22.8, 23.3, 23.6, 23.3, 23.1, 24.09, 26.2, 26.5, 25.9, 26.3, 24.7, 25.2, 24.4]",14.307000000000002,2.213,25.0,50.1
50,2021040916,HXXID5,艾特网能空调1705,25.0,50.0,0,0.0,26.0,0,0.0,1,24.030625000000004,"[24.09, 24.6, 24.9, 25.1, 24.9, 25.9, 25.0, 24.0, 22.5, 22.5, 22.6, 22.6, 23.2, 23.6, 24.9, 24.1]",3.232,0.022000000000000002,25.0,50.1
51,2021040916,HXXID5,艾特网能空调1703,24.0,50.0,1,78.0,25.9,1,51.0,1,25.076923076923073,"[23.8, 24.8, 26.6, 24.2, 25.3, 25.4, 25.1, 26.6, 24.8, 24.2, 24.5, 25.9, 24.8]",17.144000000000002,5.096,25.0,50.1
52,2021040916,HXXID5,艾特网能空调1707,25.0,50.0,0,0.0,26.7,0,0.0,1,23.861875,"[23.1, 22.9, 23.5, 23.7, 24.1, 24.1, 25.6, 24.2, 24.8, 24.0, 24.3, 23.2, 23.6, 23.1, 23.5, 24.09]",15.811000000000002,0.0,25.0,50.1
53,2021040916,HXXID5,艾特网能空调1708,25.0,50.0,1,57.0,25.9,1,28.0,1,24.34058823529412,"[24.7, 23.1, 23.5, 24.3, 25.9, 24.09, 23.5, 23.3, 23.6, 25.0, 24.5, 24.5, 25.1, 25.3, 24.1, 25.5, 23.8]",9.358999999999998,2.525,25.0,50.1
54,2021040916,HXXID5,艾特网能空调1709,24.0,60.0,1,52.0,25.2,1,43.0,1,25.758333333333326,"[25.9, 24.7, 25.8, 26.4, 26.9, 25.1, 24.4, 26.0, 25.7, 25.9, 26.4, 25.9]",4.167,1.839,25.0,50.1
55,2021040916,HXXID5,艾特网能空调1706,25.0,50.0,1,56.0,26.7,1,44.0,1,25.753846153846155,"[25.9, 24.5, 25.7, 24.6, 24.5, 24.4, 24.4, 25.4, 25.5, 25.6, 29.8, 29.4, 25.1]",4.401,2.23,25.0,50.1
56,2021040917,HXXID5,艾特网能空调1703,24.0,50.0,1,78.0,25.9,1,49.0,1,25.123076923076926,"[24.0, 24.7, 26.3, 24.2, 25.4, 25.5, 25.1, 26.4, 24.8, 24.3, 24.6, 26.1, 25.2]",17.144000000000002,5.096,23.4,48.0
57,2021040917,HXXID5,艾特网能空调1705,25.0,50.0,0,0.0,26.0,0,0.0,1,24.155625,"[24.09, 24.6, 24.8, 25.1, 25.1, 25.9, 25.0, 24.0, 23.1, 22.8, 22.7, 22.8, 23.5, 23.8, 24.9, 24.3]",3.232,0.022000000000000002,23.4,48.0
58,2021040917,HXXID5,艾特网能空调1706,25.0,50.0,1,58.0,26.8,1,46.0,1,25.746153846153845,"[25.9, 24.8, 25.4, 24.5, 24.5, 24.6, 24.6, 25.6, 25.5, 26.0, 29.5, 28.6, 25.2]",4.401,2.23,23.4,48.0
59,2021040917,HXXID5,艾特网能空调1707,25.0,50.0,0,0.0,26.6,0,0.0,1,23.893125,"[23.6, 23.5, 23.3, 23.6, 23.7, 24.6, 25.4, 23.8, 25.0, 24.3, 24.5, 22.8, 23.4, 23.2, 23.5, 24.09]",15.811000000000002,0.0,23.4,48.0
60,2021040917,HXXID5,艾特网能空调1708,25.0,50.0,1,58.0,25.9,1,28.0,1,24.481176470588228,"[26.0, 23.6, 23.5, 24.3, 26.2, 24.09, 23.6, 23.6, 23.7, 25.1, 24.5, 24.4, 25.1, 25.2, 24.09, 25.4, 23.8]",9.358999999999998,2.525,23.4,48.0
61,2021040917,HXXID5,艾特网能空调1709,24.0,60.0,1,50.0,25.1,1,42.0,1,25.75,"[26.0, 24.6, 25.8, 26.5, 27.0, 25.2, 24.3, 25.9, 25.6, 25.9, 26.4, 25.8]",4.167,1.839,23.4,48.0
62,2021040917,HXXID5,艾特网能空调1710,25.0,50.0,0,0.0,25.4,0,0.0,1,26.24705882352941,"[30.0, 27.8, 27.6, 33.8, 24.3, 24.8, 24.1, 24.5, 26.1, 26.1, 26.7, 26.3, 24.5, 24.2, 25.8, 25.4, 24.2]",13.939,0.0,23.4,48.0
63,2021040917,HXXID5,艾特网能空调1704,25.0,50.0,1,55.0,26.6,1,41.0,1,24.452,"[24.09, 23.1, 22.8, 23.3, 23.6, 23.3, 23.0, 24.09, 26.2, 26.5, 26.0, 26.3, 24.8, 25.2, 24.5]",14.307000000000002,2.213,23.4,48.0
64,2021040918,HXXID5,艾特网能空调1703,24.0,50.0,1,79.0,26.0,1,52.0,1,25.346153846153847,"[24.3, 25.0, 26.6, 24.5, 25.5, 25.6, 25.3, 26.0, 25.0, 24.6, 25.0, 26.5, 25.6]",17.144000000000002,5.096,23.1,44.4
65,2021040918,HXXID5,艾特网能空调1704,25.0,50.0,1,58.0,26.8,1,49.0,1,24.825333333333337,"[24.09, 23.6, 23.5, 24.0, 24.2, 23.9, 23.8, 24.09, 26.3, 26.8, 26.5, 26.8, 25.0, 25.3, 24.5]",14.307000000000002,2.213,23.1,44.4
66,2021040918,HXXID5,艾特网能空调1705,25.0,50.0,0,0.0,26.0,0,0.0,1,24.275000000000002,"[24.1, 24.5, 24.7, 25.0, 24.8, 26.0, 24.8, 24.4, 23.3, 23.2, 23.3, 23.4, 23.8, 23.8, 25.0, 24.3]",3.232,0.022000000000000002,23.1,44.4
67,2021040918,HXXID5,艾特网能空调1706,25.0,50.0,1,58.0,26.8,1,49.0,1,25.623076923076926,"[25.8, 24.5, 25.3, 24.2, 24.4, 24.3, 24.3, 25.3, 25.3, 25.6, 29.8, 29.3, 25.0]",4.401,2.23,23.1,44.4
68,2021040918,HXXID5,艾特网能空调1707,25.0,50.0,0,0.0,26.6,0,0.0,1,24.368125,"[24.3, 24.1, 24.0, 24.1, 24.1, 25.5, 26.3, 24.2, 25.0, 24.8, 25.0, 23.3, 23.8, 23.5, 23.8, 24.09]",15.811000000000002,0.0,23.1,44.4
69,2021040918,HXXID5,艾特网能空调1708,25.0,50.0,1,59.0,26.0,1,35.0,1,24.798823529411766,"[27.3, 24.4, 24.0, 24.4, 27.0, 24.09, 23.7, 23.8, 24.0, 25.3, 24.8, 24.6, 25.1, 25.2, 24.09, 25.5, 24.3]",9.358999999999998,2.525,23.1,44.4
70,2021040918,HXXID5,艾特网能空调1709,24.0,60.0,1,55.0,25.5,1,50.0,1,25.76666666666667,"[25.8, 24.6, 26.0, 26.6, 27.0, 25.3, 24.2, 25.8, 25.3, 26.1, 26.5, 26.0]",4.167,1.839,23.1,44.4
71,2021040918,HXXID5,艾特网能空调1710,25.0,50.0,0,0.0,25.5,0,0.0,1,26.35294117647059,"[30.0, 27.7, 27.3, 34.4, 24.5, 24.7, 24.5, 24.8, 26.1, 26.0, 26.6, 26.3, 25.0, 24.6, 25.8, 25.4, 24.3]",13.939,0.0,23.1,44.4
72,2021040919,HXXID5,艾特网能空调1704,25.0,50.0,1,56.0,26.7,1,46.0,1,24.44533333333334,"[24.09, 23.2, 22.9, 23.4, 23.6, 23.3, 23.3, 24.09, 26.3, 26.5, 26.0, 26.3, 24.6, 25.0, 24.1]",14.307000000000002,2.213,23.1,43.7
73,2021040919,HXXID5,艾特网能空调1710,25.0,50.0,0,0.0,25.6,0,0.0,1,26.15294117647059,"[30.0, 27.6, 27.3, 34.1, 24.0, 24.5, 23.8, 24.2, 25.8, 25.5, 26.8, 26.4, 24.8, 24.7, 25.5, 25.5, 24.1]",13.939,0.0,23.1,43.7
74,2021040919,HXXID5,艾特网能空调1709,24.0,60.0,1,52.0,25.3,1,47.0,1,25.558333333333326,"[25.5, 24.3, 25.6, 26.3, 26.8, 25.0, 24.1, 25.6, 25.2, 25.9, 26.5, 25.9]",4.167,1.839,23.1,43.7
75,2021040919,HXXID5,艾特网能空调1707,25.0,50.0,0,0.0,26.4,0,0.0,1,24.368125000000003,"[23.6, 24.0, 24.0, 24.1, 24.5, 24.9, 25.5, 24.8, 25.3, 24.5, 25.0, 23.8, 24.2, 23.6, 24.0, 24.09]",15.820000000000002,0.0,23.1,43.7
76,2021040919,HXXID5,艾特网能空调1703,24.0,50.0,1,79.0,26.0,1,52.0,1,24.98461538461538,"[23.8, 24.8, 26.1, 24.2, 25.2, 25.3, 25.0, 26.0, 24.7, 24.2, 24.5, 26.0, 25.0]",17.144000000000002,5.096,23.1,43.7
77,2021040919,HXXID5,艾特网能空调1706,25.0,50.0,1,57.0,26.7,1,46.0,1,25.76923076923077,"[25.8, 24.8, 25.6, 24.9, 24.5, 24.6, 24.5, 25.5, 25.7, 25.8, 29.7, 28.6, 25.0]",4.401,2.23,23.1,43.7
78,2021040919,HXXID5,艾特网能空调1708,25.0,50.0,1,61.0,26.0,1,34.0,1,24.58705882352941,"[27.3, 23.6, 23.8, 24.4, 26.9, 24.09, 23.5, 23.5, 23.8, 24.9, 24.5, 24.5, 25.0, 25.0, 24.09, 25.2, 23.9]",9.358999999999998,2.525,23.1,43.7
79,2021040919,HXXID5,艾特网能空调1705,25.0,50.0,0,0.0,26.2,0,0.0,1,24.20625,"[24.1, 25.0, 24.7, 25.5, 25.0, 25.8, 25.3, 24.1, 22.8, 22.7, 22.8, 22.8, 23.5, 23.9, 25.0, 24.3]",3.232,0.022000000000000002,23.1,43.7
80,2021040920,HXXID5,艾特网能空调1705,25.0,50.0,0,0.0,26.2,0,0.0,1,24.161875000000002,"[24.09, 24.5, 24.6, 25.1, 24.8, 26.0, 24.8, 24.2, 22.9, 22.9, 23.0, 23.3, 23.6, 23.8, 24.9, 24.1]",3.587,0.022000000000000002,22.3,44.9
81,2021040920,HXXID5,艾特网能空调1703,24.0,50.0,1,78.0,25.9,1,50.0,1,25.053846153846152,"[23.8, 25.0, 26.5, 24.3, 25.3, 25.3, 25.0, 26.2, 24.8, 24.2, 24.6, 25.9, 24.8]",17.176,5.096,22.3,44.9
82,2021040920,HXXID5,艾特网能空调1704,25.0,50.0,1,56.0,26.7,1,43.0,1,24.651999999999997,"[24.09, 23.3, 23.3, 23.8, 24.0, 23.7, 23.5, 24.09, 26.2, 26.6, 26.3, 26.5, 24.9, 25.2, 24.3]",14.808000000000003,2.213,22.3,44.9
83,2021040920,HXXID5,艾特网能空调1706,25.0,50.0,1,56.0,26.7,1,44.0,1,25.530769230769234,"[25.8, 24.4, 25.1, 24.2, 24.3, 24.3, 24.2, 25.3, 25.4, 25.5, 29.8, 28.6, 25.0]",4.337,2.23,22.3,44.9
84,2021040920,HXXID5,艾特网能空调1708,25.0,50.0,1,59.0,26.0,1,32.0,1,24.504705882352948,"[25.3, 23.8, 23.5, 24.2, 26.1, 24.09, 23.6, 23.8, 23.8, 25.1, 24.6, 24.6, 25.1, 25.3, 24.09, 25.5, 24.1]",9.69,2.525,22.3,44.9
85,2021040920,HXXID5,艾特网能空调1709,24.0,60.0,1,52.0,25.3,1,46.0,1,25.75,"[25.7, 24.7, 25.8, 26.4, 26.9, 25.1, 24.4, 26.1, 25.5, 25.9, 26.5, 26.0]",4.165,1.839,22.3,44.9
86,2021040920,HXXID5,艾特网能空调1710,25.0,50.0,0,0.0,25.5,0,0.0,1,25.64117647058824,"[29.6, 27.8, 27.2, 26.3, 24.0, 24.7, 23.8, 24.1, 25.6, 25.9, 26.6, 26.2, 24.9, 24.5, 25.3, 25.1, 24.3]",14.121000000000002,0.0,22.3,44.9
87,2021040920,HXXID5,艾特网能空调1707,25.0,50.0,0,0.0,26.7,0,0.0,1,24.005625000000002,"[23.8, 23.5, 23.5, 23.7, 24.0, 24.9, 25.6, 24.1, 24.7, 24.5, 24.4, 23.1, 23.6, 23.1, 23.5, 24.09]",16.383,0.0,22.3,44.9
88,2021040921,HXXID5,艾特网能空调1709,24.0,60.0,1,49.0,25.0,1,41.0,1,25.45833333333334,"[25.7, 24.4, 25.5, 26.2, 26.6, 24.8, 24.0, 25.6, 25.1, 25.9, 26.1, 25.6]",4.165,1.839,22.2,40.4
89,2021040921,HXXID5,艾特网能空调1707,25.0,50.0,0,0.0,26.6,0,0.0,1,24.061875,"[22.9, 23.6, 23.7, 23.7, 24.1, 24.6, 25.4, 24.3, 25.0, 24.2, 24.6, 23.5, 24.0, 23.5, 23.8, 24.09]",16.383,0.0,22.2,40.4
90,2021040921,HXXID5,艾特网能空调1706,25.0,50.0,1,55.0,26.6,1,44.0,1,25.876923076923074,"[25.8, 24.9, 25.9, 24.9, 24.3, 24.9, 24.4, 25.7, 26.0, 26.0, 29.8, 28.8, 25.0]",4.337,2.23,22.2,40.4
91,2021040921,HXXID5,艾特网能空调1708,25.0,50.0,1,55.0,25.8,1,25.0,1,24.287058823529414,"[27.7, 23.0, 23.4, 24.2, 25.7, 24.09, 23.3, 23.3, 23.3, 24.6, 24.1, 24.2, 24.8, 24.8, 24.09, 25.0, 23.3]",9.69,2.525,22.2,40.4
92,2021040921,HXXID5,艾特网能空调1704,25.0,50.0,1,53.0,26.4,1,38.0,1,24.06533333333333,"[24.09, 22.6, 22.2, 22.8, 23.1, 22.7, 22.5, 24.09, 26.1, 26.3, 25.6, 26.0, 24.4, 24.7, 23.8]",14.808000000000003,2.213,22.2,40.4
93,2021040921,HXXID5,艾特网能空调1703,24.0,50.0,1,78.0,25.8,1,50.0,1,24.52307692307693,"[23.3, 24.5, 25.4, 23.7, 24.8, 24.8, 24.5, 26.3, 24.3, 23.8, 23.8, 25.3, 24.3]",17.176,5.096,22.2,40.4
94,2021040921,HXXID5,艾特网能空调1705,25.0,50.0,0,0.0,26.2,0,0.0,1,24.061874999999997,"[24.09, 24.8, 25.1, 25.7, 25.3, 26.1, 25.3, 23.8, 22.8, 22.0, 22.0, 22.7, 22.7, 23.4, 24.8, 24.4]",3.587,0.022000000000000002,22.2,40.4
95,2021040921,HXXID5,艾特网能空调1710,25.0,50.0,0,0.0,25.6,0,0.0,1,25.72294117647059,"[29.7, 27.5, 27.6, 30.1, 23.6, 24.09, 23.5, 23.8, 25.1, 27.2, 26.6, 26.3, 24.5, 24.1, 24.8, 25.1, 23.7]",14.121000000000002,0.0,22.2,40.4
96,2021040922,HXXID5,艾特网能空调1710,25.0,50.0,0,0.0,25.4,0,0.0,1,25.670588235294115,"[30.0, 27.7, 27.8, 29.9, 23.8, 24.1, 23.7, 24.0, 25.0, 27.3, 26.5, 26.0, 23.9, 23.7, 25.0, 24.8, 23.2]",14.121000000000002,0.0,22.3,43.3
97,2021040922,HXXID5,艾特网能空调1709,24.0,60.0,1,47.0,24.8,1,35.0,1,25.425,"[25.8, 24.4, 25.5, 26.1, 26.6, 24.8, 24.0, 25.6, 25.2, 25.6, 26.0, 25.5]",4.165,1.839,22.3,43.3
98,2021040922,HXXID5,艾特网能空调1708,25.0,50.0,1,53.0,25.7,1,25.0,1,24.240000000000002,"[25.7, 23.3, 23.0, 23.9, 27.1, 24.09, 23.5, 23.4, 23.2, 24.7, 24.1, 24.1, 24.8, 24.8, 24.09, 25.0, 23.3]",9.69,2.525,22.3,43.3
99,2021040922,HXXID5,艾特网能空调1707,25.0,50.0,0,0.0,26.7,0,0.0,1,23.436874999999997,"[23.2, 22.8, 22.8, 23.1, 23.3, 24.3, 25.4, 23.5, 24.1, 23.8, 23.7, 22.5, 23.0, 22.5, 22.9, 24.09]",16.383,0.0,22.3,43.3
100,2021040922,HXXID5,艾特网能空调1706,25.0,50.0,1,53.0,26.4,1,38.0,1,25.930769230769233,"[25.9, 25.0, 25.9, 25.0, 24.7, 24.8, 24.4, 25.6, 25.9, 26.1, 29.0, 29.6, 25.2]",4.337,2.23,22.3,43.3
101,2021040922,HXXID5,艾特网能空调1705,25.0,50.0,0,0.0,26.0,0,0.0,1,23.955625,"[24.09, 24.9, 24.8, 25.6, 25.2, 26.3, 25.4, 23.6, 22.0, 22.0, 22.1, 22.2, 22.8, 23.5, 24.7, 24.1]",3.587,0.022000000000000002,22.3,43.3
102,2021040922,HXXID5,艾特网能空调1704,25.0,50.0,1,52.0,26.3,1,36.0,1,24.112000000000002,"[24.09, 22.8, 22.3, 22.8, 23.1, 22.8, 22.5, 24.09, 26.0, 26.4, 25.5, 26.1, 24.4, 24.8, 24.0]",14.808000000000003,2.213,22.3,43.3
103,2021040922,HXXID5,艾特网能空调1703,24.0,50.0,1,75.0,25.6,1,44.0,1,24.676923076923078,"[23.6, 24.3, 25.5, 23.8, 25.0, 25.0, 24.6, 26.6, 24.4, 23.7, 24.1, 25.6, 24.6]",17.176,5.096,22.3,43.3
104,2021040923,HXXID5,艾特网能空调1709,24.0,60.0,1,50.0,25.1,1,42.0,1,25.558333333333334,"[25.7, 24.5, 25.7, 26.3, 26.8, 25.0, 24.1, 25.7, 25.3, 25.5, 26.3, 25.8]",4.165,1.8030000000000002,22.0,46.2
105,2021040923,HXXID5,艾特网能空调1710,25.0,50.0,0,0.0,25.2,0,0.0,1,25.705882352941178,"[30.0, 28.0, 27.5, 28.6, 24.2, 24.5, 23.8, 24.1, 24.6, 27.5, 26.5, 26.1, 24.2, 24.0, 24.8, 25.0, 23.6]",14.121000000000002,0.0,22.0,46.2
106,2021040923,HXXID5,艾特网能空调1703,24.0,50.0,1,78.0,25.9,1,49.0,1,24.938461538461542,"[23.7, 24.6, 26.1, 24.2, 25.3, 25.4, 25.1, 26.5, 24.7, 23.9, 24.3, 25.8, 24.6]",17.176,5.827999999999999,22.0,46.2
107,2021040923,HXXID5,艾特网能空调1704,25.0,50.0,1,56.0,26.7,1,43.0,1,24.538666666666668,"[24.09, 23.3, 23.1, 23.6, 23.8, 23.5, 23.4, 24.09, 26.1, 26.5, 26.0, 26.4, 24.8, 25.1, 24.3]",14.808000000000003,2.37,22.0,46.2
108,2021040923,HXXID5,艾特网能空调1705,25.0,50.0,0,0.0,26.0,0,0.0,1,24.161875,"[24.09, 24.9, 25.1, 25.0, 24.9, 26.1, 25.0, 24.1, 22.9, 22.8, 23.0, 23.0, 23.1, 23.5, 24.9, 24.2]",3.587,0.022000000000000002,22.0,46.2
109,2021040923,HXXID5,艾特网能空调1706,25.0,50.0,1,56.0,26.7,1,43.0,1,25.861538461538462,"[26.0, 24.3, 25.9, 24.5, 24.7, 24.8, 24.7, 25.8, 25.3, 26.0, 29.3, 29.5, 25.4]",4.337,2.517,22.0,46.2
110,2021040923,HXXID5,艾特网能空调1707,25.0,50.0,0,0.0,26.7,0,0.0,1,23.836875,"[23.4, 23.1, 23.5, 23.8, 23.8, 24.4, 25.5, 23.8, 24.5, 23.9, 24.8, 22.9, 23.5, 23.1, 23.3, 24.09]",16.383,0.0,22.0,46.2
111,2021040923,HXXID5,艾特网能空调1708,25.0,50.0,1,59.0,26.0,1,32.0,1,24.45823529411765,"[24.7, 23.6, 23.6, 24.3, 26.9, 24.09, 23.3, 23.5, 23.9, 25.2, 24.6, 24.5, 25.0, 25.1, 24.1, 25.4, 24.0]",9.69,2.299,22.0,46.2
112,2021041006,HXXID5,艾特网能空调1704,25.0,50.0,1,53.0,26.4,1,36.0,1,24.06533333333333,"[24.09, 22.9, 22.2, 22.7, 23.0, 22.7, 22.5, 24.09, 26.0, 26.3, 25.6, 25.9, 24.4, 24.7, 23.9]",14.187999999999999,,21.6,47.3
113,2021041006,HXXID5,艾特网能空调1705,25.0,50.0,0,0.0,25.9,0,0.0,1,23.999375000000004,"[24.09, 25.0, 25.0, 25.8, 25.3, 26.3, 25.5, 23.6, 22.0, 22.0, 22.0, 22.1, 22.8, 23.5, 24.7, 24.3]",3.185,,21.6,47.3
114,2021041006,HXXID5,艾特网能空调1706,25.0,50.0,1,53.0,26.4,1,36.0,1,25.953846153846158,"[26.1, 24.9, 25.9, 25.0, 24.6, 24.5, 24.8, 25.9, 25.7, 26.0, 29.1, 29.6, 25.3]",4.335,,21.6,47.3
115,2021041006,HXXID5,艾特网能空调1707,25.0,50.0,0,0.0,26.7,0,0.0,1,23.693125000000002,"[23.2, 23.0, 23.2, 23.4, 23.6, 24.3, 25.8, 23.8, 24.5, 23.8, 24.0, 22.8, 23.3, 23.0, 23.3, 24.09]",16.029,,21.6,47.3
116,2021041006,HXXID5,艾特网能空调1708,25.0,50.0,1,55.0,25.8,1,25.0,1,24.110588235294117,"[24.7, 23.2, 23.3, 24.3, 25.8, 24.09, 23.3, 23.3, 23.3, 24.7, 24.1, 24.1, 24.8, 24.7, 24.09, 24.9, 23.2]",10.283,,21.6,47.3
117,2021041006,HXXID5,艾特网能空调1709,24.0,60.0,1,46.0,24.7,1,34.0,1,25.416666666666668,"[25.8, 24.4, 25.5, 26.1, 26.6, 24.8, 24.0, 25.6, 25.1, 25.6, 26.0, 25.5]",4.141,,21.6,47.3
118,2021041006,HXXID5,艾特网能空调1703,24.0,50.0,1,75.0,25.6,1,42.0,1,24.59230769230769,"[23.4, 24.4, 25.5, 23.6, 24.8, 25.0, 24.6, 26.9, 24.3, 23.5, 23.9, 25.4, 24.4]",17.026000000000003,,21.6,47.3
119,2021041006,HXXID5,艾特网能空调1710,25.0,50.0,0,0.0,25.1,0,0.0,1,25.682352941176468,"[28.5, 26.9, 28.0, 34.4, 23.6, 24.1, 23.5, 23.8, 25.3, 25.4, 26.3, 26.0, 24.0, 23.7, 24.9, 24.9, 23.3]",14.131,,21.6,47.3
120,2021041007,HXXID5,艾特网能空调1703,24.0,50.0,1,75.0,25.7,1,43.0,1,24.661538461538463,"[23.5, 24.4, 25.9, 23.8, 24.9, 25.1, 24.6, 26.6, 24.3, 23.5, 24.0, 25.5, 24.5]",17.026000000000003,,22.3,38.9
121,2021041007,HXXID5,艾特网能空调1704,25.0,50.0,1,53.0,26.4,1,36.0,1,24.145333333333333,"[24.09, 23.0, 22.3, 22.8, 23.1, 22.8, 22.6, 24.09, 26.0, 26.3, 25.8, 26.0, 24.5, 24.8, 24.0]",14.187999999999999,,22.3,38.9
122,2021041007,HXXID5,艾特网能空调1710,25.0,50.0,0,0.0,25.1,0,0.0,1,25.705882352941178,"[28.6, 26.8, 27.9, 34.5, 23.7, 24.1, 23.6, 23.9, 25.5, 25.4, 26.3, 25.9, 24.0, 23.7, 25.0, 24.8, 23.3]",14.131,,22.3,38.9
123,2021041007,HXXID5,艾特网能空调1707,25.0,50.0,0,0.0,26.7,0,0.0,1,23.711875000000003,"[23.2, 23.0, 23.3, 23.5, 23.6, 24.3, 25.7, 23.8, 24.5, 23.9, 24.1, 22.8, 23.3, 23.0, 23.3, 24.09]",16.029,,22.3,38.9
124,2021041007,HXXID5,艾特网能空调1708,25.0,50.0,1,59.0,26.0,1,31.0,1,24.30470588235294,"[26.8, 23.3, 23.4, 24.3, 25.8, 24.09, 23.4, 23.7, 23.4, 24.8, 24.2, 24.1, 24.8, 24.8, 24.09, 24.9, 23.3]",10.283,,22.3,38.9
125,2021041007,HXXID5,艾特网能空调1709,24.0,60.0,1,47.0,24.7,1,34.0,1,25.424999999999997,"[25.7, 24.4, 25.5, 26.1, 26.6, 24.8, 24.0, 25.7, 25.2, 25.6, 26.0, 25.5]",4.141,,22.3,38.9
126,2021041007,HXXID5,艾特网能空调1705,25.0,50.0,0,0.0,25.9,0,0.0,1,23.968125000000004,"[24.09, 24.8, 25.0, 25.5, 25.0, 26.4, 25.3, 23.7, 22.1, 22.0, 22.1, 22.3, 22.8, 23.5, 24.8, 24.1]",3.185,,22.3,38.9
127,2021041007,HXXID5,艾特网能空调1706,25.0,50.0,1,53.0,26.4,1,36.0,1,26.207692307692312,"[26.1, 25.2, 26.1, 24.8, 25.0, 25.0, 25.3, 26.3, 26.1, 26.1, 29.3, 29.8, 25.6]",4.335,,22.3,38.9
128,2021041008,HXXID5,艾特网能空调1707,25.0,50.0,0,0.0,26.8,0,0.0,1,23.830625,"[23.3, 23.2, 23.4, 23.6, 23.8, 24.5, 25.8, 23.8, 24.6, 23.9, 24.3, 23.0, 23.5, 23.1, 23.4, 24.09]",16.029,,23.2,36.4
129,2021041008,HXXID5,艾特网能空调1703,24.0,50.0,1,76.0,25.7,1,43.0,1,24.36923076923077,"[23.5, 24.4, 25.3, 23.5, 24.5, 24.6, 24.6, 26.1, 24.0, 23.5, 23.8, 25.0, 24.0]",17.026000000000003,,23.2,36.4
130,2021041008,HXXID5,艾特网能空调1704,25.0,50.0,1,53.0,26.4,1,36.0,1,24.125333333333334,"[24.09, 22.9, 22.3, 22.8, 23.1, 22.8, 22.6, 24.09, 26.0, 26.3, 25.8, 26.0, 24.4, 24.7, 24.0]",14.187999999999999,,23.2,36.4
131,2021041008,HXXID5,艾特网能空调1705,25.0,50.0,0,0.0,26.0,0,0.0,1,24.149375,"[24.09, 25.2, 25.0, 26.0, 25.5, 26.5, 25.3, 23.8, 22.2, 22.2, 22.3, 22.4, 23.0, 23.6, 24.8, 24.5]",3.185,,23.2,36.4
132,2021041008,HXXID5,艾特网能空调1706,25.0,50.0,1,53.0,26.4,1,37.0,1,26.16153846153846,"[26.1, 25.1, 26.1, 25.3, 24.9, 24.8, 25.0, 26.2, 26.0, 25.9, 29.5, 29.8, 25.4]",4.335,,23.2,36.4
133,2021041008,HXXID5,艾特网能空调1708,25.0,50.0,1,53.0,25.7,1,22.0,1,24.439999999999998,"[26.9, 23.5, 23.5, 24.3, 27.1, 24.09, 23.5, 23.6, 23.5, 24.8, 24.3, 24.2, 24.8, 24.9, 24.09, 25.0, 23.4]",10.283,,23.2,36.4
134,2021041008,HXXID5,艾特网能空调1709,24.0,60.0,1,46.0,24.7,1,35.0,1,25.458333333333332,"[25.7, 24.5, 25.5, 26.1, 26.6, 24.8, 24.1, 25.8, 25.3, 25.6, 26.0, 25.5]",4.141,,23.2,36.4
135,2021041008,HXXID5,艾特网能空调1710,25.0,50.0,0,0.0,25.0,0,0.0,1,25.58176470588235,"[28.6, 26.9, 28.0, 34.5, 23.4, 24.09, 23.2, 23.5, 24.9, 24.8, 26.3, 25.9, 24.1, 23.9, 24.4, 24.9, 23.5]",14.131,,23.2,36.4
136,2021041009,HXXID5,艾特网能空调1704,25.0,50.0,1,52.0,26.2,1,34.0,1,24.072,"[24.09, 22.8, 22.3, 22.8, 23.1, 22.7, 22.5, 24.09, 26.0, 26.2, 25.9, 25.8, 24.3, 24.7, 23.8]",14.187999999999999,2.046,24.0,40.8
137,2021041009,HXXID5,艾特网能空调1705,25.0,50.0,0,0.0,25.9,0,0.0,1,24.2,"[24.3, 25.3, 25.3, 26.0, 25.6, 26.6, 25.7, 23.8, 22.1, 22.1, 22.2, 22.3, 23.0, 23.7, 24.8, 24.4]",3.185,0.023,24.0,40.8
138,2021041009,HXXID5,艾特网能空调1706,25.0,50.0,1,53.0,26.4,1,38.0,1,26.307692307692307,"[26.3, 25.2, 26.3, 25.4, 25.0, 25.5, 24.6, 26.0, 26.0, 26.7, 29.5, 30.0, 25.5]",4.335,2.2030000000000003,24.0,40.8
139,2021041009,HXXID5,艾特网能空调1707,25.0,50.0,0,0.0,26.6,0,0.0,1,23.949375000000003,"[23.5, 23.3, 23.5, 23.7, 24.0, 24.6, 25.8, 24.0, 24.8, 24.1, 24.3, 23.1, 23.6, 23.3, 23.5, 24.09]",16.029,0.0,24.0,40.8
140,2021041009,HXXID5,艾特网能空调1708,25.0,50.0,1,58.0,25.9,1,31.0,1,24.29294117647059,"[26.1, 23.5, 23.5, 24.2, 26.0, 24.09, 23.6, 23.6, 23.5, 24.8, 24.2, 24.1, 24.8, 24.8, 24.09, 24.8, 23.3]",10.283,2.556,24.0,40.8
141,2021041009,HXXID5,艾特网能空调1709,24.0,60.0,1,47.0,24.8,1,35.0,1,25.349999999999998,"[25.7, 24.3, 25.5, 26.1, 26.5, 24.8, 24.0, 25.6, 25.1, 25.5, 25.8, 25.3]",4.141,1.548,24.0,40.8
142,2021041009,HXXID5,艾特网能空调1710,25.0,50.0,0,0.0,25.0,0,0.0,1,25.317058823529415,"[28.1, 26.6, 27.4, 34.2, 23.3, 24.09, 23.1, 23.5, 24.8, 24.8, 26.3, 25.9, 23.3, 23.3, 24.3, 24.6, 22.8]",14.131,0.0,24.0,40.8
143,2021041009,HXXID5,艾特网能空调1703,24.0,50.0,1,75.0,25.6,1,42.0,1,24.11538461538461,"[23.1, 24.0, 25.0, 23.3, 24.4, 24.5, 24.1, 26.0, 23.8, 23.0, 23.4, 25.0, 23.9]",17.026000000000003,5.733,24.0,40.8
144,2021041010,HXXID5,艾特网能空调1703,24.0,50.0,1,75.0,25.6,1,43.0,1,24.153846153846153,"[23.0, 24.0, 25.0, 23.4, 24.5, 24.5, 24.1, 26.0, 23.9, 23.1, 23.5, 25.0, 24.0]",17.026000000000003,5.733,24.5,35.4
145,2021041010,HXXID5,艾特网能空调1704,25.0,50.0,1,52.0,26.2,1,34.0,1,24.098666666666666,"[24.09, 23.0, 22.4, 22.9, 23.1, 22.8, 22.6, 24.09, 25.9, 26.1, 25.8, 25.9, 24.5, 24.6, 23.7]",14.187999999999999,2.046,24.5,35.4
146,2021041010,HXXID5,艾特网能空调1710,25.0,50.0,0,0.0,24.9,0,0.0,1,25.299411764705884,"[28.1, 26.6, 27.3, 34.0, 23.4, 24.09, 23.3, 23.6, 25.0, 24.7, 26.1, 25.7, 23.3, 23.3, 24.5, 24.4, 22.7]",14.131,0.0,24.5,35.4
147,2021041010,HXXID5,艾特网能空调1709,24.0,60.0,1,47.0,24.7,1,34.0,1,25.333333333333332,"[25.7, 24.3, 25.4, 26.1, 26.5, 24.8, 24.0, 25.7, 25.1, 25.3, 25.8, 25.3]",4.141,1.548,24.5,35.4
148,2021041010,HXXID5,艾特网能空调1708,25.0,50.0,1,58.0,25.9,1,31.0,1,24.351764705882353,"[26.1, 23.6, 23.6, 24.3, 25.9, 24.09, 23.6, 24.0, 23.6, 25.0, 24.3, 24.1, 24.8, 24.8, 24.09, 24.8, 23.3]",10.283,2.556,24.5,35.4
149,2021041010,HXXID5,艾特网能空调1707,25.0,50.0,0,0.0,26.7,0,0.0,1,23.993125,"[23.5, 23.3, 23.5, 23.8, 24.0, 24.6, 25.9, 24.1, 24.8, 24.1, 24.3, 23.2, 23.8, 23.3, 23.6, 24.09]",16.029,0.0,24.5,35.4
150,2021041010,HXXID5,艾特网能空调1706,25.0,50.0,1,52.0,26.3,1,36.0,1,26.50769230769231,"[26.5, 25.4, 26.4, 25.3, 25.1, 25.3, 25.5, 26.4, 26.5, 26.6, 29.8, 30.0, 25.8]",4.335,2.2030000000000003,24.5,35.4
151,2021041010,HXXID5,艾特网能空调1705,25.0,50.0,0,0.0,25.9,0,0.0,1,24.2375,"[24.3, 25.3, 25.5, 25.8, 25.6, 26.6, 25.7, 23.8, 22.2, 22.1, 22.3, 22.5, 23.0, 23.6, 24.9, 24.6]",3.185,0.023,24.5,35.4
152,2021041011,HXXID5,艾特网能空调1703,24.0,50.0,1,76.0,25.7,1,44.0,1,24.092307692307692,"[23.2, 24.1, 25.0, 23.3, 24.4, 24.5, 24.0, 25.8, 23.8, 23.0, 23.3, 24.9, 23.9]",17.026000000000003,5.733,25.2,36.9
153,2021041011,HXXID5,艾特网能空调1705,25.0,50.0,0,0.0,26.0,0,0.0,1,24.193749999999998,"[24.2, 25.1, 25.4, 25.8, 25.6, 26.6, 25.6, 23.8, 22.2, 22.1, 22.2, 22.4, 23.0, 23.6, 24.9, 24.6]",3.185,0.023,25.2,36.9
154,2021041011,HXXID5,艾特网能空调1706,25.0,50.0,1,53.0,26.4,1,38.0,1,26.37692307692308,"[26.4, 25.2, 26.3, 25.3, 25.1, 25.2, 25.3, 26.3, 26.0, 26.5, 29.6, 30.0, 25.7]",4.335,2.2030000000000003,25.2,36.9
155,2021041011,HXXID5,艾特网能空调1707,25.0,50.0,0,0.0,26.6,0,0.0,1,24.018125,"[23.6, 23.4, 23.6, 23.8, 24.0, 24.6, 25.9, 24.1, 24.8, 24.1, 24.4, 23.2, 23.8, 23.3, 23.6, 24.09]",16.029,0.0,25.2,36.9
156,2021041011,HXXID5,艾特网能空调1708,25.0,50.0,1,58.0,25.9,1,31.0,1,24.492941176470584,"[26.1, 23.6, 23.6, 24.3, 27.3, 24.09, 23.6, 23.7, 23.7, 25.1, 24.4, 24.3, 25.0, 25.0, 24.09, 25.1, 23.4]",10.283,2.556,25.2,36.9
157,2021041011,HXXID5,艾特网能空调1704,25.0,50.0,1,53.0,26.4,1,35.0,1,24.158666666666665,"[24.09, 23.1, 22.3, 22.8, 23.1, 22.8, 22.6, 24.09, 25.9, 26.2, 26.0, 26.0, 24.5, 24.9, 24.0]",14.187999999999999,2.046,25.2,36.9
158,2021041011,HXXID5,艾特网能空调1709,24.0,60.0,1,46.0,24.7,1,35.0,1,25.566666666666666,"[26.0, 24.8, 25.6, 26.2, 26.6, 24.8, 24.4, 26.1, 25.6, 25.4, 25.9, 25.4]",4.141,1.548,25.2,36.9
159,2021041011,HXXID5,艾特网能空调1710,25.0,50.0,0,0.0,24.9,0,0.0,1,25.29352941176471,"[28.3, 26.6, 27.3, 34.1, 23.4, 24.09, 23.3, 23.6, 25.0, 24.3, 26.1, 25.7, 23.3, 23.3, 24.5, 24.5, 22.6]",14.131,0.0,25.2,36.9
160,2021041012,HXXID5,艾特网能空调1707,25.0,50.0,0,0.0,26.9,0,0.0,1,24.024375,"[23.6, 23.5, 23.5, 23.6, 24.0, 24.7, 26.0, 24.1, 24.8, 24.2, 24.4, 23.2, 23.8, 23.3, 23.6, 24.09]",16.029,0.0,26.1,38.0
161,2021041012,HXXID5,艾特网能空调1710,25.0,50.0,0,0.0,24.9,0,0.0,1,25.364117647058826,"[28.3, 26.8, 27.1, 34.1, 23.8, 24.09, 23.3, 24.1, 24.8, 24.8, 26.1, 25.7, 23.4, 23.3, 24.3, 24.4, 22.8]",14.131,0.0,26.1,38.0
162,2021041012,HXXID5,艾特网能空调1703,24.0,50.0,1,75.0,25.6,1,42.0,1,24.392307692307693,"[23.2, 24.2, 25.6, 23.7, 24.8, 24.9, 24.1, 26.1, 24.2, 23.1, 23.8, 25.1, 24.3]",17.026000000000003,5.733,26.1,38.0
163,2021041012,HXXID5,艾特网能空调1704,25.0,50.0,1,53.0,26.4,1,35.0,1,24.272,"[24.09, 23.3, 22.6, 23.1, 23.4, 23.1, 22.7, 24.09, 26.0, 26.3, 26.0, 25.9, 24.5, 25.0, 24.0]",14.187999999999999,2.046,26.1,38.0
164,2021041012,HXXID5,艾特网能空调1705,25.0,50.0,0,0.0,26.2,0,0.0,1,24.243750000000002,"[24.4, 25.3, 25.1, 26.1, 25.4, 26.6, 25.8, 23.9, 22.2, 22.1, 22.4, 22.5, 23.1, 23.7, 24.8, 24.5]",3.185,0.023,26.1,38.0
165,2021041012,HXXID5,艾特网能空调1706,25.0,50.0,1,55.0,26.6,1,41.0,1,26.092307692307692,"[26.2, 24.8, 26.0, 25.3, 24.7, 24.8, 25.0, 26.0, 25.4, 26.1, 29.5, 30.0, 25.4]",4.335,2.2030000000000003,26.1,38.0
166,2021041012,HXXID5,艾特网能空调1708,25.0,50.0,1,55.0,25.7,1,25.0,1,24.61647058823529,"[27.9, 23.6, 23.5, 24.3, 27.2, 24.09, 23.7, 23.5, 23.6, 25.0, 24.4, 24.4, 25.1, 25.2, 24.09, 25.3, 23.6]",10.283,2.556,26.1,38.0
167,2021041012,HXXID5,艾特网能空调1709,24.0,60.0,1,46.0,24.6,1,34.0,1,25.71666666666667,"[26.1, 25.0, 25.7, 26.3, 26.8, 25.0, 24.6, 26.3, 25.8, 25.5, 26.0, 25.5]",4.141,1.548,26.1,38.0
168,2021041013,HXXID5,艾特网能空调1703,24.0,50.0,1,76.0,25.7,1,43.0,1,25.292307692307695,"[23.8, 24.8, 26.4, 24.4, 25.5, 25.6, 25.3, 26.9, 25.1, 24.5, 24.8, 26.3, 25.4]",17.026000000000003,5.733,26.9,41.7
169,2021041013,HXXID5,艾特网能空调1710,25.0,50.0,0,0.0,24.9,0,0.0,1,26.058823529411764,"[29.0, 27.4, 28.2, 34.4, 24.3, 24.6, 24.0, 24.5, 25.6, 25.9, 26.3, 25.9, 24.6, 24.2, 25.3, 24.8, 24.0]",14.131,0.0,26.9,41.7
170,2021041013,HXXID5,艾特网能空调1704,25.0,50.0,1,55.0,26.6,1,43.0,1,24.512000000000004,"[24.09, 23.3, 23.3, 23.1, 23.4, 23.8, 23.5, 24.09, 26.1, 26.5, 26.2, 26.1, 24.8, 25.1, 24.3]",14.187999999999999,2.046,26.9,41.7
171,2021041013,HXXID5,艾特网能空调1709,24.0,60.0,1,50.0,25.1,1,40.0,1,25.616666666666664,"[26.1, 24.6, 25.8, 26.4, 26.8, 25.1, 24.0, 25.6, 25.0, 25.7, 26.4, 25.9]",4.141,1.548,26.9,41.7
172,2021041013,HXXID5,艾特网能空调1705,25.0,50.0,0,0.0,26.0,0,0.0,1,24.149375,"[24.09, 24.3, 24.5, 25.3, 24.8, 26.2, 24.9, 24.1, 23.0, 23.0, 23.1, 23.2, 23.3, 23.7, 24.9, 24.0]",3.185,0.023,26.9,41.7
173,2021041013,HXXID5,艾特网能空调1706,25.0,50.0,1,55.0,26.6,1,43.0,1,25.583846153846157,"[25.8, 24.6, 25.5, 24.1, 24.3, 24.3, 24.09, 25.1, 25.5, 25.6, 29.6, 29.1, 25.0]",4.335,2.2030000000000003,26.9,41.7
174,2021041013,HXXID5,艾特网能空调1707,25.0,50.0,0,0.0,26.8,0,0.0,1,23.630625,"[23.0, 23.0, 23.3, 23.8, 23.7, 24.2, 25.5, 23.5, 24.8, 23.6, 24.5, 22.5, 23.0, 22.6, 23.0, 24.09]",16.029,0.0,26.9,41.7
175,2021041013,HXXID5,艾特网能空调1708,25.0,50.0,1,61.0,26.2,1,37.0,1,24.539999999999996,"[26.1, 23.7, 23.7, 24.2, 27.4, 24.09, 23.6, 23.6, 23.8, 25.0, 24.5, 24.3, 25.0, 24.9, 24.09, 25.2, 24.0]",10.283,2.556,26.9,41.7
176,2021041014,HXXID5,艾特网能空调1703,24.0,50.0,1,78.0,25.8,1,50.0,1,25.299999999999994,"[24.2, 24.8, 26.3, 24.4, 25.5, 25.6, 25.3, 26.5, 25.1, 24.6, 24.8, 26.4, 25.4]",17.026000000000003,5.733,27.5,43.1
177,2021041014,HXXID5,艾特网能空调1708,25.0,50.0,1,55.0,25.8,1,28.0,1,24.810588235294116,"[27.8, 24.1, 24.1, 24.5, 27.3, 24.09, 23.7, 23.9, 24.1, 25.3, 24.7, 24.4, 25.0, 25.1, 24.09, 25.3, 24.3]",10.283,2.556,27.5,43.1
178,2021041014,HXXID5,艾特网能空调1704,25.0,50.0,1,56.0,26.7,1,46.0,1,24.73866666666667,"[24.09, 23.6, 23.6, 23.8, 24.1, 23.8, 23.9, 24.09, 26.3, 26.6, 26.3, 26.5, 25.0, 25.1, 24.3]",14.187999999999999,2.046,27.5,43.1
179,2021041014,HXXID5,艾特网能空调1705,25.0,50.0,0,0.0,26.2,0,0.0,1,24.211875000000003,"[24.09, 24.4, 24.6, 24.9, 24.6, 26.1, 24.7, 24.4, 23.1, 23.1, 23.2, 23.5, 23.6, 23.8, 25.0, 24.3]",3.185,0.023,27.5,43.1
180,2021041014,HXXID5,艾特网能空调1707,25.0,50.0,0,0.0,26.7,0,0.0,1,24.480625,"[24.0, 23.8, 24.0, 24.3, 24.5, 25.1, 26.0, 24.6, 25.3, 25.1, 25.1, 23.7, 24.3, 23.8, 24.0, 24.09]",16.029,0.0,27.5,43.1
181,2021041014,HXXID5,艾特网能空调1709,24.0,60.0,1,52.0,25.2,1,46.0,1,25.616666666666664,"[25.7, 24.3, 25.7, 26.5, 26.9, 25.1, 24.0, 25.6, 25.1, 26.0, 26.5, 26.0]",4.141,1.548,27.5,43.1
182,2021041014,HXXID5,艾特网能空调1710,25.0,50.0,0,0.0,25.3,0,0.0,1,26.376470588235293,"[30.1, 27.5, 28.0, 34.0, 24.5, 24.6, 24.3, 24.5, 26.1, 25.8, 26.7, 26.3, 25.3, 24.9, 25.8, 25.5, 24.5]",14.131,0.0,27.5,43.1
183,2021041014,HXXID5,艾特网能空调1706,25.0,50.0,1,55.0,26.6,1,44.0,1,25.54615384615385,"[25.8, 24.3, 25.0, 24.0, 24.3, 24.3, 24.3, 25.4, 25.3, 25.6, 29.8, 29.0, 25.0]",4.335,2.2030000000000003,27.5,43.1
184,2021041015,HXXID5,艾特网能空调1703,24.0,50.0,1,78.0,25.9,1,52.0,1,25.138461538461538,"[24.2, 24.7, 26.1, 24.2, 25.3, 25.5, 25.0, 26.5, 25.1, 24.3, 24.6, 26.1, 25.2]",17.026000000000003,5.733,28.1,45.8
185,2021041015,HXXID5,艾特网能空调1705,25.0,50.0,0,0.0,26.3,0,0.0,1,24.162499999999998,"[24.1, 24.6, 24.9, 24.8, 25.0, 26.0, 24.8, 24.1, 22.6, 22.6, 23.3, 22.9, 23.8, 23.8, 25.0, 24.3]",3.185,0.023,28.1,45.8
186,2021041015,HXXID5,艾特网能空调1710,25.0,50.0,0,0.0,25.4,0,0.0,1,26.27058823529412,"[30.0, 27.5, 27.3, 34.3, 24.2, 24.4, 24.3, 24.4, 26.1, 25.6, 26.8, 26.4, 25.1, 24.7, 25.8, 25.5, 24.2]",14.131,0.0,28.1,45.8
187,2021041015,HXXID5,艾特网能空调1706,25.0,50.0,1,56.0,26.7,1,44.0,1,25.707692307692305,"[25.9, 24.5, 25.0, 24.5, 24.4, 24.6, 24.4, 25.5, 25.3, 25.9, 29.8, 29.4, 25.0]",4.335,2.2030000000000003,28.1,45.8
188,2021041015,HXXID5,艾特网能空调1707,25.0,50.0,0,0.0,26.6,0,0.0,1,24.705625,"[24.3, 24.1, 24.1, 24.1, 24.5, 25.5, 26.3, 25.1, 25.7, 25.1, 25.3, 24.1, 24.6, 24.1, 24.3, 24.09]",16.029,0.0,28.1,45.8
189,2021041015,HXXID5,艾特网能空调1708,25.0,50.0,1,58.0,25.9,1,28.0,1,24.610588235294117,"[26.8, 24.4, 23.9, 24.4, 27.0, 24.09, 23.9, 23.5, 23.8, 25.0, 24.5, 24.3, 24.9, 24.8, 24.09, 25.1, 23.9]",10.283,2.556,28.1,45.8
190,2021041015,HXXID5,艾特网能空调1704,25.0,50.0,1,58.0,26.8,1,50.0,1,24.825333333333337,"[24.09, 23.6, 23.6, 24.1, 24.3, 24.1, 23.2, 24.09, 26.3, 26.8, 26.5, 26.8, 25.1, 25.3, 24.5]",14.187999999999999,2.046,28.1,45.8
191,2021041015,HXXID5,艾特网能空调1709,24.0,60.0,1,53.0,25.4,1,49.0,1,25.608333333333334,"[25.9, 24.5, 25.8, 26.5, 27.0, 25.1, 23.8, 25.5, 25.0, 26.0, 26.4, 25.8]",4.141,1.548,28.1,45.8
192,2021041016,HXXID5,艾特网能空调1703,24.0,50.0,1,78.0,25.8,1,49.0,1,25.300000000000004,"[24.0, 24.9, 26.6, 24.4, 25.5, 25.6, 25.3, 26.9, 24.9, 24.4, 24.8, 26.3, 25.3]",17.006,5.733,26.8,51.9
193,2021041016,HXXID5,艾特网能空调1709,24.0,60.0,1,50.0,25.1,1,43.0,1,25.59166666666667,"[25.5, 24.4, 25.6, 26.3, 26.8, 25.0, 24.1, 25.8, 25.3, 25.9, 26.5, 25.9]",4.052,1.548,26.8,51.9
194,2021041016,HXXID5,艾特网能空调1708,25.0,50.0,1,58.0,25.9,1,32.0,1,24.451764705882354,"[26.8, 23.6, 23.5, 24.2, 26.0, 24.09, 23.5, 23.5, 23.5, 24.9, 24.4, 24.4, 25.0, 25.1, 24.09, 25.3, 23.8]",9.943999999999997,2.556,26.8,51.9
195,2021041016,HXXID5,艾特网能空调1707,25.0,50.0,0,0.0,26.6,0,0.0,1,23.943125,"[23.5, 23.3, 23.5, 23.6, 23.8, 24.5, 25.5, 24.1, 24.8, 24.1, 24.4, 23.3, 23.7, 23.3, 23.6, 24.09]",16.482999999999997,0.0,26.8,51.9
196,2021041016,HXXID5,艾特网能空调1706,25.0,50.0,1,55.0,26.6,1,44.0,1,25.83846153846154,"[25.9, 24.8, 25.8, 24.6, 24.6, 24.5, 24.4, 25.6, 25.8, 25.8, 29.8, 29.1, 25.2]",4.356999999999999,2.2030000000000003,26.8,51.9
197,2021041016,HXXID5,艾特网能空调1705,25.0,50.0,0,0.0,26.3,0,0.0,1,24.111875,"[24.09, 24.8, 24.8, 25.4, 25.0, 25.9, 25.3, 23.9, 22.5, 22.5, 22.6, 22.7, 23.3, 23.7, 25.0, 24.3]",3.1839999999999997,0.023,26.8,51.9
198,2021041016,HXXID5,艾特网能空调1704,25.0,50.0,1,55.0,26.6,1,42.0,1,24.418666666666663,"[24.09, 23.1, 22.9, 23.4, 23.7, 23.4, 23.0, 24.09, 26.2, 26.5, 26.0, 26.2, 24.6, 24.9, 24.2]",14.802,2.046,26.8,51.9
199,2021041016,HXXID5,艾特网能空调1710,25.0,50.0,0,0.0,25.5,0,0.0,1,26.27058823529412,"[29.5, 27.5, 28.0, 33.8, 24.4, 24.8, 24.1, 24.5, 26.1, 25.8, 26.7, 26.3, 25.0, 24.6, 25.8, 25.4, 24.3]",14.022,0.0,26.8,51.9
200,2021041017,HXXID5,艾特网能空调1703,24.0,50.0,1,78.0,25.8,1,49.0,1,25.323076923076922,"[24.1, 25.0, 26.5, 24.5, 25.5, 25.6, 25.3, 26.4, 25.0, 24.5, 24.9, 26.4, 25.5]",17.006,5.733,25.6,57.1
201,2021041017,HXXID5,艾特网能空调1704,25.0,50.0,1,56.0,26.7,1,43.0,1,24.538666666666664,"[24.09, 23.5, 22.9, 23.3, 23.6, 23.5, 23.6, 24.09, 26.2, 26.5, 26.1, 26.3, 24.8, 25.2, 24.4]",14.802,2.046,25.6,57.1
202,2021041017,HXXID5,艾特网能空调1705,25.0,50.0,0,0.0,26.2,0,0.0,1,24.193125,"[24.09, 24.7, 24.6, 25.3, 25.0, 25.9, 25.0, 24.1, 22.9, 22.9, 23.0, 23.3, 23.4, 23.7, 24.9, 24.3]",3.1839999999999997,0.023,25.6,57.1
203,2021041017,HXXID5,艾特网能空调1706,25.0,50.0,1,56.0,26.7,1,44.0,1,25.615384615384617,"[25.8, 24.4, 25.4, 24.6, 24.2, 24.3, 24.3, 25.4, 25.2, 25.6, 29.8, 29.0, 25.0]",4.356999999999999,2.2030000000000003,25.6,57.1
204,2021041017,HXXID5,艾特网能空调1707,25.0,50.0,0,0.0,26.6,0,0.0,1,23.724375,"[23.3, 23.1, 23.3, 23.6, 23.7, 24.3, 25.1, 23.8, 24.5, 24.0, 24.2, 22.9, 23.4, 23.0, 23.3, 24.09]",16.482999999999997,0.0,25.6,57.1
205,2021041017,HXXID5,艾特网能空调1708,25.0,50.0,1,58.0,25.9,1,32.0,1,24.445882352941176,"[24.8, 23.4, 23.5, 24.1, 27.0, 24.09, 23.4, 23.6, 23.7, 25.1, 24.6, 24.5, 25.0, 25.1, 24.09, 25.4, 24.2]",9.943999999999997,2.556,25.6,57.1
206,2021041017,HXXID5,艾特网能空调1709,24.0,60.0,1,52.0,25.2,1,44.0,1,25.65833333333333,"[25.9, 24.5, 25.7, 26.3, 26.8, 25.1, 24.1, 25.7, 25.3, 26.0, 26.5, 26.0]",4.052,1.548,25.6,57.1
207,2021041017,HXXID5,艾特网能空调1710,25.0,50.0,0,0.0,25.4,0,0.0,1,26.311764705882354,"[30.1, 27.6, 27.6, 34.1, 24.5, 24.8, 24.2, 24.5, 26.1, 25.8, 26.8, 26.4, 24.9, 24.6, 25.7, 25.5, 24.1]",14.022,0.0,25.6,57.1
208,2021041018,HXXID5,艾特网能空调1709,24.0,60.0,1,55.0,25.5,1,49.0,1,25.708333333333332,"[25.7, 24.5, 25.8, 26.5, 26.9, 25.1, 24.3, 25.8, 25.4, 26.0, 26.5, 26.0]",4.052,1.548,25.1,53.7
209,2021041018,HXXID5,艾特网能空调1705,25.0,50.0,0,0.0,26.2,0,0.0,1,24.218125000000004,"[24.09, 24.4, 24.6, 24.9, 24.6, 26.0, 24.8, 24.1, 23.3, 23.3, 23.3, 23.5, 23.6, 23.7, 25.0, 24.3]",3.1839999999999997,0.023,25.1,53.7
210,2021041018,HXXID5,艾特网能空调1706,25.0,50.0,1,56.0,26.6,1,44.0,1,25.530769230769234,"[25.8, 24.3, 25.2, 24.1, 24.3, 24.3, 24.3, 25.3, 25.3, 25.8, 29.7, 28.5, 25.0]",4.356999999999999,2.2030000000000003,25.1,53.7
211,2021041018,HXXID5,艾特网能空调1707,25.0,50.0,0,0.0,26.6,0,0.0,1,24.174375,"[23.7, 23.6, 23.9, 24.3, 24.3, 24.8, 25.5, 24.1, 24.8, 24.3, 25.0, 23.3, 23.8, 23.5, 23.8, 24.09]",16.482999999999997,0.0,25.1,53.7
212,2021041018,HXXID5,艾特网能空调1708,25.0,50.0,1,61.0,26.0,1,36.0,1,24.617058823529412,"[25.1, 24.1, 24.0, 24.4, 26.1, 24.09, 23.6, 23.8, 24.1, 25.3, 24.8, 24.6, 25.1, 25.3, 24.2, 25.5, 24.4]",9.943999999999997,2.556,25.1,53.7
213,2021041018,HXXID5,艾特网能空调1710,25.0,50.0,0,0.0,25.6,0,0.0,1,26.329411764705885,"[30.3, 27.6, 27.5, 34.3, 24.5, 24.7, 24.1, 24.5, 26.0, 25.5, 26.8, 26.4, 25.0, 24.8, 25.8, 25.5, 24.3]",14.022,0.0,25.1,53.7
214,2021041018,HXXID5,艾特网能空调1703,24.0,50.0,1,79.0,26.0,1,51.0,1,25.23846153846154,"[24.1, 24.9, 26.2, 24.5, 25.5, 25.6, 25.4, 26.0, 25.1, 24.4, 24.8, 26.3, 25.3]",17.006,5.733,25.1,53.7
215,2021041018,HXXID5,艾特网能空调1704,25.0,50.0,1,58.0,26.8,1,46.0,1,24.745333333333335,"[24.09, 23.6, 23.4, 23.9, 24.1, 23.8, 23.6, 24.09, 26.3, 26.6, 26.5, 26.6, 25.0, 25.2, 24.4]",14.802,2.046,25.1,53.7
216,2021041019,HXXID5,艾特网能空调1709,24.0,60.0,1,52.0,25.3,1,46.0,1,25.558333333333337,"[25.7, 24.2, 25.8, 26.5, 26.9, 25.1, 23.8, 25.4, 24.8, 26.0, 26.5, 26.0]",4.052,2.061,24.3,55.1
217,2021041019,HXXID5,艾特网能空调1710,25.0,50.0,0,0.0,25.6,0,0.0,1,26.0764705882353,"[30.1, 27.4, 27.3, 34.1, 24.0, 24.5, 23.9, 24.2, 25.8, 25.3, 26.8, 26.4, 24.5, 24.3, 25.6, 25.3, 23.8]",14.022,0.0,24.3,55.1
218,2021041019,HXXID5,艾特网能空调1707,25.0,50.0,0,0.0,26.4,0,0.0,1,24.393124999999998,"[24.0, 23.8, 23.9, 24.0, 24.3, 24.9, 25.8, 24.8, 25.2, 24.8, 24.9, 23.8, 24.3, 23.7, 24.0, 24.09]",16.482999999999997,0.0,24.3,55.1
219,2021041019,HXXID5,艾特网能空调1706,25.0,50.0,1,56.0,26.7,1,46.0,1,26.00769230769231,"[26.0, 24.7, 25.7, 24.8, 24.7, 24.8, 25.1, 26.0, 25.8, 26.1, 30.0, 29.0, 25.4]",4.356999999999999,2.617,24.3,55.1
220,2021041019,HXXID5,艾特网能空调1704,25.0,50.0,1,56.0,26.7,1,45.0,1,24.51866666666667,"[24.09, 23.2, 23.1, 23.6, 23.8, 23.5, 23.5, 24.09, 26.3, 26.5, 26.1, 26.3, 24.6, 25.0, 24.1]",14.802,2.488,24.3,55.1
221,2021041019,HXXID5,艾特网能空调1703,24.0,50.0,1,78.0,25.9,1,50.0,1,24.930769230769233,"[23.8, 24.6, 25.7, 24.3, 25.3, 25.3, 24.9, 26.0, 24.8, 24.0, 24.4, 26.0, 25.0]",17.006,6.081,24.3,55.1
222,2021041019,HXXID5,艾特网能空调1708,25.0,50.0,1,58.0,25.9,1,28.0,1,24.428235294117645,"[26.8, 24.1, 23.8, 24.3, 25.8, 24.09, 23.5, 23.6, 23.6, 24.8, 24.3, 24.2, 24.7, 24.8, 24.09, 25.0, 23.8]",9.943999999999997,2.9160000000000004,24.3,55.1
223,2021041019,HXXID5,艾特网能空调1705,25.0,50.0,0,0.0,26.2,0,0.0,1,24.168125000000003,"[24.09, 24.9, 25.0, 25.3, 25.0, 25.8, 25.2, 24.4, 22.5, 22.5, 22.6, 23.0, 23.3, 23.6, 25.0, 24.5]",3.1839999999999997,0.022000000000000002,24.3,55.1
224,2021041020,HXXID5,艾特网能空调1703,24.0,50.0,1,78.0,25.9,1,51.0,1,25.138461538461545,"[23.8, 24.8, 26.1, 24.1, 25.1, 25.3, 25.1, 25.8, 24.8, 24.3, 25.6, 26.2, 25.8]",17.006,6.081,24.5,55.1
225,2021041020,HXXID5,艾特网能空调1704,25.0,50.0,1,56.0,26.7,1,44.0,1,24.872,"[24.09, 24.0, 24.9, 24.8, 23.9, 23.6, 24.3, 24.09, 26.1, 26.5, 26.3, 26.4, 24.8, 25.1, 24.2]",14.802,2.488,24.5,55.1
226,2021041020,HXXID5,艾特网能空调1705,25.0,50.0,0,0.0,26.3,0,0.0,1,24.386875,"[24.09, 24.5, 24.8, 25.0, 24.8, 26.0, 24.9, 24.0, 23.2, 23.2, 24.8, 23.5, 23.5, 24.6, 25.0, 24.3]",3.1839999999999997,0.022000000000000002,24.5,55.1
227,2021041020,HXXID5,艾特网能空调1706,25.0,50.0,1,56.0,26.7,1,46.0,1,25.61538461538462,"[25.8, 24.6, 25.3, 24.3, 24.3, 24.5, 24.3, 25.4, 25.4, 25.8, 29.8, 28.5, 25.0]",4.356999999999999,2.617,24.5,55.1
228,2021041020,HXXID5,艾特网能空调1707,25.0,50.0,0,0.0,26.6,0,0.0,1,24.505625,"[23.8, 23.7, 23.9, 24.2, 24.3, 24.9, 25.7, 24.4, 25.6, 24.5, 24.9, 23.5, 24.0, 25.3, 25.3, 24.09]",16.482999999999997,0.0,24.5,55.1
229,2021041020,HXXID5,艾特网能空调1708,25.0,50.0,1,59.0,26.0,1,35.0,1,24.751764705882348,"[26.8, 24.0, 24.5, 24.4, 27.1, 24.09, 23.6, 23.9, 24.1, 25.1, 24.7, 24.5, 25.0, 25.2, 24.09, 25.4, 24.3]",9.943999999999997,2.9160000000000004,24.5,55.1
230,2021041020,HXXID5,艾特网能空调1709,24.0,60.0,1,53.0,25.4,1,46.0,1,25.59166666666667,"[25.6, 24.4, 25.6, 26.3, 26.6, 24.9, 24.1, 25.9, 25.8, 25.8, 26.3, 25.8]",4.052,2.061,24.5,55.1
231,2021041020,HXXID5,艾特网能空调1710,25.0,50.0,0,0.0,25.5,0,0.0,1,26.45294117647059,"[30.5, 27.6, 27.1, 34.1, 24.3, 24.6, 24.0, 24.4, 25.7, 25.4, 26.6, 26.1, 26.7, 25.9, 25.5, 25.2, 26.0]",14.022,0.0,24.5,55.1
232,2021041021,HXXID5,艾特网能空调1704,25.0,50.0,1,55.0,26.6,1,44.0,1,24.285333333333334,"[24.09, 22.6, 22.6, 23.4, 23.6, 23.2, 22.3, 24.09, 26.3, 26.6, 25.6, 26.0, 24.6, 25.1, 24.2]",14.802,2.488,24.2,55.9
233,2021041021,HXXID5,艾特网能空调1709,24.0,60.0,1,49.0,25.0,1,40.0,1,25.683333333333334,"[25.8, 24.4, 26.0, 26.5, 26.9, 25.2, 24.0, 25.6, 25.2, 26.0, 26.6, 26.0]",4.052,2.061,24.2,55.9
234,2021041021,HXXID5,艾特网能空调1708,25.0,50.0,1,54.0,25.7,1,24.0,1,24.110588235294117,"[26.3, 22.8, 23.3, 23.8, 26.7, 24.09, 23.7, 23.1, 23.0, 24.3, 23.8, 23.9, 24.6, 24.6, 24.09, 24.8, 23.0]",9.943999999999997,2.9160000000000004,24.2,55.9
235,2021041021,HXXID5,艾特网能空调1707,25.0,50.0,0,0.0,26.4,0,0.0,1,24.349375,"[23.9, 23.6, 23.6, 23.7, 23.9, 24.8, 25.8, 25.2, 25.1, 25.0, 24.4, 24.2, 24.5, 23.8, 24.0, 24.09]",16.482999999999997,0.0,24.2,55.9
236,2021041021,HXXID5,艾特网能空调1706,25.0,50.0,1,56.0,26.7,1,46.0,1,26.05384615384615,"[26.0, 25.3, 25.8, 25.3, 24.4, 25.3, 24.7, 25.9, 26.1, 26.5, 29.5, 28.7, 25.2]",4.356999999999999,2.617,24.2,55.9
237,2021041021,HXXID5,艾特网能空调1705,25.0,50.0,0,0.0,26.3,0,0.0,1,23.905625,"[24.09, 25.0, 25.3, 25.4, 25.3, 25.8, 25.5, 24.5, 21.2, 21.3, 22.3, 21.5, 23.5, 22.8, 24.6, 24.4]",3.1839999999999997,0.022000000000000002,24.2,55.9
238,2021041021,HXXID5,艾特网能空调1703,24.0,50.0,1,78.0,25.9,1,50.0,1,25.192307692307697,"[24.3, 24.6, 25.9, 24.9, 26.0, 26.0, 24.7, 26.5, 25.3, 25.0, 24.2, 25.6, 24.5]",17.006,6.081,24.2,55.9
239,2021041021,HXXID5,艾特网能空调1710,25.0,50.0,0,0.0,25.6,0,0.0,1,26.429411764705883,"[30.0, 27.5, 27.3, 34.6, 25.0, 24.3, 24.9, 24.7, 26.5, 25.4, 26.8, 26.5, 24.9, 24.8, 26.5, 25.6, 24.0]",14.022,0.0,24.2,55.9
240,2021041022,HXXID5,艾特网能空调1709,24.0,60.0,1,46.0,24.6,1,31.0,1,25.433333333333337,"[25.6, 24.6, 25.3, 26.0, 26.4, 24.6, 24.1, 25.8, 25.5, 25.6, 26.1, 25.6]",4.052,2.061,24.0,57.3
241,2021041022,HXXID5,艾特网能空调1708,25.0,50.0,1,55.0,25.8,1,24.0,1,24.010588235294122,"[24.5, 23.1, 23.3, 24.1, 25.6, 24.09, 23.4, 23.8, 23.3, 24.6, 24.0, 23.8, 24.5, 24.6, 24.09, 24.6, 22.8]",9.943999999999997,2.9160000000000004,24.0,57.3
242,2021041022,HXXID5,艾特网能空调1707,25.0,50.0,0,0.0,26.7,0,0.0,1,23.674375,"[23.0, 23.0, 23.3, 23.8, 23.8, 24.2, 26.0, 23.4, 24.5, 23.8, 24.3, 22.5, 23.5, 22.8, 22.8, 24.09]",16.508000000000003,0.0,24.0,57.3
243,2021041022,HXXID5,艾特网能空调1706,25.0,50.0,1,52.0,26.4,1,35.0,1,26.49230769230769,"[26.4, 25.7, 26.1, 25.5, 25.0, 25.5, 25.5, 26.5, 26.6, 26.8, 29.5, 29.7, 25.6]",4.356999999999999,2.617,24.0,57.3
244,2021041022,HXXID5,艾特网能空调1705,25.0,50.0,0,0.0,26.3,0,0.0,1,23.824375000000003,"[24.09, 25.3, 25.6, 25.8, 25.8, 26.5, 25.6, 23.3, 21.3, 21.3, 21.3, 21.5, 22.3, 22.8, 24.4, 24.3]",3.1839999999999997,0.022000000000000002,24.0,57.3
245,2021041022,HXXID5,艾特网能空调1704,25.0,50.0,1,52.0,26.3,1,34.0,1,23.858666666666668,"[24.09, 22.8, 21.7, 22.2, 22.6, 22.3, 22.0, 24.09, 26.0, 26.2, 25.4, 25.8, 24.2, 24.7, 23.8]",14.802,2.488,24.0,57.3
246,2021041022,HXXID5,艾特网能空调1703,24.0,50.0,1,75.0,25.6,1,43.0,1,24.461538461538467,"[23.3, 24.3, 25.7, 23.7, 24.7, 24.9, 24.3, 26.5, 24.3, 23.3, 23.7, 25.2, 24.1]",17.006,6.081,24.0,57.3
247,2021041022,HXXID5,艾特网能空调1710,25.0,50.0,0,0.0,25.4,0,0.0,1,25.675882352941176,"[29.3, 27.0, 27.9, 34.1, 23.6, 24.09, 23.4, 23.6, 25.3, 25.3, 26.5, 26.1, 23.7, 23.6, 24.9, 25.0, 23.1]",14.022,0.0,24.0,57.3
248,2021041023,HXXID5,艾特网能空调1710,25.0,50.0,0,0.0,25.2,0,0.0,1,25.635294117647057,"[29.4, 27.1, 27.6, 34.3, 23.8, 24.3, 23.3, 23.9, 25.0, 25.5, 26.3, 25.9, 23.5, 23.4, 24.9, 24.7, 22.9]",14.022,0.0,23.7,58.1
249,2021041023,HXXID5,艾特网能空调1705,25.0,50.0,0,0.0,26.2,0,0.0,1,24.3,"[24.3, 24.9, 25.5, 26.0, 25.6, 26.6, 25.1, 23.3, 23.1, 23.1, 23.1, 23.2, 22.7, 23.5, 24.8, 24.0]",3.1839999999999997,0.022000000000000002,23.7,58.1
250,2021041023,HXXID5,艾特网能空调1706,25.0,50.0,1,53.0,26.4,1,38.0,1,26.060769230769232,"[26.0, 25.6, 25.9, 25.8, 25.3, 24.8, 24.09, 25.1, 26.0, 25.9, 29.4, 29.8, 25.1]",4.356999999999999,2.617,23.7,58.1
251,2021041023,HXXID5,艾特网能空调1707,25.0,50.0,0,0.0,26.8,0,0.0,1,23.930625,"[23.5, 23.5, 23.7, 23.8, 24.0, 24.6, 25.7, 23.8, 24.5, 24.4, 24.5, 22.8, 23.3, 23.3, 23.4, 24.09]",16.482999999999997,0.0,23.7,58.1
252,2021041023,HXXID5,艾特网能空调1709,24.0,60.0,1,49.0,24.9,1,36.0,1,25.383333333333336,"[26.1, 24.8, 25.5, 26.1, 26.5, 24.8, 23.7, 25.3, 24.7, 25.6, 26.0, 25.5]",4.052,2.061,23.7,58.1
253,2021041023,HXXID5,艾特网能空调1703,24.0,50.0,1,78.0,25.8,1,46.0,1,24.57692307692308,"[23.2, 24.5, 25.5, 23.5, 24.5, 24.8, 24.8, 26.5, 24.1, 23.8, 24.1, 25.6, 24.6]",17.006,6.081,23.7,58.1
254,2021041023,HXXID5,艾特网能空调1708,25.0,50.0,1,58.0,25.9,1,30.0,1,24.263529411764704,"[24.3, 23.2, 23.6, 24.5, 27.1, 24.09, 23.7, 23.5, 23.4, 24.6, 24.2, 24.2, 24.8, 24.7, 24.09, 25.0, 23.5]",9.943999999999997,2.9160000000000004,23.7,58.1
255,2021041023,HXXID5,艾特网能空调1704,25.0,50.0,1,54.0,26.6,1,40.0,1,24.36533333333334,"[24.09, 23.3, 22.6, 23.0, 23.3, 23.0, 23.3, 24.09, 26.0, 26.5, 26.3, 26.1, 24.7, 25.1, 24.1]",14.802,2.488,23.7,58.1
256,2021041102,HXXID5,艾特网能空调1703,24.0,50.0,1,75.0,25.5,1,38.0,1,24.76923076923077,"[23.4, 24.5, 26.1, 23.5, 24.6, 25.1, 25.0, 26.8, 24.1, 24.0, 24.3, 25.8, 24.8]",17.155,,22.1,63.4
257,2021041102,HXXID5,艾特网能空调1708,25.0,50.0,1,59.0,26.0,1,31.0,1,24.27529411764706,"[25.5, 23.1, 23.0, 24.1, 27.2, 24.09, 23.5, 23.6, 23.4, 24.8, 24.2, 24.1, 24.8, 24.9, 24.09, 25.0, 23.3]",9.472999999999999,,22.1,63.4
258,2021041102,HXXID5,艾特网能空调1707,25.0,50.0,0,0.0,26.7,0,0.0,1,23.393124999999998,"[22.6, 22.6, 22.9, 23.4, 23.4, 23.8, 25.4, 23.5, 24.5, 23.6, 23.8, 22.5, 23.0, 22.4, 22.8, 24.09]",15.72,,22.1,63.4
259,2021041102,HXXID5,艾特网能空调1706,25.0,50.0,1,52.0,26.3,1,36.0,1,26.00769230769231,"[26.0, 24.9, 25.7, 25.1, 24.6, 24.9, 24.8, 25.8, 26.1, 26.3, 29.1, 29.5, 25.3]",4.312,,22.1,63.4
260,2021041102,HXXID5,艾特网能空调1705,25.0,50.0,0,0.0,26.2,0,0.0,1,24.011875,"[24.09, 25.0, 25.1, 25.3, 25.5, 26.2, 25.1, 24.0, 22.0, 22.0, 22.1, 22.1, 22.9, 23.5, 24.8, 24.5]",3.223,,22.1,63.4
261,2021041102,HXXID5,艾特网能空调1704,25.0,50.0,1,52.0,26.2,1,34.0,1,24.092000000000002,"[24.09, 22.7, 22.2, 22.7, 23.1, 22.8, 22.5, 24.09, 26.0, 26.3, 25.6, 26.0, 24.4, 24.8, 24.1]",14.469000000000001,,22.1,63.4
262,2021041102,HXXID5,艾特网能空调1710,25.0,50.0,0,0.0,25.1,0,0.0,1,25.705882352941178,"[29.2, 27.1, 27.6, 34.3, 24.1, 24.3, 23.5, 24.3, 25.1, 25.8, 26.3, 26.0, 23.4, 23.5, 24.8, 24.9, 22.8]",14.362,,22.1,63.4
263,2021041102,HXXID5,艾特网能空调1709,24.0,60.0,1,46.0,24.7,1,34.0,1,25.525000000000002,"[26.1, 24.5, 25.5, 26.2, 26.6, 25.0, 24.1, 25.7, 25.3, 25.6, 26.1, 25.6]",4.123,,22.1,63.4
264,2021041103,HXXID5,艾特网能空调1704,25.0,50.0,1,52.0,26.3,1,35.0,1,24.165333333333333,"[24.09, 23.0, 22.3, 22.8, 23.1, 22.8, 22.6, 24.09, 26.1, 26.5, 25.5, 26.1, 24.5, 24.9, 24.1]",14.469000000000001,,21.9,65.2
265,2021041103,HXXID5,艾特网能空调1706,25.0,50.0,1,53.0,26.4,1,38.0,1,26.01538461538462,"[26.0, 24.8, 25.9, 24.9, 24.7, 24.9, 25.1, 26.0, 25.9, 25.9, 29.2, 29.6, 25.3]",4.312,,21.9,65.2
266,2021041103,HXXID5,艾特网能空调1707,25.0,50.0,0,0.0,26.8,0,0.0,1,23.293125,"[22.6, 22.4, 22.5, 22.9, 23.0, 23.8, 25.4, 23.5, 24.0, 23.6, 24.0, 22.5, 23.2, 22.4, 22.8, 24.09]",15.72,,21.9,65.2
267,2021041103,HXXID5,艾特网能空调1708,25.0,50.0,1,55.0,25.8,1,25.0,1,24.104705882352942,"[25.3, 23.1, 22.8, 24.1, 25.8, 24.09, 23.4, 23.4, 23.1, 24.6, 24.1, 24.1, 24.8, 24.8, 24.09, 25.0, 23.2]",9.472999999999999,,21.9,65.2
268,2021041103,HXXID5,艾特网能空调1709,24.0,60.0,1,46.0,24.7,1,35.0,1,25.54166666666667,"[26.3, 24.5, 25.5, 26.1, 26.6, 24.9, 24.0, 25.7, 25.3, 25.8, 26.2, 25.6]",4.123,,21.9,65.2
269,2021041103,HXXID5,艾特网能空调1710,25.0,50.0,0,0.0,25.2,0,0.0,1,25.935294117647054,"[28.9, 27.1, 28.3, 33.5, 23.9, 24.3, 23.9, 24.0, 25.7, 25.8, 26.5, 26.0, 24.5, 24.2, 25.4, 25.2, 23.7]",14.362,,21.9,65.2
270,2021041103,HXXID5,艾特网能空调1705,25.0,50.0,0,0.0,26.0,0,0.0,1,23.96875,"[24.1, 25.1, 25.0, 25.8, 25.1, 26.3, 25.5, 23.7, 22.0, 21.9, 22.0, 22.2, 22.8, 23.3, 24.7, 24.0]",3.223,,21.9,65.2
271,2021041103,HXXID5,艾特网能空调1703,24.0,50.0,1,75.0,25.6,1,42.0,1,24.915384615384617,"[23.8, 24.6, 26.1, 24.0, 25.2, 25.3, 24.9, 27.1, 24.6, 23.8, 24.2, 25.7, 24.6]",17.155,,21.9,65.2
272,2021041104,HXXID5,艾特网能空调1710,25.0,50.0,0,0.0,25.2,0,0.0,1,25.923529411764708,"[29.1, 27.3, 28.5, 33.3, 24.0, 24.3, 23.7, 24.2, 25.6, 25.8, 26.5, 26.0, 24.3, 24.1, 25.3, 25.1, 23.6]",14.362,,22.1,64.6
273,2021041104,HXXID5,艾特网能空调1709,24.0,60.0,1,46.0,24.7,1,34.0,1,25.5,"[26.2, 24.5, 25.5, 26.1, 26.5, 24.8, 24.0, 25.7, 25.2, 25.7, 26.2, 25.6]",4.123,,22.1,64.6
274,2021041104,HXXID5,艾特网能空调1707,25.0,50.0,0,0.0,26.8,0,0.0,1,23.574374999999996,"[23.1, 22.9, 23.1, 23.4, 23.6, 24.2, 25.8, 23.5, 24.5, 23.7, 24.0, 22.5, 23.0, 22.8, 23.0, 24.09]",15.72,,22.1,64.6
275,2021041104,HXXID5,艾特网能空调1706,25.0,50.0,1,53.0,26.4,1,35.0,1,26.06923076923077,"[26.1, 24.9, 25.8, 25.0, 24.6, 24.8, 25.2, 26.1, 25.8, 26.0, 29.5, 29.6, 25.5]",4.312,,22.1,64.6
276,2021041104,HXXID5,艾特网能空调1705,25.0,50.0,0,0.0,26.0,0,0.0,1,23.880625000000006,"[24.09, 24.8, 25.0, 25.5, 25.5, 26.3, 25.5, 23.6, 21.8, 21.8, 21.9, 22.0, 22.5, 23.1, 24.6, 24.1]",3.223,,22.1,64.6
277,2021041104,HXXID5,艾特网能空调1704,25.0,50.0,1,52.0,26.2,1,34.0,1,24.092,"[24.09, 22.8, 22.1, 22.6, 23.0, 22.7, 22.4, 24.09, 26.1, 26.5, 25.8, 26.0, 24.4, 24.8, 24.0]",14.469000000000001,,22.1,64.6
278,2021041104,HXXID5,艾特网能空调1703,24.0,50.0,1,75.0,25.6,1,42.0,1,24.930769230769233,"[23.6, 24.6, 26.1, 24.0, 25.1, 25.3, 24.9, 27.1, 24.6, 23.9, 24.3, 25.8, 24.8]",17.155,,22.1,64.6
279,2021041104,HXXID5,艾特网能空调1708,25.0,50.0,1,55.0,25.8,1,24.0,1,24.128235294117648,"[24.9, 23.0, 23.3, 24.3, 25.8, 24.09, 23.4, 23.4, 23.3, 24.8, 24.1, 24.0, 24.8, 24.8, 24.09, 24.9, 23.2]",9.472999999999999,,22.1,64.6
280,2021041105,HXXID5,艾特网能空调1706,25.0,50.0,1,53.0,26.4,1,38.0,1,26.16153846153846,"[26.1, 25.0, 26.0, 25.1, 24.8, 25.0, 25.2, 26.1, 26.0, 26.1, 29.4, 29.8, 25.5]",4.312,2.158,22.2,63.6
281,2021041105,HXXID5,艾特网能空调1707,25.0,50.0,0,0.0,26.7,0,0.0,1,23.918125,"[23.4, 23.3, 23.5, 23.8, 23.9, 24.6, 25.9, 23.9, 24.9, 24.1, 24.3, 23.0, 23.5, 23.1, 23.4, 24.09]",15.72,0.0,22.2,63.6
282,2021041105,HXXID5,艾特网能空调1708,25.0,50.0,1,58.0,25.9,1,32.0,1,24.269411764705882,"[25.1, 23.5, 23.5, 24.4, 26.0, 24.09, 23.4, 23.5, 23.5, 24.8, 24.3, 24.2, 24.9, 25.0, 24.09, 25.0, 23.3]",9.472999999999999,2.326,22.2,63.6
283,2021041105,HXXID5,艾特网能空调1709,24.0,60.0,1,47.0,24.7,1,35.0,1,25.600000000000005,"[26.4, 24.6, 25.6, 26.2, 26.6, 24.9, 24.2, 25.8, 25.5, 25.6, 26.2, 25.6]",4.123,1.525,22.2,63.6
284,2021041105,HXXID5,艾特网能空调1710,25.0,50.0,0,0.0,25.2,0,0.0,1,25.76411764705883,"[29.1, 26.8, 28.0, 33.4, 23.7, 24.09, 23.8, 23.7, 25.7, 25.1, 26.5, 26.1, 24.1, 24.1, 25.3, 25.1, 23.4]",14.362,0.0,22.2,63.6
285,2021041105,HXXID5,艾特网能空调1703,24.0,50.0,1,76.0,25.8,1,46.0,1,24.75384615384616,"[23.6, 24.3, 26.2, 24.0, 25.1, 25.3, 25.0, 27.1, 24.6, 23.7, 23.7, 25.1, 24.1]",17.155,5.457000000000001,22.2,63.6
286,2021041105,HXXID5,艾特网能空调1705,25.0,50.0,0,0.0,25.9,0,0.0,1,24.00625,"[24.1, 25.1, 25.0, 25.8, 25.1, 26.3, 25.5, 23.6, 22.0, 22.0, 22.1, 22.2, 22.8, 23.5, 24.8, 24.2]",3.223,0.022000000000000002,22.2,63.6
287,2021041105,HXXID5,艾特网能空调1704,25.0,50.0,1,52.0,26.3,1,35.0,1,24.158666666666665,"[24.09, 22.9, 22.3, 22.8, 23.1, 22.8, 22.5, 24.09, 26.1, 26.3, 26.0, 26.2, 24.5, 24.8, 23.9]",14.469000000000001,2.07,22.2,63.6
288,2021041106,HXXID5,艾特网能空调1708,25.0,50.0,1,58.0,25.9,1,31.0,1,24.38705882352941,"[26.3, 23.6, 23.7, 24.5, 26.1, 24.09, 23.5, 23.8, 23.6, 25.0, 24.3, 24.2, 24.8, 24.9, 24.09, 24.8, 23.3]",9.472999999999999,2.326,22.6,64.5
289,2021041106,HXXID5,艾特网能空调1710,25.0,50.0,0,0.0,25.1,0,0.0,1,25.464117647058828,"[29.4, 26.8, 27.7, 34.3, 23.3, 24.09, 23.3, 23.4, 25.0, 24.8, 26.3, 25.8, 23.3, 23.3, 24.6, 24.7, 22.8]",14.362,0.0,22.6,64.5
290,2021041106,HXXID5,艾特网能空调1709,24.0,60.0,1,47.0,24.8,1,34.0,1,25.566666666666666,"[26.5, 24.6, 25.6, 26.2, 26.6, 24.9, 24.2, 25.8, 25.4, 25.5, 26.0, 25.5]",4.123,1.525,22.6,64.5
291,2021041106,HXXID5,艾特网能空调1707,25.0,50.0,0,0.0,26.6,0,0.0,1,24.124375,"[23.6, 23.5, 23.7, 24.0, 24.1, 24.8, 26.1, 24.1, 25.0, 24.3, 24.5, 23.3, 23.8, 23.4, 23.7, 24.09]",15.72,0.0,22.6,64.5
292,2021041106,HXXID5,艾特网能空调1706,25.0,50.0,1,53.0,26.4,1,38.0,1,26.400000000000002,"[26.4, 25.3, 26.3, 25.3, 25.1, 25.1, 25.3, 26.3, 26.4, 26.3, 29.6, 30.0, 25.8]",4.312,2.158,22.6,64.5
293,2021041106,HXXID5,艾特网能空调1703,24.0,50.0,1,78.0,25.8,1,49.0,1,24.215384615384615,"[23.0, 24.1, 25.3, 23.5, 24.5, 24.7, 24.3, 26.5, 24.0, 23.0, 23.3, 24.8, 23.8]",17.155,5.457000000000001,22.6,64.5
294,2021041106,HXXID5,艾特网能空调1704,25.0,50.0,1,52.0,26.3,1,34.0,1,24.105333333333338,"[24.09, 23.0, 22.2, 22.7, 23.0, 22.7, 22.5, 24.09, 26.0, 26.3, 26.0, 26.1, 24.4, 24.7, 23.8]",14.469000000000001,2.07,22.6,64.5
295,2021041106,HXXID5,艾特网能空调1705,25.0,50.0,0,0.0,26.0,0,0.0,1,24.20625,"[24.4, 25.3, 25.2, 26.1, 25.6, 26.8, 25.8, 23.7, 22.1, 22.1, 22.1, 22.3, 23.0, 23.6, 24.9, 24.3]",3.223,0.022000000000000002,22.6,64.5
296,2021041107,HXXID5,艾特网能空调1708,25.0,50.0,1,59.0,26.0,1,32.0,1,24.387058823529415,"[27.7, 23.5, 23.2, 24.2, 26.1, 24.09, 23.8, 23.5, 23.3, 24.8, 24.2, 24.1, 24.8, 24.9, 24.09, 25.0, 23.3]",9.472999999999999,2.326,23.2,63.3
297,2021041107,HXXID5,艾特网能空调1703,24.0,50.0,1,75.0,25.6,1,43.0,1,24.115384615384617,"[23.0, 24.1, 25.0, 23.2, 24.3, 24.4, 24.1, 26.1, 23.8, 23.0, 23.5, 25.0, 24.0]",17.155,5.457000000000001,23.2,63.3
298,2021041107,HXXID5,艾特网能空调1707,25.0,50.0,0,0.0,26.7,0,0.0,1,23.655625,"[23.1, 22.9, 23.0, 23.2, 23.5, 24.3, 25.6, 24.0, 24.1, 23.8, 24.3, 23.0, 23.6, 22.8, 23.2, 24.09]",15.708,0.0,23.2,63.3
299,2021041107,HXXID5,艾特网能空调1706,25.0,50.0,1,53.0,26.4,1,38.0,1,26.12307692307692,"[26.1, 25.6, 25.8, 25.5, 25.1, 25.0, 24.2, 25.5, 25.7, 26.3, 29.6, 30.0, 25.2]",4.312,2.158,23.2,63.3
300,2021041107,HXXID5,艾特网能空调1705,25.0,50.0,0,0.0,26.2,0,0.0,1,24.193125000000002,"[24.09, 25.3, 25.6, 25.8, 25.8, 26.8, 25.1, 23.8, 22.1, 22.1, 22.1, 22.4, 23.1, 23.8, 24.8, 24.4]",3.223,0.022000000000000002,23.2,63.3
301,2021041107,HXXID5,艾特网能空调1704,25.0,50.0,1,52.0,26.3,1,34.0,1,24.112,"[24.09, 23.0, 22.3, 22.8, 23.1, 22.8, 22.5, 24.09, 25.9, 26.2, 26.0, 26.0, 24.4, 24.7, 23.8]",14.469000000000001,2.07,23.2,63.3
302,2021041107,HXXID5,艾特网能空调1709,24.0,60.0,1,47.0,24.7,1,34.0,1,25.500000000000004,"[26.4, 24.6, 25.5, 26.2, 26.6, 24.8, 24.2, 25.8, 25.4, 25.4, 25.8, 25.3]",4.123,1.525,23.2,63.3
303,2021041107,HXXID5,艾特网能空调1710,25.0,50.0,0,0.0,25.0,0,0.0,1,25.328823529411768,"[28.9, 26.6, 27.6, 34.0, 23.3, 24.09, 23.1, 23.7, 24.6, 25.0, 26.1, 25.8, 23.3, 23.1, 24.3, 24.4, 22.7]",14.362,0.0,23.2,63.3
304,2021041108,HXXID5,艾特网能空调1704,25.0,50.0,1,52.0,26.3,1,34.0,1,24.212,"[24.09, 23.1, 22.3, 22.9, 23.2, 22.9, 22.7, 24.09, 26.0, 26.4, 26.0, 26.1, 24.5, 24.8, 24.1]",14.469000000000001,2.07,24.0,61.1
305,2021041108,HXXID5,艾特网能空调1710,25.0,50.0,0,0.0,24.9,0,0.0,1,25.647058823529413,"[29.5, 27.0, 28.0, 34.1, 23.8, 24.1, 23.5, 23.7, 25.0, 25.5, 26.2, 25.7, 23.9, 23.6, 24.6, 24.6, 23.2]",14.362,0.0,24.0,61.1
306,2021041108,HXXID5,艾特网能空调1709,24.0,60.0,1,46.0,24.7,1,34.0,1,25.575,"[26.4, 24.7, 25.6, 26.1, 26.6, 24.9, 24.3, 26.0, 25.5, 25.5, 25.9, 25.4]",4.123,1.525,24.0,61.1
307,2021041108,HXXID5,艾特网能空调1708,25.0,50.0,1,55.0,25.8,1,28.0,1,24.287058823529414,"[26.1, 23.0, 23.0, 24.2, 25.8, 24.09, 23.6, 23.5, 23.3, 24.9, 24.3, 24.3, 25.0, 25.1, 24.09, 25.1, 23.5]",9.472999999999999,2.326,24.0,61.1
308,2021041108,HXXID5,艾特网能空调1707,25.0,50.0,0,0.0,26.9,0,0.0,1,23.361874999999998,"[22.8, 22.6, 22.8, 23.1, 23.3, 24.0, 25.5, 23.5, 24.1, 23.6, 23.6, 22.4, 23.0, 22.5, 22.9, 24.09]",15.72,0.0,24.0,61.1
309,2021041108,HXXID5,艾特网能空调1706,25.0,50.0,1,53.0,26.4,1,36.0,1,25.815384615384616,"[26.1, 25.0, 25.6, 24.6, 24.6, 24.9, 24.1, 25.3, 25.6, 26.1, 29.1, 29.5, 25.1]",4.312,2.158,24.0,61.1
310,2021041108,HXXID5,艾特网能空调1705,25.0,50.0,0,0.0,26.0,0,0.0,1,23.949374999999996,"[24.09, 24.8, 25.1, 25.2, 25.2, 26.2, 25.0, 23.7, 22.1, 22.2, 22.2, 22.4, 22.8, 23.1, 24.7, 24.4]",3.223,0.022000000000000002,24.0,61.1
311,2021041108,HXXID5,艾特网能空调1703,24.0,50.0,1,75.0,25.5,1,41.0,1,24.52307692307692,"[23.4, 24.5, 25.2, 23.5, 24.6, 24.8, 24.6, 26.5, 24.1, 23.6, 24.0, 25.5, 24.5]",17.155,5.457000000000001,24.0,61.1
312,2021041109,HXXID5,艾特网能空调1710,25.0,50.0,0,0.0,25.1,0,0.0,1,25.805882352941172,"[29.0, 27.0, 28.2, 34.4, 24.0, 24.3, 23.7, 24.0, 25.3, 25.5, 26.3, 25.8, 24.0, 23.9, 25.0, 24.9, 23.4]",14.362,0.0,25.1,59.5
313,2021041109,HXXID5,艾特网能空调1709,24.0,60.0,1,47.0,24.8,1,36.0,1,25.750000000000004,"[27.0, 24.8, 25.7, 26.3, 26.7, 25.0, 24.4, 26.1, 25.6, 25.7, 26.1, 25.6]",4.123,1.525,25.1,59.5
314,2021041109,HXXID5,艾特网能空调1708,25.0,50.0,1,59.0,26.0,1,35.0,1,24.345882352941175,"[26.1, 22.9, 23.1, 24.3, 25.8, 24.09, 23.4, 23.6, 23.3, 24.9, 24.4, 24.5, 25.1, 25.3, 24.09, 25.4, 23.6]",9.472999999999999,2.326,25.1,59.5
315,2021041109,HXXID5,艾特网能空调1707,25.0,50.0,0,0.0,26.8,0,0.0,1,23.324374999999993,"[22.8, 22.6, 22.8, 23.1, 23.3, 23.9, 25.2, 23.5, 24.1, 23.5, 23.6, 22.4, 22.9, 22.5, 22.9, 24.09]",15.72,0.0,25.1,59.5
316,2021041109,HXXID5,艾特网能空调1703,24.0,50.0,1,75.0,25.6,1,42.0,1,24.78461538461539,"[23.6, 24.6, 26.1, 23.8, 25.0, 25.1, 24.6, 27.0, 24.4, 23.7, 24.1, 25.6, 24.6]",17.155,5.457000000000001,25.1,59.5
317,2021041109,HXXID5,艾特网能空调1704,25.0,50.0,1,53.0,26.4,1,35.0,1,24.27866666666667,"[24.09, 23.1, 22.5, 23.0, 23.3, 23.0, 22.8, 24.09, 26.1, 26.5, 25.9, 26.1, 24.6, 25.0, 24.1]",14.469000000000001,2.07,25.1,59.5
318,2021041109,HXXID5,艾特网能空调1705,25.0,50.0,0,0.0,25.9,0,0.0,1,24.024375000000006,"[24.09, 25.0, 24.9, 25.5, 24.9, 26.1, 25.3, 23.8, 22.3, 22.3, 22.3, 22.4, 23.0, 23.6, 24.8, 24.1]",3.223,0.022000000000000002,25.1,59.5
319,2021041109,HXXID5,艾特网能空调1706,25.0,50.0,1,53.0,26.4,1,36.0,1,25.815384615384612,"[25.9, 24.8, 25.5, 25.0, 24.3, 24.8, 24.6, 25.6, 25.6, 25.8, 29.1, 29.4, 25.2]",4.312,2.158,25.1,59.5
320,2021041110,HXXID5,艾特网能空调1703,24.0,50.0,1,75.0,25.6,1,43.0,1,24.800000000000004,"[23.7, 24.5, 26.1, 24.0, 25.1, 25.2, 24.7, 26.6, 24.5, 23.7, 24.1, 25.6, 24.6]",17.155,5.457000000000001,25.6,61.6
321,2021041110,HXXID5,艾特网能空调1704,25.0,50.0,1,53.0,26.4,1,36.0,1,24.298666666666673,"[24.09, 23.2, 22.6, 23.1, 23.4, 23.1, 22.8, 24.09, 26.2, 26.4, 26.0, 26.1, 24.6, 24.8, 24.0]",14.469000000000001,2.07,25.6,61.6
322,2021041110,HXXID5,艾特网能空调1705,25.0,50.0,0,0.0,25.9,0,0.0,1,24.049375000000005,"[24.09, 24.6, 24.8, 25.3, 25.4, 26.1, 25.1, 23.8, 22.4, 22.3, 22.5, 22.6, 23.1, 23.6, 24.8, 24.3]",3.223,0.022000000000000002,25.6,61.6
323,2021041110,HXXID5,艾特网能空调1706,25.0,50.0,1,53.0,26.4,1,38.0,1,25.87692307692308,"[25.9, 24.8, 25.7, 24.9, 24.6, 24.8, 24.2, 25.5, 25.9, 25.9, 29.4, 29.7, 25.1]",4.312,2.158,25.6,61.6
324,2021041110,HXXID5,艾特网能空调1707,25.0,50.0,0,0.0,26.8,0,0.0,1,23.393124999999998,"[23.0, 22.8, 23.0, 23.1, 23.4, 24.0, 25.1, 23.5, 24.1, 23.5, 23.7, 22.5, 23.0, 22.6, 22.9, 24.09]",15.72,0.0,25.6,61.6
325,2021041110,HXXID5,艾特网能空调1709,24.0,60.0,1,49.0,24.9,1,37.0,1,25.641666666666666,"[26.5, 24.6, 25.8, 26.4, 26.8, 25.1, 24.0, 25.7, 25.1, 25.8, 26.2, 25.7]",4.123,1.525,25.6,61.6
326,2021041110,HXXID5,艾特网能空调1710,25.0,50.0,0,0.0,25.0,0,0.0,1,25.852941176470587,"[28.8, 27.0, 28.0, 34.6, 23.8, 24.2, 23.8, 24.1, 25.5, 25.3, 26.4, 26.0, 24.2, 24.0, 25.2, 25.0, 23.6]",14.362,0.0,25.6,61.6
327,2021041110,HXXID5,艾特网能空调1708,25.0,50.0,1,55.0,25.8,1,25.0,1,24.24,"[24.9, 23.0, 23.1, 24.1, 27.0, 24.09, 23.5, 23.5, 23.3, 24.7, 24.3, 24.2, 24.8, 24.9, 24.09, 25.0, 23.6]",9.472999999999999,2.326,25.6,61.6
328,2021041111,HXXID5,艾特网能空调1706,25.0,50.0,1,53.0,26.4,1,35.0,1,25.946153846153848,"[25.9, 24.8, 25.7, 24.9, 24.7, 25.0, 24.3, 25.5, 25.9, 26.2, 29.5, 29.6, 25.3]",4.312,2.158,26.1,62.6
329,2021041111,HXXID5,艾特网能空调1703,24.0,50.0,1,75.0,25.6,1,42.0,1,24.730769230769234,"[23.5, 24.5, 25.8, 23.8, 25.0, 25.1, 24.7, 26.5, 24.5, 23.8, 24.1, 25.6, 24.6]",17.155,5.457000000000001,26.1,62.6
330,2021041111,HXXID5,艾特网能空调1704,25.0,50.0,1,52.0,26.3,1,36.0,1,24.218666666666667,"[24.09, 22.9, 22.6, 23.0, 23.3, 23.0, 22.8, 24.09, 26.0, 26.3, 25.9, 26.0, 24.5, 24.8, 24.0]",14.469000000000001,2.07,26.1,62.6
331,2021041111,HXXID5,艾特网能空调1705,25.0,50.0,0,0.0,25.9,0,0.0,1,24.106250000000006,"[24.1, 24.8, 24.9, 25.4, 25.4, 26.1, 25.3, 23.8, 22.4, 22.3, 22.5, 22.6, 23.1, 23.6, 24.9, 24.5]",3.223,0.022000000000000002,26.1,62.6
332,2021041111,HXXID5,艾特网能空调1707,25.0,50.0,0,0.0,26.7,0,0.0,1,23.818125,"[23.6, 23.4, 23.6, 23.5, 23.9, 24.7, 25.5, 23.6, 24.5, 24.1, 24.4, 22.7, 23.1, 23.1, 23.3, 24.09]",15.72,0.0,26.1,62.6
333,2021041111,HXXID5,艾特网能空调1708,25.0,50.0,1,55.0,25.8,1,25.0,1,24.36941176470588,"[26.9, 23.0, 23.6, 24.3, 27.2, 24.09, 23.5, 23.5, 23.3, 24.7, 24.1, 24.1, 24.8, 24.7, 24.09, 24.9, 23.5]",9.472999999999999,2.326,26.1,62.6
334,2021041111,HXXID5,艾特网能空调1709,24.0,60.0,1,48.0,24.9,1,37.0,1,25.46666666666667,"[26.1, 24.3, 25.6, 26.2, 26.6, 25.0, 23.9, 25.6, 25.0, 25.6, 26.1, 25.6]",4.123,1.525,26.1,62.6
335,2021041111,HXXID5,艾特网能空调1710,25.0,50.0,0,0.0,25.1,0,0.0,1,25.79411764705882,"[28.8, 27.0, 27.7, 34.5, 23.6, 24.1, 23.6, 24.0, 25.5, 25.3, 26.4, 26.0, 24.2, 24.0, 25.2, 25.0, 23.6]",14.362,0.0,26.1,62.6
336,2021041112,HXXID5,艾特网能空调1709,24.0,60.0,1,46.0,24.7,1,35.0,1,25.583333333333332,"[26.3, 24.8, 25.5, 26.1, 26.5, 24.8, 24.3, 26.1, 25.5, 25.6, 26.0, 25.5]",4.516,1.525,27.0,60.1
337,2021041112,HXXID5,艾特网能空调1703,24.0,50.0,1,75.0,25.5,1,41.0,1,24.492307692307694,"[23.5, 24.4, 25.8, 23.6, 24.6, 24.9, 25.0, 26.5, 24.2, 23.2, 23.6, 25.1, 24.0]",17.316999999999997,5.457000000000001,27.0,60.1
338,2021041112,HXXID5,艾特网能空调1704,25.0,50.0,1,52.0,26.3,1,34.0,1,24.332000000000004,"[24.09, 23.1, 22.8, 23.2, 23.5, 23.1, 22.8, 24.09, 26.1, 26.4, 26.0, 26.1, 24.6, 25.0, 24.1]",14.921999999999999,2.07,27.0,60.1
339,2021041112,HXXID5,艾特网能空调1710,25.0,50.0,0,0.0,25.1,0,0.0,1,25.564117647058826,"[29.3, 27.0, 28.1, 34.2, 23.3, 24.09, 23.3, 23.6, 25.1, 24.8, 26.3, 25.8, 23.5, 23.5, 24.9, 24.8, 23.0]",13.908999999999999,0.0,27.0,60.1
340,2021041112,HXXID5,艾特网能空调1705,25.0,50.0,0,0.0,26.0,0,0.0,1,24.15,"[24.1, 24.8, 25.0, 25.4, 25.2, 26.3, 25.3, 23.8, 22.6, 22.5, 22.6, 23.0, 22.9, 23.5, 24.9, 24.5]",3.2310000000000003,0.022000000000000002,27.0,60.1
341,2021041112,HXXID5,艾特网能空调1706,25.0,50.0,1,52.0,26.3,1,35.0,1,25.883846153846157,"[26.0, 25.0, 25.6, 25.0, 24.5, 25.0, 24.09, 25.3, 25.5, 26.1, 29.5, 29.8, 25.1]",4.4,2.158,27.0,60.1
342,2021041112,HXXID5,艾特网能空调1707,25.0,50.0,0,0.0,26.8,0,0.0,1,23.761874999999996,"[23.5, 23.3, 23.4, 23.6, 23.8, 25.0, 25.5, 23.6, 24.6, 23.9, 24.3, 22.6, 23.2, 22.8, 23.0, 24.09]",16.244,0.0,27.0,60.1
343,2021041112,HXXID5,艾特网能空调1708,25.0,50.0,1,58.0,25.9,1,28.0,1,24.439999999999998,"[27.6, 23.1, 23.5, 24.3, 25.7, 24.09, 23.5, 23.5, 23.6, 25.0, 24.4, 24.4, 24.6, 25.2, 24.09, 25.3, 23.6]",10.284,2.326,27.0,60.1
344,2021041113,HXXID5,艾特网能空调1704,25.0,50.0,1,53.0,26.4,1,36.0,1,24.578666666666667,"[24.09, 23.6, 23.0, 23.5, 23.8, 23.5, 23.4, 24.09, 26.2, 26.6, 26.2, 26.4, 24.8, 25.1, 24.4]",14.921999999999999,2.07,28.0,60.2
345,2021041113,HXXID5,艾特网能空调1710,25.0,50.0,0,0.0,25.2,0,0.0,1,25.77058823529412,"[29.5, 27.4, 27.5, 34.2, 24.4, 24.8, 23.8, 23.8, 24.8, 25.7, 26.4, 26.0, 23.7, 23.5, 24.6, 24.8, 23.2]",13.908999999999999,0.0,28.0,60.2
346,2021041113,HXXID5,艾特网能空调1709,24.0,60.0,1,49.0,25.0,1,40.0,1,25.775000000000002,"[27.0, 25.0, 25.8, 26.4, 26.8, 25.1, 24.3, 26.1, 25.4, 25.8, 26.1, 25.5]",4.516,1.525,28.0,60.2
347,2021041113,HXXID5,艾特网能空调1708,25.0,50.0,1,59.0,25.9,1,31.0,1,24.575294117647058,"[27.9, 23.3, 23.2, 24.2, 26.2, 24.09, 23.6, 23.6, 23.6, 25.1, 24.6, 24.5, 25.0, 25.3, 24.09, 25.5, 24.0]",10.284,2.326,28.0,60.2
348,2021041113,HXXID5,艾特网能空调1707,25.0,50.0,0,0.0,26.8,0,0.0,1,23.655624999999997,"[23.1, 22.8, 22.9, 23.1, 23.5, 24.1, 25.1, 24.0, 24.1, 24.2, 24.2, 23.0, 23.5, 23.3, 23.5, 24.09]",16.244,0.0,28.0,60.2
349,2021041113,HXXID5,艾特网能空调1706,25.0,50.0,1,56.0,26.7,1,43.0,1,25.592307692307692,"[26.0, 24.8, 25.2, 24.6, 24.3, 24.4, 24.1, 25.1, 25.3, 25.6, 29.6, 28.8, 24.9]",4.4,2.158,28.0,60.2
350,2021041113,HXXID5,艾特网能空调1705,25.0,50.0,0,0.0,26.0,0,0.0,1,24.236875,"[24.09, 25.1, 24.9, 25.3, 24.7, 26.0, 25.1, 23.9, 23.1, 23.0, 23.0, 23.2, 23.5, 23.8, 25.0, 24.1]",3.2310000000000003,0.022000000000000002,28.0,60.2
351,2021041113,HXXID5,艾特网能空调1703,24.0,50.0,1,76.0,25.7,1,44.0,1,24.83076923076923,"[23.7, 24.8, 25.5, 23.6, 24.7, 24.8, 25.1, 26.2, 24.1, 24.3, 24.6, 26.1, 25.3]",17.316999999999997,5.457000000000001,28.0,60.2
352,2021041114,HXXID5,艾特网能空调1704,25.0,50.0,1,58.0,26.8,1,46.0,1,24.865333333333343,"[24.09, 23.6, 23.5, 24.0, 24.3, 24.0, 23.9, 24.09, 26.3, 26.8, 26.6, 26.8, 25.1, 25.3, 24.6]",14.921999999999999,2.07,28.7,59.8
353,2021041114,HXXID5,艾特网能空调1703,24.0,50.0,1,78.0,25.8,1,49.0,1,25.43846153846153,"[24.2, 25.1, 26.7, 24.5, 25.6, 25.7, 25.6, 26.6, 25.1, 24.6, 25.0, 26.5, 25.5]",17.316999999999997,5.457000000000001,28.7,59.8
354,2021041114,HXXID5,艾特网能空调1710,25.0,50.0,0,0.0,25.3,0,0.0,1,26.394117647058827,"[30.1, 27.6, 27.8, 34.2, 24.4, 24.8, 24.4, 24.8, 26.1, 25.8, 26.6, 26.2, 25.3, 24.8, 26.0, 25.3, 24.5]",13.908999999999999,0.0,28.7,59.8
355,2021041114,HXXID5,艾特网能空调1709,24.0,60.0,1,53.0,25.4,1,47.0,1,25.849999999999998,"[26.1, 24.7, 25.9, 26.5, 27.0, 25.2, 24.4, 26.2, 25.6, 26.1, 26.5, 26.0]",4.516,1.525,28.7,59.8
356,2021041114,HXXID5,艾特网能空调1708,25.0,50.0,1,59.0,26.0,1,34.0,1,24.67,"[25.9, 24.0, 23.6, 24.3, 27.0, 24.09, 23.6, 23.8, 24.0, 25.3, 24.8, 24.6, 25.1, 25.4, 24.1, 25.5, 24.3]",10.284,2.326,28.7,59.8
357,2021041114,HXXID5,艾特网能空调1707,25.0,50.0,0,0.0,26.4,0,0.0,1,24.005625000000002,"[23.6, 23.5, 23.8, 24.2, 24.1, 24.7, 25.4, 24.0, 25.3, 24.1, 24.5, 23.4, 23.1, 23.0, 23.3, 24.09]",16.244,0.0,28.7,59.8
358,2021041114,HXXID5,艾特网能空调1706,25.0,50.0,1,56.0,26.7,1,46.0,1,25.53846153846154,"[25.7, 24.4, 25.3, 24.3, 24.3, 24.3, 24.3, 25.3, 25.0, 25.6, 29.8, 28.7, 25.0]",4.4,2.158,28.7,59.8
359,2021041114,HXXID5,艾特网能空调1705,25.0,50.0,0,0.0,25.9,0,0.0,1,24.256250000000005,"[24.2, 24.6, 24.6, 25.1, 24.8, 25.9, 24.9, 24.1, 23.3, 23.3, 23.3, 23.3, 23.5, 23.8, 25.1, 24.3]",3.2310000000000003,0.022000000000000002,28.7,59.8
360,2021041115,HXXID5,艾特网能空调1710,25.0,50.0,0,0.0,25.5,0,0.0,1,26.2,"[30.5, 27.5, 27.5, 34.0, 24.4, 24.5, 24.1, 24.3, 25.9, 25.3, 26.8, 26.5, 24.5, 24.4, 25.8, 25.5, 23.9]",13.908999999999999,0.0,28.8,58.7
361,2021041115,HXXID5,艾特网能空调1709,24.0,60.0,1,52.0,25.2,1,44.0,1,25.96666666666667,"[26.6, 25.0, 25.9, 26.6, 27.0, 25.2, 24.6, 26.4, 25.8, 26.0, 26.5, 26.0]",4.516,2.021,28.8,58.7
362,2021041115,HXXID5,艾特网能空调1708,25.0,50.0,1,59.0,26.0,1,31.0,1,24.681176470588237,"[28.0, 24.0, 23.7, 24.3, 26.0, 24.09, 23.4, 23.5, 24.0, 25.1, 24.5, 24.6, 25.1, 25.4, 24.09, 25.5, 24.3]",10.284,2.8369999999999997,28.8,58.7
363,2021041115,HXXID5,艾特网能空调1707,25.0,50.0,0,0.0,26.6,0,0.0,1,24.155625,"[23.6, 23.4, 23.5, 24.2, 24.0, 24.7, 25.5, 24.5, 24.8, 24.3, 24.9, 23.5, 24.2, 23.5, 23.8, 24.09]",16.244,0.0,28.8,58.7
364,2021041115,HXXID5,艾特网能空调1706,25.0,50.0,1,58.0,26.8,1,46.0,1,25.700000000000003,"[25.8, 24.6, 25.5, 24.5, 24.4, 24.6, 24.6, 25.6, 25.0, 25.9, 29.9, 28.6, 25.1]",4.4,2.678,28.8,58.7
365,2021041115,HXXID5,艾特网能空调1705,25.0,50.0,0,0.0,26.2,0,0.0,1,24.118125,"[24.09, 24.8, 24.7, 25.3, 25.0, 25.9, 25.1, 24.3, 22.6, 22.5, 22.6, 22.8, 23.3, 23.6, 24.9, 24.4]",3.2310000000000003,0.022000000000000002,28.8,58.7
366,2021041115,HXXID5,艾特网能空调1704,25.0,50.0,1,53.0,26.4,1,38.0,1,24.485333333333337,"[24.09, 23.2, 22.8, 23.3, 23.6, 23.3, 23.0, 24.09, 26.3, 26.6, 26.0, 26.4, 24.8, 25.3, 24.5]",14.921999999999999,2.3369999999999997,28.8,58.7
367,2021041115,HXXID5,艾特网能空调1703,24.0,50.0,1,78.0,25.8,1,50.0,1,25.076923076923077,"[24.1, 24.8, 26.7, 24.3, 25.4, 25.5, 25.2, 26.2, 24.9, 24.0, 24.3, 25.8, 24.8]",17.316999999999997,5.781000000000001,28.8,58.7
368,2021041116,HXXID5,艾特网能空调1703,24.0,50.0,1,78.0,25.9,1,49.0,1,25.200000000000003,"[24.1, 24.9, 26.3, 24.3, 25.4, 25.5, 25.1, 26.3, 24.8, 24.5, 24.8, 26.3, 25.3]",17.316999999999997,5.781000000000001,28.1,63.6
369,2021041116,HXXID5,艾特网能空调1704,25.0,50.0,1,55.0,26.6,1,43.0,1,24.532000000000004,"[24.09, 23.2, 23.0, 23.5, 23.8, 23.5, 23.3, 24.09, 26.3, 26.6, 26.1, 26.3, 24.8, 25.1, 24.3]",14.921999999999999,2.3369999999999997,28.1,63.6
370,2021041116,HXXID5,艾特网能空调1710,25.0,50.0,0,0.0,25.4,0,0.0,1,26.17058823529412,"[30.1, 27.5, 27.6, 34.1, 24.1, 24.6, 24.2, 24.4, 25.6, 25.8, 26.7, 26.3, 24.8, 24.4, 25.5, 25.1, 24.1]",13.908999999999999,0.0,28.1,63.6
371,2021041116,HXXID5,艾特网能空调1709,24.0,60.0,1,52.0,25.2,1,42.0,1,25.78333333333333,"[26.4, 24.6, 26.0, 26.6, 27.0, 25.3, 24.0, 25.9, 25.1, 26.0, 26.5, 26.0]",4.516,2.021,28.1,63.6
372,2021041116,HXXID5,艾特网能空调1707,25.0,50.0,0,0.0,26.6,0,0.0,1,23.843125,"[23.2, 23.1, 23.5, 23.7, 23.9, 24.2, 25.3, 24.0, 25.1, 23.9, 24.3, 23.1, 23.6, 23.1, 23.4, 24.09]",16.244,0.0,28.1,63.6
373,2021041116,HXXID5,艾特网能空调1706,25.0,50.0,1,58.0,26.8,1,49.0,1,25.684615384615388,"[25.8, 24.7, 25.4, 24.5, 24.4, 24.5, 24.3, 25.4, 25.5, 25.8, 29.8, 28.8, 25.0]",4.4,2.678,28.1,63.6
374,2021041116,HXXID5,艾特网能空调1708,25.0,50.0,1,59.0,26.0,1,35.0,1,24.540588235294116,"[26.1, 23.7, 23.6, 24.1, 27.1, 24.09, 23.5, 23.6, 23.7, 25.1, 24.5, 24.4, 25.3, 25.0, 24.1, 25.5, 23.8]",10.284,2.8369999999999997,28.1,63.6
375,2021041116,HXXID5,艾特网能空调1705,25.0,50.0,0,0.0,26.2,0,0.0,1,24.086875,"[24.09, 24.6, 24.8, 25.1, 24.9, 25.9, 25.0, 24.0, 22.6, 22.7, 22.8, 22.9, 23.2, 23.6, 24.9, 24.3]",3.2310000000000003,0.022000000000000002,28.1,63.6
376,2021041117,HXXID5,艾特网能空调1703,24.0,50.0,1,79.0,26.0,1,54.0,1,25.21538461538462,"[24.0, 25.0, 26.5, 24.4, 25.4, 25.5, 25.3, 26.5, 25.0, 24.3, 24.6, 26.1, 25.2]",17.316999999999997,5.781000000000001,27.4,67.7
377,2021041117,HXXID5,艾特网能空调1709,24.0,60.0,1,53.0,25.4,1,48.0,1,25.95,"[26.3, 25.0, 25.9, 26.6, 27.0, 25.2, 24.6, 26.5, 25.8, 26.0, 26.5, 26.0]",4.516,2.021,27.4,67.7
378,2021041117,HXXID5,艾特网能空调1710,25.0,50.0,0,0.0,25.5,0,0.0,1,26.305882352941175,"[30.8, 27.6, 27.5, 34.1, 24.3, 24.6, 24.2, 24.5, 26.1, 25.4, 26.8, 26.3, 24.9, 24.6, 25.8, 25.5, 24.2]",13.908999999999999,0.0,27.4,67.7
379,2021041117,HXXID5,艾特网能空调1706,25.0,50.0,1,56.0,26.7,1,46.0,1,25.530769230769234,"[25.8, 24.4, 25.1, 24.0, 24.3, 24.3, 24.1, 25.1, 25.5, 25.6, 29.6, 29.1, 25.0]",4.4,2.678,27.4,67.7
380,2021041117,HXXID5,艾特网能空调1705,25.0,50.0,0,0.0,26.2,0,0.0,1,24.2,"[24.1, 24.5, 24.5, 24.9, 24.6, 26.0, 24.8, 24.2, 23.3, 23.3, 23.3, 23.4, 23.5, 23.6, 25.0, 24.2]",3.2310000000000003,0.022000000000000002,27.4,67.7
381,2021041117,HXXID5,艾特网能空调1704,25.0,50.0,1,56.0,26.7,1,43.0,1,24.878666666666675,"[24.09, 23.6, 23.5, 24.0, 24.3, 24.0, 23.8, 24.09, 26.4, 26.8, 26.6, 26.8, 25.1, 25.5, 24.6]",14.921999999999999,2.3369999999999997,27.4,67.7
382,2021041117,HXXID5,艾特网能空调1708,25.0,50.0,1,59.0,26.0,1,35.0,1,24.64,"[27.3, 24.1, 24.2, 24.5, 26.1, 24.09, 23.6, 23.8, 23.8, 25.1, 24.5, 24.4, 25.0, 25.0, 24.09, 25.3, 24.0]",10.284,2.8369999999999997,27.4,67.7
383,2021041117,HXXID5,艾特网能空调1707,25.0,50.0,0,0.0,26.6,0,0.0,1,24.605625,"[24.3, 24.1, 24.3, 24.1, 24.8, 25.5, 26.3, 24.6, 25.6, 25.0, 25.2, 23.8, 24.1, 23.9, 24.0, 24.09]",16.244,0.0,27.4,67.7
384,2021041118,HXXID5,艾特网能空调1708,25.0,50.0,1,59.0,26.0,1,35.0,1,24.934705882352937,"[28.2, 24.5, 24.1, 24.4, 26.1, 24.09, 23.7, 23.5, 24.3, 25.5, 25.0, 24.9, 25.4, 25.6, 24.4, 25.8, 24.4]",10.284,2.8369999999999997,25.6,74.4
385,2021041118,HXXID5,艾特网能空调1710,25.0,50.0,0,0.0,25.5,0,0.0,1,26.294117647058822,"[30.6, 27.6, 27.2, 34.1, 24.5, 24.6, 24.3, 24.6, 25.9, 25.6, 26.8, 26.4, 24.9, 24.6, 25.8, 25.4, 24.1]",13.908999999999999,0.0,25.6,74.4
386,2021041118,HXXID5,艾特网能空调1709,24.0,60.0,1,55.0,25.5,1,52.0,1,25.875000000000004,"[26.3, 24.7, 26.1, 26.7, 27.1, 25.4, 24.2, 26.0, 25.3, 26.0, 26.6, 26.1]",4.516,2.021,25.6,74.4
387,2021041118,HXXID5,艾特网能空调1704,25.0,50.0,1,58.0,26.8,1,49.0,1,24.732000000000003,"[24.09, 23.3, 23.1, 23.6, 23.9, 24.0, 23.9, 24.09, 26.4, 26.8, 26.6, 26.8, 24.8, 25.2, 24.4]",14.921999999999999,2.3369999999999997,25.6,74.4
388,2021041118,HXXID5,艾特网能空调1705,25.0,50.0,0,0.0,26.3,0,0.0,1,24.105625,"[24.09, 24.5, 24.5, 24.8, 24.5, 25.9, 24.9, 24.5, 22.9, 22.8, 23.0, 23.1, 23.5, 23.5, 24.9, 24.3]",3.2310000000000003,0.022000000000000002,25.6,74.4
389,2021041118,HXXID5,艾特网能空调1706,25.0,50.0,1,58.0,26.8,1,50.0,1,25.483846153846155,"[25.9, 24.2, 25.0, 24.2, 24.1, 24.3, 24.09, 25.1, 25.2, 25.6, 29.6, 29.2, 24.8]",4.4,2.678,25.6,74.4
390,2021041118,HXXID5,艾特网能空调1703,24.0,50.0,1,81.0,26.2,1,59.0,1,25.11538461538462,"[24.0, 24.8, 26.5, 24.4, 25.3, 25.4, 25.2, 26.0, 24.8, 24.3, 24.6, 26.1, 25.1]",17.316999999999997,5.781000000000001,25.6,74.4
391,2021041118,HXXID5,艾特网能空调1707,25.0,50.0,0,0.0,26.6,0,0.0,1,24.574375,"[24.0, 23.8, 23.9, 24.6, 24.4, 25.0, 25.8, 25.1, 25.1, 24.9, 25.3, 24.2, 24.6, 24.1, 24.3, 24.09]",16.244,0.0,25.6,74.4
392,2021041119,HXXID5,艾特网能空调1708,25.0,50.0,1,58.0,25.9,1,32.0,1,24.54,"[26.1, 23.9, 23.7, 24.3, 26.1, 24.09, 23.5, 23.5, 23.9, 25.1, 24.6, 24.6, 25.1, 25.2, 24.09, 25.4, 24.0]",10.284,2.8369999999999997,25.3,76.1
393,2021041119,HXXID5,艾特网能空调1703,24.0,50.0,1,78.0,25.9,1,52.0,1,25.04615384615385,"[23.9, 24.9, 26.1, 24.3, 25.3, 25.3, 25.1, 26.2, 24.8, 24.1, 24.5, 26.0, 25.1]",17.316999999999997,5.781000000000001,25.3,76.1
394,2021041119,HXXID5,艾特网能空调1704,25.0,50.0,1,55.0,26.6,1,44.0,1,24.58533333333333,"[24.09, 23.1, 22.9, 23.5, 23.8, 23.5, 23.3, 24.09, 26.4, 26.6, 26.3, 26.6, 24.9, 25.3, 24.4]",14.921999999999999,2.3369999999999997,25.3,76.1
395,2021041119,HXXID5,艾特网能空调1705,25.0,50.0,0,0.0,26.4,0,0.0,1,24.074374999999996,"[24.09, 24.5, 24.7, 25.1, 24.9, 25.9, 24.9, 24.2, 22.6, 22.6, 22.7, 22.9, 23.3, 23.7, 24.9, 24.2]",3.2310000000000003,0.022000000000000002,25.3,76.1
396,2021041119,HXXID5,艾特网能空调1706,25.0,50.0,1,58.0,26.8,1,49.0,1,25.715384615384615,"[25.8, 24.5, 25.5, 24.5, 24.5, 24.5, 24.5, 25.5, 25.5, 25.7, 30.0, 28.7, 25.1]",4.4,2.678,25.3,76.1
397,2021041119,HXXID5,艾特网能空调1710,25.0,50.0,0,0.0,25.6,0,0.0,1,26.194117647058825,"[30.6, 27.5, 27.4, 34.0, 24.3, 24.6, 24.0, 24.3, 25.9, 25.5, 26.8, 26.4, 24.6, 24.4, 25.6, 25.4, 24.0]",13.908999999999999,0.0,25.3,76.1
398,2021041119,HXXID5,艾特网能空调1709,24.0,60.0,1,52.0,25.3,1,46.0,1,25.883333333333336,"[26.1, 24.9, 25.8, 26.5, 27.0, 25.2, 24.6, 26.3, 25.8, 26.0, 26.5, 25.9]",4.516,2.021,25.3,76.1
399,2021041119,HXXID5,艾特网能空调1707,25.0,50.0,0,0.0,26.6,0,0.0,1,24.211875,"[23.7, 23.6, 23.8, 24.1, 24.2, 24.8, 25.6, 24.5, 25.0, 24.4, 24.8, 23.5, 24.1, 23.5, 23.7, 24.09]",16.244,0.0,25.3,76.1
400,2021041120,HXXID5,艾特网能空调1703,24.0,50.0,1,81.0,26.2,1,57.0,1,25.16153846153846,"[24.1, 24.9, 26.5, 24.3, 25.4, 25.4, 25.2, 26.1, 24.8, 24.3, 24.7, 26.2, 25.2]",17.316999999999997,5.781000000000001,24.7,78.5
401,2021041120,HXXID5,艾特网能空调1704,25.0,50.0,1,58.0,26.8,1,49.0,1,24.485333333333337,"[24.09, 23.2, 22.8, 23.2, 23.5, 23.4, 23.3, 24.09, 26.3, 26.5, 26.2, 26.4, 24.7, 25.1, 24.5]",14.921999999999999,2.3369999999999997,24.7,78.5
402,2021041120,HXXID5,艾特网能空调1707,25.0,50.0,0,0.0,26.6,0,0.0,1,24.374375,"[24.1, 24.0, 24.1, 24.0, 24.5, 25.3, 26.0, 24.4, 25.1, 24.6, 24.9, 23.5, 24.0, 23.6, 23.8, 24.09]",16.244,0.0,24.7,78.5
403,2021041120,HXXID5,艾特网能空调1708,25.0,50.0,1,59.0,26.0,1,35.0,1,24.67,"[26.9, 23.8, 24.0, 24.4, 26.1, 24.09, 23.5, 23.5, 23.9, 25.2, 24.6, 24.7, 25.3, 25.5, 24.3, 25.6, 24.0]",10.284,2.8369999999999997,24.7,78.5
404,2021041120,HXXID5,艾特网能空调1709,24.0,60.0,1,52.0,25.3,1,46.0,1,25.850000000000005,"[26.4, 24.7, 26.0, 26.6, 27.0, 25.3, 24.3, 26.1, 25.3, 26.0, 26.5, 26.0]",4.516,2.021,24.7,78.5
405,2021041120,HXXID5,艾特网能空调1710,25.0,50.0,0,0.0,25.6,0,0.0,1,26.229411764705883,"[30.5, 27.6, 27.3, 34.2, 24.3, 24.7, 24.3, 24.5, 25.8, 25.6, 26.7, 26.3, 24.8, 24.5, 25.5, 25.2, 24.1]",13.908999999999999,0.0,24.7,78.5
406,2021041120,HXXID5,艾特网能空调1705,25.0,50.0,0,0.0,26.4,0,0.0,1,24.043124999999996,"[24.09, 24.5, 24.7, 25.0, 24.7, 26.0, 24.8, 24.1, 22.7, 22.6, 22.7, 22.9, 23.4, 23.6, 24.9, 24.0]",3.2310000000000003,0.022000000000000002,24.7,78.5
407,2021041120,HXXID5,艾特网能空调1706,25.0,50.0,1,58.0,26.8,1,49.0,1,25.592307692307696,"[25.8, 24.6, 25.3, 24.3, 24.4, 24.3, 24.3, 25.3, 25.4, 25.6, 29.8, 28.6, 25.0]",4.4,2.678,24.7,78.5
408,2021041121,HXXID5,艾特网能空调1705,25.0,50.0,0,0.0,26.4,0,0.0,1,23.987500000000004,"[24.1, 25.1, 25.0, 25.8, 25.2, 26.2, 25.5, 23.8, 21.8, 22.0, 21.9, 22.1, 22.8, 23.5, 24.7, 24.3]",3.2310000000000003,0.022000000000000002,24.6,78.2
409,2021041121,HXXID5,艾特网能空调1703,24.0,50.0,1,76.0,25.7,1,46.0,1,24.738461538461536,"[23.7, 24.5, 26.3, 24.0, 25.0, 25.1, 24.7, 26.1, 24.5, 23.6, 24.1, 25.5, 24.5]",17.316999999999997,5.781000000000001,24.6,78.2
410,2021041121,HXXID5,艾特网能空调1707,25.0,50.0,0,0.0,26.7,0,0.0,1,23.624375,"[23.0, 22.8, 23.0, 23.8, 23.5, 24.1, 25.6, 23.9, 24.1, 23.7, 24.5, 23.1, 23.6, 22.4, 22.8, 24.09]",16.244,0.0,24.6,78.2
411,2021041121,HXXID5,艾特网能空调1708,25.0,50.0,1,55.0,25.8,1,25.0,1,24.42823529411765,"[28.2, 23.6, 23.1, 24.0, 25.7, 24.09, 23.1, 23.6, 23.4, 24.6, 24.3, 24.5, 25.1, 25.1, 24.09, 25.3, 23.5]",10.284,2.8369999999999997,24.6,78.2
412,2021041121,HXXID5,艾特网能空调1709,24.0,60.0,1,47.0,24.8,1,37.0,1,25.683333333333337,"[26.2, 24.6, 25.7, 26.3, 26.7, 25.1, 24.3, 26.1, 25.3, 25.8, 26.3, 25.8]",4.516,2.021,24.6,78.2
413,2021041121,HXXID5,艾特网能空调1706,25.0,50.0,1,54.0,26.4,1,39.0,1,26.015384615384615,"[25.9, 24.9, 25.9, 25.0, 24.7, 24.8, 25.0, 26.0, 25.8, 26.1, 29.1, 29.7, 25.3]",4.4,2.678,24.6,78.2
414,2021041121,HXXID5,艾特网能空调1710,25.0,50.0,0,0.0,25.5,0,0.0,1,25.91764705882353,"[30.0, 27.0, 27.9, 34.3, 24.0, 24.3, 23.7, 23.9, 25.5, 25.3, 26.6, 26.3, 24.0, 23.9, 25.1, 25.3, 23.5]",13.908999999999999,0.0,24.6,78.2
415,2021041121,HXXID5,艾特网能空调1704,25.0,50.0,1,52.0,26.3,1,36.0,1,24.29866666666667,"[24.09, 22.8, 22.3, 23.2, 23.5, 23.0, 22.6, 24.09, 26.3, 26.5, 25.9, 26.3, 24.5, 25.1, 24.3]",14.921999999999999,2.3369999999999997,24.6,78.2
416,2021041122,HXXID5,艾特网能空调1703,24.0,50.0,1,76.0,25.7,1,46.0,1,24.62307692307692,"[23.4, 24.3, 26.1, 23.8, 24.9, 25.0, 24.6, 26.6, 24.4, 23.5, 23.8, 25.4, 24.3]",17.063,5.781000000000001,24.4,78.7
417,2021041122,HXXID5,艾特网能空调1705,25.0,50.0,0,0.0,26.4,0,0.0,1,23.975,"[24.1, 25.1, 24.8, 25.7, 25.1, 26.1, 25.5, 23.7, 22.0, 22.0, 22.1, 22.3, 22.8, 23.4, 24.6, 24.3]",3.67,0.022000000000000002,24.4,78.7
418,2021041122,HXXID5,艾特网能空调1706,25.0,50.0,1,53.0,26.4,1,38.0,1,25.807692307692307,"[25.9, 24.8, 25.5, 24.9, 24.4, 24.8, 24.1, 25.4, 25.6, 26.1, 29.4, 29.5, 25.1]",4.316,2.678,24.4,78.7
419,2021041122,HXXID5,艾特网能空调1708,25.0,50.0,1,59.0,26.0,1,35.0,1,24.31058823529412,"[26.2, 23.0, 23.2, 24.1, 27.1, 24.09, 23.5, 23.6, 23.3, 24.8, 24.2, 24.1, 24.8, 24.9, 24.09, 25.0, 23.3]",10.08,2.8369999999999997,24.4,78.7
420,2021041122,HXXID5,艾特网能空调1709,24.0,60.0,1,49.0,24.9,1,36.0,1,25.55,"[26.0, 24.6, 25.6, 26.2, 26.6, 24.9, 24.1, 26.0, 25.3, 25.6, 26.1, 25.6]",4.492,2.021,24.4,78.7
421,2021041122,HXXID5,艾特网能空调1710,25.0,50.0,0,0.0,25.3,0,0.0,1,25.781764705882352,"[28.9, 26.9, 28.1, 34.5, 23.8, 24.09, 23.5, 23.9, 25.4, 25.4, 26.5, 26.1, 24.0, 23.8, 25.0, 25.0, 23.4]",13.938999999999998,0.0,24.4,78.7
422,2021041122,HXXID5,艾特网能空调1704,25.0,50.0,1,52.0,26.3,1,36.0,1,24.145333333333337,"[24.09, 22.8, 22.3, 22.8, 23.1, 22.8, 22.6, 24.09, 26.1, 26.3, 25.6, 26.1, 24.5, 24.9, 24.1]",14.764999999999999,2.3369999999999997,24.4,78.7
423,2021041122,HXXID5,艾特网能空调1707,25.0,50.0,0,0.0,26.7,0,0.0,1,23.543125,"[23.1, 23.0, 23.3, 23.2, 23.5, 24.3, 25.3, 23.5, 24.6, 23.7, 24.0, 22.5, 23.0, 22.6, 23.0, 24.09]",16.365,0.0,24.4,78.7
424,2021041123,HXXID5,艾特网能空调1709,24.0,60.0,1,46.0,24.7,1,35.0,1,25.51666666666667,"[26.3, 24.7, 25.6, 26.2, 26.6, 24.9, 24.0, 25.8, 25.1, 25.5, 26.0, 25.5]",4.492,2.021,24.1,79.6
425,2021041123,HXXID5,艾特网能空调1704,25.0,50.0,1,52.0,26.3,1,35.0,1,24.10533333333333,"[24.09, 23.0, 22.1, 22.8, 23.1, 22.8, 22.5, 24.09, 26.0, 26.3, 25.7, 26.1, 24.4, 24.7, 23.9]",14.764999999999999,2.3369999999999997,24.1,79.6
426,2021041123,HXXID5,艾特网能空调1705,25.0,50.0,0,0.0,26.3,0,0.0,1,24.025,"[24.1, 25.2, 25.2, 25.7, 25.5, 26.1, 25.5, 23.7, 22.0, 21.9, 22.0, 22.1, 22.8, 23.5, 24.7, 24.4]",3.67,0.022000000000000002,24.1,79.6
427,2021041123,HXXID5,艾特网能空调1706,25.0,50.0,1,53.0,26.4,1,38.0,1,26.138461538461538,"[26.0, 25.1, 26.0, 25.1, 24.7, 25.1, 25.0, 26.0, 26.1, 26.4, 29.2, 29.6, 25.5]",4.316,2.678,24.1,79.6
428,2021041123,HXXID5,艾特网能空调1707,25.0,50.0,0,0.0,26.7,0,0.0,1,23.805625,"[23.3, 23.2, 23.4, 23.6, 23.6, 24.5, 25.7, 23.9, 24.6, 24.0, 24.1, 23.0, 23.5, 23.1, 23.3, 24.09]",16.365,0.0,24.1,79.6
429,2021041123,HXXID5,艾特网能空调1708,25.0,50.0,1,55.0,25.8,1,28.0,1,24.151764705882357,"[24.4, 23.4, 23.5, 24.3, 25.8, 24.09, 23.3, 23.6, 23.4, 24.8, 24.1, 24.1, 24.8, 24.8, 24.09, 24.8, 23.3]",10.08,2.8369999999999997,24.1,79.6
430,2021041123,HXXID5,艾特网能空调1710,25.0,50.0,0,0.0,25.2,0,0.0,1,25.646470588235296,"[29.5, 26.8, 27.9, 34.3, 23.6, 24.09, 23.4, 23.7, 25.2, 25.0, 26.3, 26.0, 23.7, 23.7, 24.8, 24.9, 23.1]",13.938999999999998,0.0,24.1,79.6
431,2021041123,HXXID5,艾特网能空调1703,24.0,50.0,1,78.0,25.8,1,49.0,1,24.338461538461537,"[23.2, 24.2, 25.3, 23.5, 24.6, 24.8, 24.5, 26.6, 24.1, 23.2, 23.5, 25.0, 23.9]",17.063,5.781000000000001,24.1,79.6
