,temp,setting_t,return_t,max_h,pre_y
0,24.85,25.0,25.7,24.9,26.0
1,24.8,25.0,25.6,24.9,26.0
2,24.75,25.0,25.7,24.8,26.0
3,24.700000000000003,25.0,25.6,24.8,26.0
4,24.700000000000003,25.0,25.7,24.8,26.0
5,24.8,26.0,25.9,24.9,28.0
6,25.05,26.0,26.5,25.1,27.0
7,25.200000000000003,26.0,26.4,25.3,27.0
8,25.35,26.0,26.5,25.4,27.0
9,25.35,26.0,26.5,25.4,27.0
10,25.15,25.0,25.5,25.2,26.0
11,25.0,25.0,25.6,25.1,26.0
12,24.85,25.0,25.6,24.9,26.0
13,24.8,25.0,25.6,24.9,26.0
14,24.700000000000003,25.0,25.6,24.8,26.0
15,24.700000000000003,25.0,25.7,24.8,26.0
16,24.700000000000003,25.0,25.6,24.8,26.0
17,24.700000000000003,25.0,25.6,24.8,26.0
18,24.700000000000003,25.0,25.6,24.8,26.0
19,24.700000000000003,25.0,25.6,24.8,26.0
20,24.700000000000003,25.0,25.6,24.8,26.0
21,24.75,26.0,26.2,24.8,26.0
22,25.0,26.0,26.5,25.1,27.0
23,25.200000000000003,26.0,26.4,25.3,27.0
24,25.3,26.0,26.5,25.4,27.0
25,25.15,25.0,25.5,25.2,26.0
26,25.0,25.0,25.7,25.1,26.0
27,24.85,25.0,25.7,24.9,26.0
28,24.75,25.0,25.6,24.8,26.0
29,24.75,25.0,25.6,24.8,26.0
30,24.700000000000003,25.0,25.6,24.8,26.0
31,24.700000000000003,25.0,25.6,24.8,26.0
32,24.700000000000003,25.0,25.6,24.8,26.0
33,24.700000000000003,25.0,25.6,24.8,26.0
34,24.75,26.0,26.0,24.8,28.0
35,25.05,26.0,26.5,25.1,27.0
36,25.15,26.0,26.5,25.2,27.0
37,25.15,26.0,26.5,25.2,27.0
38,25.4,26.0,26.5,25.5,27.0
39,25.25,25.0,25.6,25.3,26.0
40,25.0,25.0,25.6,25.1,26.0
41,24.9,25.0,25.7,25.0,26.0
42,24.8,25.0,25.6,24.9,26.0
43,24.75,25.0,25.5,24.8,26.0
44,24.700000000000003,25.0,25.6,24.8,26.0
45,24.8,26.0,26.2,24.9,26.0
46,25.1,26.0,26.5,25.2,27.0
47,25.200000000000003,26.0,26.5,25.3,27.0
48,25.1,25.0,25.5,25.1,26.0
49,24.95,25.0,25.5,25.0,26.0
50,24.85,25.0,25.7,24.9,26.0
51,24.8,25.0,25.6,24.9,26.0
52,24.8,25.0,25.6,24.9,26.0
53,24.75,25.0,25.7,24.8,26.0
54,24.75,25.0,25.7,24.8,26.0
55,24.75,25.0,25.7,24.8,26.0
56,24.75,25.0,25.7,24.8,26.0
57,24.45,23.0,24.2,24.5,26.0
58,23.95,23.0,23.9,24.0,26.0
59,23.75,23.0,24.0,23.8,26.0
60,23.55,23.0,24.0,23.6,26.0
61,23.55,23.0,23.9,23.6,26.0
62,23.45,23.0,24.0,23.5,26.0
63,23.6,24.0,24.9,23.7,26.0
64,23.75,24.0,24.5,23.8,26.0
65,23.85,24.0,24.7,23.9,26.0
66,23.85,24.0,24.7,23.9,26.0
67,23.9,24.0,24.7,23.9,26.0
68,23.9,24.0,24.7,23.9,26.0
69,24.05,25.0,25.4,24.1,26.0
70,24.35,25.0,25.5,24.4,26.0
71,24.45,25.0,25.6,24.5,26.0
72,24.55,25.0,25.5,24.6,26.0
73,24.6,25.0,25.6,24.6,26.0
74,24.65,25.0,25.6,24.7,26.0
75,24.75,26.0,26.0,24.8,28.0
76,25.0,26.0,26.5,25.1,27.0
77,25.2,26.0,26.4,25.2,27.0
78,25.25,26.0,26.4,25.3,27.0
79,25.35,26.0,26.5,25.4,27.0
80,25.1,25.0,25.5,25.1,26.0
81,24.95,25.0,25.6,25.0,26.0
82,24.85,25.0,25.7,24.9,26.0
83,24.75,25.0,25.7,24.8,26.0
84,24.75,25.0,25.6,24.8,26.0
85,24.75,25.0,25.6,24.8,26.0
86,24.75,25.0,25.6,24.8,26.0
87,24.45,24.0,24.7,24.5,26.0
88,24.25,24.0,24.8,24.3,26.0
89,24.15,24.0,24.8,24.2,26.0
90,24.05,24.0,24.7,24.1,26.0
91,23.95,24.0,24.7,24.0,26.0
92,23.95,24.0,24.8,24.0,26.0
93,24.15,25.0,25.4,24.2,26.0
94,24.35,25.0,25.5,24.4,26.0
95,24.45,25.0,25.6,24.5,26.0
96,24.55,25.0,25.6,24.6,26.0
97,24.6,25.0,25.6,24.6,26.0
98,24.65,25.0,25.6,24.7,26.0
99,24.700000000000003,26.0,26.0,24.8,28.0
100,25.0,26.0,26.5,25.1,27.0
101,25.15,26.0,26.4,25.2,27.0
102,25.25,26.0,26.5,25.3,27.0
103,25.1,25.0,25.4,25.1,26.0
104,24.95,25.0,25.6,25.0,26.0
105,24.85,25.0,25.7,24.9,26.0
106,24.75,25.0,25.7,24.8,26.0
107,24.75,25.0,25.7,24.8,26.0
108,24.75,25.0,25.6,24.8,26.0
109,24.75,25.0,25.6,24.8,26.0
110,24.700000000000003,25.0,25.6,24.8,26.0
111,24.700000000000003,25.0,25.6,24.8,26.0
112,24.75,26.0,26.0,24.8,28.0
113,25.0,26.0,26.5,25.1,27.0
114,25.15,26.0,26.4,25.2,27.0
115,25.25,26.0,26.5,25.3,27.0
116,25.15,25.0,25.5,25.2,26.0
117,24.95,25.0,25.6,25.0,26.0
118,24.85,25.0,25.7,24.9,26.0
119,24.75,25.0,25.5,24.8,26.0
120,24.75,25.0,25.6,24.8,26.0
121,24.75,25.0,25.6,24.8,26.0
122,24.700000000000003,25.0,25.6,24.8,26.0
123,24.5,24.0,24.7,24.6,26.0
124,24.3,24.0,24.8,24.4,26.0
125,24.15,24.0,24.7,24.2,26.0
126,24.05,24.0,24.8,24.1,26.0
127,24.05,24.0,24.8,24.1,26.0
128,24.05,24.0,24.7,24.1,26.0
129,24.0,24.0,24.7,24.0,26.0
130,23.95,24.0,24.8,24.0,26.0
131,23.95,24.0,24.8,24.0,26.0
132,23.95,24.0,24.8,24.0,26.0
133,23.95,24.0,24.8,24.0,26.0
134,23.95,24.0,24.8,24.0,26.0
135,24.05,25.0,25.4,24.1,26.0
136,24.05,25.0,25.5,24.1,26.0
137,24.05,25.0,25.7,24.1,26.0
138,24.55,25.0,25.6,24.6,26.0
139,24.55,25.0,25.6,24.6,26.0
140,24.65,25.0,25.6,24.7,26.0
141,24.65,26.0,26.0,24.7,28.0
142,24.95,26.0,26.0,25.0,28.0
143,25.2,26.0,26.0,25.2,28.0
144,25.3,26.0,26.5,25.3,27.0
145,25.35,25.0,26.5,25.4,27.0
146,25.1,25.0,25.5,25.1,26.0
147,24.95,25.0,25.6,25.0,26.0
148,24.9,25.0,25.8,24.9,26.0
149,24.9,25.0,25.6,24.9,26.0
150,24.75,25.0,25.7,24.8,26.0
151,24.75,25.0,25.6,24.8,26.0
152,24.75,25.0,25.6,24.8,26.0
153,24.75,24.0,24.7,24.8,26.0
154,24.3,24.0,24.9,24.4,26.0
155,24.25,24.0,24.8,24.3,26.0
156,24.25,24.0,24.8,24.3,26.0
157,24.05,24.0,24.8,24.1,26.0
158,23.95,24.0,24.7,24.0,26.0
159,23.95,25.0,25.4,24.0,26.0
160,24.35,25.0,25.6,24.4,26.0
161,24.45,25.0,25.6,24.5,26.0
162,24.45,25.0,25.6,24.5,26.0
163,24.45,25.0,25.6,24.5,26.0
164,24.65,25.0,25.6,24.7,26.0
165,24.65,25.0,25.6,24.7,26.0
166,24.65,26.0,26.0,24.7,28.0
167,24.95,26.0,26.4,25.0,27.0
168,25.1,26.0,26.6,25.1,28.0
169,25.1,26.0,26.6,25.1,28.0
170,25.35,26.0,26.5,25.4,27.0
171,24.95,25.0,25.5,25.0,26.0
172,24.85,25.0,25.6,24.9,26.0
173,24.75,25.0,25.6,24.8,26.0
174,24.75,25.0,25.6,24.8,26.0
175,24.75,24.0,24.8,24.8,26.0
176,24.75,24.0,24.9,24.8,26.0
177,24.75,24.0,24.7,24.8,26.0
178,24.05,24.0,24.7,24.1,26.0
179,23.95,24.0,24.7,24.0,26.0
180,23.95,24.0,24.7,24.0,26.0
181,23.95,24.0,24.7,24.0,26.0
182,23.95,24.0,24.7,24.0,26.0
183,23.95,25.0,25.2,24.0,26.0
184,23.95,25.0,25.6,24.0,26.0
185,23.95,25.0,25.6,24.0,26.0
186,23.95,25.0,25.6,24.0,26.0
187,24.55,25.0,25.5,24.6,26.0
188,24.55,26.0,26.0,24.6,28.0
189,24.95,26.0,26.4,25.0,27.0
190,25.15,26.0,26.5,25.2,27.0
191,25.25,26.0,26.4,25.3,27.0
192,25.25,26.0,26.4,25.3,27.0
193,25.3,26.0,26.4,25.4,27.0
194,25.15,25.0,25.5,25.2,26.0
195,25.05,25.0,25.6,25.1,26.0
196,24.95,24.0,25.4,25.0,26.0
197,24.95,24.0,25.4,25.0,26.0
198,24.200000000000003,24.0,24.7,24.3,26.0
199,24.200000000000003,25.0,24.8,24.3,26.0
200,24.45,25.0,24.8,24.5,26.0
201,24.45,25.0,25.6,24.5,26.0
202,24.45,25.0,25.6,24.5,26.0
203,24.65,25.0,25.6,24.7,26.0
204,24.65,25.0,25.6,24.7,26.0
205,24.75,26.0,26.1,24.8,28.0
206,25.0,26.0,26.5,25.1,27.0
207,25.15,26.0,26.4,25.2,27.0
208,25.15,26.0,26.4,25.2,27.0
209,25.15,26.0,26.5,25.2,27.0
210,25.35,26.0,26.5,25.4,27.0
211,25.4,26.0,26.5,25.5,27.0
212,25.3,25.0,25.5,25.4,28.0
213,25.05,25.0,25.7,25.1,26.0
214,24.85,25.0,25.6,24.9,26.0
215,24.8,25.0,25.6,24.9,26.0
216,24.8,25.0,25.7,24.9,26.0
217,24.8,24.0,24.7,24.9,26.0
218,24.8,24.0,24.7,24.9,26.0
219,24.8,24.0,24.7,24.9,26.0
220,24.1,24.0,24.8,24.2,26.0
221,24.05,24.0,24.8,24.1,26.0
222,24.05,24.0,24.8,24.1,26.0
223,23.95,24.0,24.8,24.0,26.0
224,23.95,25.0,24.7,24.0,26.0
225,23.95,25.0,24.7,24.0,26.0
226,24.5,25.0,25.6,24.6,26.0
227,24.5,25.0,25.5,24.6,26.0
228,24.5,25.0,25.6,24.6,26.0
229,24.65,26.0,26.1,24.7,28.0
230,24.8,26.0,26.3,24.9,27.0
231,24.8,26.0,26.3,24.9,27.0
232,25.3,26.0,26.6,25.4,27.0
233,25.35,26.0,26.5,25.4,27.0
234,25.35,26.0,26.5,25.4,27.0
235,25.15,25.0,25.7,25.2,26.0
236,24.95,25.0,25.6,25.0,26.0
237,24.85,25.0,25.8,24.9,26.0
238,24.75,25.0,25.6,24.8,26.0
239,24.75,25.0,25.7,24.8,26.0
240,24.700000000000003,25.0,25.6,24.8,26.0
241,24.700000000000003,25.0,25.7,24.8,26.0
242,24.75,26.0,26.1,24.8,28.0
243,25.15,26.0,26.6,25.2,28.0
244,25.200000000000003,26.0,26.4,25.3,27.0
245,25.3,26.0,26.5,25.4,27.0
246,25.05,25.0,25.5,25.1,26.0
247,24.95,25.0,25.5,25.0,26.0
248,24.85,25.0,25.7,24.9,26.0
249,24.8,25.0,25.6,24.9,26.0
250,24.8,25.0,25.6,24.9,26.0
251,24.700000000000003,25.0,25.6,24.8,26.0
252,24.700000000000003,25.0,25.6,24.8,26.0
253,24.85,26.0,26.2,24.9,26.0
254,25.05,26.0,26.5,25.1,27.0
255,25.200000000000003,26.0,26.4,25.3,27.0
256,25.3,26.0,26.5,25.4,27.0
257,25.35,26.0,26.5,25.4,27.0
258,25.15,25.0,25.5,25.2,26.0
259,24.95,25.0,25.6,25.0,26.0
260,24.85,25.0,25.7,24.9,26.0
261,24.8,25.0,25.6,24.9,26.0
262,24.700000000000003,25.0,25.5,24.8,26.0
263,24.700000000000003,25.0,25.6,24.8,26.0
264,24.700000000000003,25.0,25.6,24.8,26.0
265,24.8,26.0,26.1,24.9,28.0
266,25.1,26.0,26.5,25.2,27.0
267,25.200000000000003,26.0,26.4,25.3,27.0
268,25.3,26.0,26.5,25.4,27.0
269,25.05,25.0,25.5,25.1,26.0
270,24.95,25.0,25.6,25.0,26.0
271,24.85,25.0,25.7,24.9,26.0
272,24.75,25.0,25.6,24.8,26.0
273,24.700000000000003,25.0,25.5,24.8,26.0
274,24.700000000000003,25.0,25.6,24.8,26.0
275,24.700000000000003,25.0,25.7,24.8,26.0
276,24.700000000000003,25.0,25.6,24.8,26.0
277,24.75,26.0,26.1,24.8,28.0
278,24.85,26.0,26.4,24.9,27.0
279,24.85,26.0,26.4,24.9,27.0
280,25.3,26.0,26.5,25.4,27.0
281,25.35,26.0,26.4,25.4,27.0
282,25.4,26.0,26.6,25.5,27.0
283,25.15,25.0,25.6,25.2,26.0
284,25.0,25.0,25.6,25.1,26.0
285,24.85,25.0,25.7,24.9,26.0
286,24.8,25.0,25.5,24.9,26.0
287,24.700000000000003,25.0,25.6,24.8,26.0
288,24.700000000000003,25.0,25.5,24.8,26.0
289,24.8,26.0,26.1,24.9,28.0
290,25.1,26.0,26.6,25.2,28.0
291,25.200000000000003,26.0,26.4,25.3,27.0
292,25.0,25.0,25.5,25.1,26.0
293,24.9,25.0,25.6,25.0,26.0
294,24.8,25.0,25.7,24.9,26.0
295,24.8,25.0,25.6,24.9,26.0
296,24.55,24.0,24.7,24.6,26.0
297,24.35,24.0,24.9,24.4,26.0
298,24.200000000000003,24.0,24.8,24.3,26.0
299,24.05,24.0,24.7,24.1,26.0
300,24.05,24.0,24.7,24.1,26.0
301,24.1,25.0,25.4,24.2,26.0
302,24.35,25.0,25.5,24.4,26.0
303,24.5,25.0,25.6,24.6,26.0
304,24.55,25.0,25.6,24.6,26.0
305,24.6,25.0,25.6,24.7,26.0
306,24.65,25.0,25.6,24.7,26.0
307,24.75,26.0,26.1,24.8,28.0
308,25.1,26.0,26.6,25.2,28.0
309,25.200000000000003,26.0,26.4,25.3,27.0
310,25.35,26.0,26.5,25.4,27.0
311,25.15,25.0,25.6,25.2,26.0
312,24.95,25.0,25.6,25.0,26.0
313,24.85,25.0,25.7,24.9,26.0
314,24.8,25.0,25.7,24.9,26.0
315,24.75,25.0,25.6,24.8,26.0
316,24.700000000000003,25.0,25.6,24.8,26.0
317,24.700000000000003,25.0,25.7,24.8,26.0
318,24.700000000000003,25.0,25.6,24.8,26.0
319,24.8,26.0,26.0,24.9,28.0
320,25.0,26.0,26.6,25.1,28.0
321,25.200000000000003,26.0,26.4,25.3,27.0
322,25.3,26.0,26.5,25.4,27.0
323,25.35,26.0,26.5,25.4,27.0
324,25.1,25.0,25.6,25.1,26.0
325,24.9,25.0,25.6,25.0,26.0
326,24.85,25.0,25.8,24.9,26.0
327,24.8,25.0,25.8,24.9,26.0
328,24.8,25.0,25.7,24.9,26.0
329,24.700000000000003,25.0,25.6,24.8,26.0
330,24.700000000000003,25.0,25.6,24.8,26.0
331,24.8,26.0,26.1,24.9,28.0
332,25.1,26.0,26.6,25.2,28.0
333,25.15,26.0,26.5,25.2,27.0
334,25.15,26.0,26.5,25.2,27.0
335,25.4,25.0,26.6,25.5,27.0
336,25.05,25.0,25.8,25.1,26.0
337,24.95,25.0,25.5,25.0,26.0
338,24.85,25.0,25.7,24.9,26.0
339,24.8,25.0,25.6,24.9,26.0
340,24.8,25.0,25.7,24.9,26.0
341,24.700000000000003,25.0,25.5,24.8,26.0
342,24.700000000000003,25.0,25.7,24.8,26.0
343,24.8,26.0,26.0,24.9,28.0
344,25.15,26.0,26.6,25.2,28.0
345,25.200000000000003,26.0,26.5,25.3,27.0
346,25.200000000000003,26.0,26.5,25.3,27.0
347,25.4,25.0,26.5,25.5,27.0
348,25.1,25.0,25.6,25.2,26.0
349,24.95,25.0,25.8,25.0,26.0
350,24.8,25.0,25.7,24.9,26.0
351,24.8,25.0,25.6,24.9,26.0
352,24.8,25.0,25.6,24.9,26.0
353,24.700000000000003,25.0,25.7,24.8,26.0
354,24.700000000000003,25.0,25.7,24.8,26.0
355,24.8,26.0,26.2,24.9,26.0
356,25.200000000000003,26.0,26.4,25.3,27.0
357,25.25,26.0,26.5,25.3,27.0
358,25.4,26.0,26.6,25.5,27.0
359,25.15,25.0,25.5,25.2,26.0
360,25.0,25.0,25.6,25.1,26.0
361,24.85,25.0,25.7,24.9,26.0
362,24.8,25.0,25.7,24.9,26.0
363,24.8,25.0,25.7,24.9,26.0
364,24.700000000000003,25.0,25.7,24.8,26.0
365,24.700000000000003,25.0,25.6,24.8,26.0
366,24.700000000000003,25.0,25.6,24.8,26.0
367,24.700000000000003,26.0,26.0,24.8,28.0
368,24.700000000000003,26.0,26.5,24.8,27.0
369,24.700000000000003,26.0,26.4,24.8,27.0
370,25.35,26.0,26.6,25.4,27.0
371,25.4,26.0,26.4,25.5,27.0
372,25.4,26.0,26.5,25.5,27.0
373,25.4,25.0,25.5,25.5,28.0
374,25.4,25.0,25.6,25.5,28.0
375,24.85,25.0,25.6,24.9,26.0
376,24.8,25.0,25.6,24.9,26.0
377,24.8,25.0,25.6,24.9,26.0
378,24.75,25.0,25.6,24.9,26.0
379,24.75,24.0,24.8,24.9,26.0
380,24.75,24.0,24.9,24.9,26.0
381,24.15,24.0,24.7,24.2,26.0
382,24.1,24.0,24.8,24.2,26.0
383,24.05,24.0,24.8,24.1,26.0
384,24.0,24.0,24.8,24.1,26.0
385,24.15,25.0,25.6,24.2,26.0
386,24.4,25.0,25.5,24.5,26.0
387,24.5,25.0,25.7,24.6,26.0
388,24.6,25.0,25.6,24.7,26.0
389,24.65,25.0,25.6,24.7,26.0
390,24.65,25.0,25.6,24.7,26.0
391,24.65,25.0,25.6,24.7,26.0
392,24.65,25.0,25.6,24.7,26.0
393,24.700000000000003,25.0,25.6,24.8,26.0
394,24.65,25.0,25.6,24.7,26.0
395,24.65,25.0,25.6,24.7,26.0
396,24.700000000000003,25.0,25.6,24.8,26.0
397,24.700000000000003,26.0,26.0,24.8,28.0
398,25.0,26.0,26.4,25.1,27.0
399,25.15,26.0,26.4,25.2,27.0
400,25.3,26.0,26.6,25.4,27.0
401,25.35,26.0,26.4,25.4,27.0
402,25.15,25.0,25.5,25.2,26.0
403,24.95,25.0,25.7,25.0,26.0
404,24.85,25.0,25.7,24.9,26.0
405,24.8,25.0,25.6,24.9,26.0
406,24.8,25.0,25.6,24.9,26.0
407,24.75,25.0,25.7,24.9,26.0
408,24.700000000000003,25.0,25.6,24.8,26.0
409,24.8,25.0,25.6,24.9,26.0
410,25.0,25.0,25.6,25.1,26.0
411,25.0,26.0,26.5,25.1,27.0
412,25.3,26.0,26.5,25.4,27.0
413,25.3,26.0,26.5,25.4,27.0
414,25.3,26.0,26.5,25.4,27.0
415,25.15,25.0,25.5,25.2,26.0
416,25.0,25.0,25.6,25.1,26.0
417,24.85,25.0,25.7,24.9,26.0
418,24.8,25.0,25.7,24.9,26.0
419,24.8,25.0,25.8,24.9,26.0
420,24.8,25.0,25.8,24.9,26.0
421,24.700000000000003,25.0,25.6,24.8,26.0
422,24.6,24.0,24.7,24.7,26.0
423,24.45,24.0,24.8,24.5,26.0
424,24.45,24.0,24.8,24.5,26.0
425,24.1,24.0,24.8,24.2,26.0
426,24.0,24.0,24.7,24.1,26.0
427,24.05,25.0,25.5,24.1,26.0
428,24.200000000000003,25.0,25.5,24.3,26.0
429,24.200000000000003,25.0,25.5,24.3,26.0
430,24.200000000000003,25.0,25.6,24.3,26.0
431,24.200000000000003,25.0,25.5,24.3,26.0
432,24.6,25.0,25.5,24.7,26.0
433,24.65,25.0,25.5,24.7,26.0
434,24.700000000000003,26.0,26.1,24.8,28.0
435,24.950000000000003,26.0,26.4,25.1,27.0
436,25.200000000000003,26.0,26.4,25.3,27.0
437,25.3,25.0,26.5,25.4,27.0
438,25.1,25.0,25.5,25.1,26.0
439,24.95,25.0,25.6,25.0,26.0
440,24.85,25.0,25.6,24.9,26.0
441,24.75,25.0,25.6,24.8,26.0
442,24.700000000000003,25.0,25.5,24.8,26.0
443,24.700000000000003,25.0,25.6,24.8,26.0
444,24.700000000000003,25.0,25.6,24.8,26.0
445,24.700000000000003,25.0,25.6,24.8,26.0
446,24.75,26.0,26.1,24.8,28.0
447,24.9,26.0,26.6,24.9,28.0
448,25.200000000000003,26.0,26.4,25.3,27.0
449,25.3,26.0,26.4,25.4,27.0
450,25.35,26.0,26.4,25.4,27.0
451,25.4,26.0,26.5,25.5,27.0
452,25.4,26.0,26.5,25.5,27.0
453,25.4,26.0,26.5,25.5,27.0
454,25.15,25.0,25.5,25.2,26.0
455,25.1,25.0,25.8,25.2,26.0
456,25.1,25.0,25.8,25.2,26.0
457,24.8,25.0,25.6,24.9,26.0
458,24.65,24.0,24.7,24.7,26.0
459,24.25,24.0,24.9,24.3,26.0
460,24.15,24.0,24.8,24.2,26.0
461,24.05,24.0,24.8,24.1,26.0
462,24.0,24.0,24.8,24.1,26.0
463,24.0,25.0,25.5,24.1,26.0
464,24.0,25.0,25.5,24.1,26.0
465,24.45,25.0,25.6,24.5,26.0
466,24.55,25.0,25.6,24.6,26.0
467,24.6,25.0,25.5,24.7,26.0
468,24.6,25.0,25.6,24.7,26.0
469,24.700000000000003,26.0,26.0,24.8,28.0
470,25.05,26.0,26.5,25.1,27.0
471,25.200000000000003,26.0,26.5,25.3,27.0
472,25.3,26.0,26.5,25.4,27.0
473,25.35,26.0,26.5,25.4,27.0
474,25.15,25.0,25.5,25.2,26.0
475,24.95,25.0,25.6,25.0,26.0
476,24.85,25.0,25.6,24.9,26.0
477,24.8,25.0,25.6,24.9,26.0
478,24.75,25.0,25.6,24.8,26.0
479,24.700000000000003,25.0,25.5,24.8,26.0
480,24.700000000000003,25.0,25.6,24.8,26.0
481,24.8,26.0,26.1,24.9,28.0
482,24.9,26.0,26.6,25.0,28.0
483,25.05,26.0,26.5,25.3,27.0
484,25.3,26.0,26.5,25.4,27.0
485,25.4,26.0,26.5,25.5,27.0
486,25.1,25.0,25.5,25.2,26.0
487,25.05,25.0,25.8,25.1,26.0
488,25.05,25.0,25.8,25.1,26.0
489,24.8,25.0,25.6,24.9,26.0
490,24.700000000000003,25.0,25.6,24.8,26.0
491,24.700000000000003,25.0,25.6,24.8,26.0
492,24.700000000000003,25.0,25.6,24.8,26.0
493,24.700000000000003,26.0,26.1,24.8,28.0
494,25.0,26.0,26.6,25.1,28.0
495,25.200000000000003,26.0,26.6,25.3,28.0
496,25.3,26.0,26.6,25.4,27.0
497,25.15,25.0,25.5,25.2,26.0
498,25.0,25.0,25.6,25.1,26.0
499,25.0,25.0,25.6,25.1,26.0
500,25.0,25.0,25.7,25.1,26.0
501,24.8,25.0,25.7,24.9,26.0
502,24.8,25.0,25.6,24.9,26.0
503,24.700000000000003,25.0,25.6,24.8,26.0
504,24.700000000000003,25.0,25.6,24.8,26.0
505,24.700000000000003,26.0,26.2,24.8,26.0
506,24.9,26.0,26.6,25.2,28.0
507,25.3,25.0,26.4,25.4,27.0
508,25.3,25.0,25.5,25.4,28.0
509,25.3,25.0,25.6,25.4,28.0
510,24.8,25.0,25.7,24.9,26.0
511,24.700000000000003,25.0,25.7,24.8,26.0
512,24.75,25.0,25.7,24.9,26.0
513,24.700000000000003,24.0,24.8,24.8,26.0
514,24.35,24.0,24.9,24.4,26.0
515,24.200000000000003,24.0,24.8,24.3,26.0
516,24.200000000000003,24.0,24.8,24.3,26.0
517,24.200000000000003,24.0,24.8,24.3,26.0
518,24.0,24.0,24.8,24.1,26.0
519,24.0,24.0,24.8,24.1,26.0
520,24.0,24.0,24.8,24.1,26.0
521,23.95,24.0,24.7,24.0,26.0
522,23.95,24.0,24.7,24.0,26.0
523,24.1,25.0,25.5,24.2,26.0
524,24.35,25.0,25.6,24.4,26.0
525,24.45,25.0,25.6,24.5,26.0
526,24.55,25.0,25.6,24.6,26.0
527,24.6,25.0,25.6,24.7,26.0
528,24.65,25.0,25.6,24.7,26.0
529,24.75,26.0,26.1,24.8,28.0
530,25.0,26.0,26.4,25.1,27.0
531,25.200000000000003,26.0,26.4,25.3,27.0
532,25.3,26.0,26.5,25.4,27.0
533,25.35,26.0,26.5,25.4,27.0
534,25.15,25.0,25.6,25.2,26.0
535,24.95,25.0,25.7,25.0,26.0
536,24.8,25.0,25.7,24.9,26.0
537,24.700000000000003,25.0,25.5,24.8,26.0
538,24.700000000000003,25.0,25.7,24.8,26.0
539,24.700000000000003,25.0,25.6,24.8,26.0
540,24.700000000000003,25.0,25.7,24.8,26.0
541,24.8,26.0,26.0,24.9,28.0
542,25.1,26.0,26.6,25.2,28.0
543,25.200000000000003,26.0,26.4,25.3,27.0
544,25.05,25.0,25.5,25.1,26.0
545,24.9,25.0,25.7,25.0,26.0
546,24.85,25.0,25.6,24.9,26.0
547,24.55,24.0,24.7,24.6,26.0
548,24.3,24.0,24.8,24.4,26.0
549,24.15,24.0,24.8,24.2,26.0
550,24.1,24.0,24.8,24.2,26.0
551,24.0,24.0,24.8,24.1,26.0
552,23.95,24.0,24.7,24.0,26.0
553,24.1,25.0,25.5,24.2,26.0
554,24.35,25.0,25.6,24.4,26.0
555,24.5,25.0,25.6,24.6,26.0
556,24.55,25.0,25.6,24.6,26.0
557,24.6,25.0,25.6,24.7,26.0
558,24.65,25.0,25.6,24.7,26.0
559,24.75,26.0,26.0,24.8,28.0
560,25.0,26.0,26.5,25.1,27.0
561,25.200000000000003,26.0,26.5,25.3,27.0
562,25.3,26.0,26.5,25.4,27.0
563,25.35,26.0,26.4,25.4,27.0
564,25.15,25.0,25.5,25.2,26.0
565,25.0,25.0,25.6,25.1,26.0
566,24.8,25.0,25.6,24.9,26.0
567,24.8,25.0,25.7,24.9,26.0
568,24.8,25.0,25.6,24.9,26.0
569,24.700000000000003,25.0,25.6,24.8,26.0
570,24.700000000000003,25.0,25.6,24.8,26.0
571,24.8,26.0,26.3,24.9,27.0
572,25.0,26.0,26.6,25.1,28.0
573,25.200000000000003,26.0,26.4,25.3,27.0
574,25.3,26.0,26.5,25.4,27.0
575,25.35,26.0,26.6,25.4,27.0
576,25.15,25.0,25.5,25.2,26.0
577,25.0,25.0,25.6,25.1,26.0
578,24.85,25.0,25.7,24.9,26.0
579,24.8,25.0,25.7,24.9,26.0
580,24.8,25.0,25.7,24.9,26.0
581,24.700000000000003,25.0,25.7,24.8,26.0
582,24.700000000000003,25.0,25.6,24.8,26.0
583,25.200000000000003,26.0,26.5,25.3,27.0
584,25.0,25.0,25.6,25.1,26.0
585,24.9,25.0,25.6,25.0,26.0
586,24.85,25.0,25.7,24.9,26.0
587,24.6,24.0,24.8,24.7,26.0
588,24.3,24.0,24.9,24.4,26.0
589,24.0,24.0,24.7,24.1,26.0
590,24.0,24.0,24.7,24.1,26.0
591,24.1,25.0,25.4,24.2,26.0
592,,,,,26.0
593,,,,,26.0
594,24.6,25.0,25.6,24.7,26.0
595,24.6,25.0,25.6,24.7,26.0
596,24.75,26.0,26.1,24.8,28.0
597,24.95,26.0,26.5,25.0,27.0
598,25.15,26.0,26.5,25.2,27.0
599,25.25,26.0,26.5,25.3,27.0
600,25.35,25.0,26.5,25.4,27.0
601,25.15,25.0,25.5,25.2,26.0
602,24.9,25.0,25.6,25.0,26.0
603,24.8,25.0,25.6,24.9,26.0
604,24.8,25.0,25.6,24.9,26.0
605,24.700000000000003,25.0,25.6,24.8,26.0
606,24.700000000000003,26.0,25.5,24.8,26.0
607,24.700000000000003,26.0,25.9,24.8,28.0
608,25.1,26.0,26.5,25.2,27.0
609,25.200000000000003,26.0,26.5,25.3,27.0
610,25.3,26.0,26.5,25.4,27.0
611,25.1,25.0,25.6,25.2,26.0
612,25.0,25.0,25.6,25.1,26.0
613,24.8,25.0,25.7,24.9,26.0
614,24.8,25.0,25.6,24.9,26.0
615,24.700000000000003,25.0,25.6,24.8,26.0
616,24.700000000000003,25.0,25.6,24.8,26.0
617,24.700000000000003,25.0,25.6,24.8,26.0
618,24.700000000000003,25.0,25.6,24.8,26.0
619,24.8,26.0,26.1,24.9,28.0
620,25.0,26.0,26.6,25.1,28.0
621,25.200000000000003,26.0,26.5,25.3,27.0
622,25.3,26.0,26.5,25.4,27.0
623,25.35,26.0,26.5,25.4,27.0
624,25.05,25.0,25.5,25.1,26.0
625,24.9,25.0,25.6,25.0,26.0
626,24.8,25.0,25.7,24.9,26.0
627,24.8,25.0,25.6,24.9,26.0
628,24.700000000000003,25.0,25.6,24.8,26.0
629,24.700000000000003,25.0,25.6,24.8,26.0
630,24.700000000000003,25.0,25.6,24.8,26.0
631,24.700000000000003,25.0,25.7,24.8,26.0
632,24.700000000000003,25.0,25.6,24.8,26.0
633,24.700000000000003,25.0,25.7,24.8,26.0
634,24.700000000000003,25.0,25.6,24.8,26.0
635,24.700000000000003,25.0,25.6,24.8,26.0
636,24.700000000000003,25.0,25.6,24.8,26.0
637,24.700000000000003,26.0,26.2,24.8,26.0
638,25.0,26.0,26.6,25.1,28.0
639,25.200000000000003,26.0,26.4,25.3,27.0
640,25.3,26.0,26.5,25.4,27.0
641,25.4,25.0,26.6,25.5,27.0
642,25.15,25.0,25.5,25.2,26.0
643,25.0,25.0,25.6,25.1,26.0
644,24.9,25.0,25.7,25.0,26.0
645,24.8,25.0,25.7,24.9,26.0
646,24.8,25.0,25.6,24.9,26.0
647,24.700000000000003,25.0,25.7,24.8,26.0
648,24.700000000000003,25.0,25.6,24.8,26.0
649,24.75,26.0,26.0,24.9,28.0
650,25.05,26.0,26.6,25.1,28.0
651,25.200000000000003,26.0,26.5,25.3,27.0
652,25.3,26.0,26.5,25.4,27.0
653,25.4,26.0,26.5,25.5,27.0
654,25.1,25.0,25.5,25.2,26.0
655,25.0,25.0,25.6,25.1,26.0
656,24.85,25.0,25.7,24.9,26.0
657,24.8,25.0,25.7,24.9,26.0
658,24.700000000000003,25.0,25.6,24.8,26.0
659,24.700000000000003,25.0,25.7,24.8,26.0
660,24.700000000000003,25.0,25.6,24.8,26.0
661,24.8,26.0,26.1,24.9,28.0
662,25.1,26.0,26.6,25.2,28.0
663,25.200000000000003,26.0,26.5,25.3,27.0
664,25.3,26.0,26.5,25.4,27.0
665,25.15,25.0,25.6,25.2,26.0
666,25.0,25.0,25.6,25.1,26.0
667,24.85,25.0,25.7,24.9,26.0
668,24.8,25.0,25.7,24.9,26.0
669,24.75,25.0,25.6,24.9,26.0
670,24.75,25.0,25.7,24.9,26.0
671,24.700000000000003,25.0,25.6,24.8,26.0
672,24.700000000000003,25.0,25.6,24.8,26.0
673,24.8,26.0,26.2,24.9,26.0
674,25.1,26.0,26.6,25.2,28.0
675,25.25,26.0,26.5,25.3,27.0
676,25.05,25.0,25.5,25.1,26.0
677,24.9,25.0,25.5,25.0,26.0
678,24.85,25.0,25.7,24.9,26.0
679,24.55,24.0,24.7,24.6,26.0
680,24.3,24.0,24.8,24.4,26.0
681,24.200000000000003,24.0,24.8,24.3,26.0
682,24.1,24.0,24.8,24.2,26.0
683,24.05,24.0,24.8,24.1,26.0
684,24.0,24.0,24.8,24.1,26.0
685,24.1,25.0,25.5,24.2,26.0
686,24.4,25.0,25.5,24.5,26.0
687,24.5,25.0,25.6,24.6,26.0
688,24.55,25.0,25.6,24.6,26.0
689,24.6,25.0,25.6,24.7,26.0
690,24.700000000000003,26.0,25.7,24.8,26.0
691,24.700000000000003,26.0,26.2,24.8,26.0
692,25.0,26.0,26.6,25.1,28.0
693,25.200000000000003,26.0,26.4,25.3,27.0
694,25.3,26.0,26.5,25.4,27.0
695,25.15,25.0,25.5,25.2,26.0
696,25.0,25.0,25.6,25.1,26.0
697,24.8,25.0,25.6,24.9,26.0
698,24.700000000000003,25.0,25.6,24.8,26.0
699,24.700000000000003,25.0,25.7,24.8,26.0
700,24.700000000000003,25.0,25.7,24.8,26.0
701,24.700000000000003,25.0,25.7,24.8,26.0
702,24.700000000000003,25.0,25.7,24.8,26.0
703,24.700000000000003,25.0,25.7,24.8,26.0
704,24.700000000000003,25.0,25.7,24.8,26.0
705,24.700000000000003,25.0,25.7,24.8,26.0
706,24.700000000000003,26.0,26.4,24.8,27.0
707,24.700000000000003,26.0,26.4,24.8,27.0
708,25.05,26.0,26.5,25.3,27.0
709,25.25,25.0,25.5,25.3,26.0
710,25.25,25.0,25.5,25.3,26.0
711,25.25,25.0,25.5,25.3,26.0
712,24.75,24.0,25.6,24.8,26.0
713,24.4,24.0,24.8,24.5,26.0
714,24.35,24.0,24.9,24.4,26.0
715,24.35,24.0,24.9,24.4,26.0
716,24.1,24.0,24.9,24.2,26.0
717,24.1,24.0,24.8,24.2,26.0
718,24.1,24.0,24.8,24.2,26.0
719,24.05,24.0,24.8,24.2,26.0
720,24.0,24.0,24.8,24.1,26.0
721,24.0,25.0,25.4,24.1,26.0
722,24.35,25.0,25.5,24.4,26.0
723,24.5,25.0,25.6,24.6,26.0
724,24.55,25.0,25.6,24.6,26.0
725,24.65,25.0,25.7,24.7,26.0
726,24.65,25.0,25.6,24.7,26.0
727,24.700000000000003,26.0,26.0,24.8,28.0
728,24.95,26.0,26.6,25.0,28.0
729,25.15,26.0,26.5,25.2,27.0
730,25.25,26.0,26.5,25.3,27.0
731,25.35,26.0,26.5,25.4,27.0
732,25.05,25.0,25.6,25.1,26.0
733,25.0,25.0,25.6,25.1,26.0
734,24.8,25.0,25.6,24.9,26.0
735,24.8,25.0,25.7,24.9,26.0
736,24.8,25.0,25.7,24.9,26.0
737,24.700000000000003,25.0,25.7,24.8,26.0
738,24.700000000000003,25.0,25.7,24.8,26.0
739,24.75,26.0,26.0,24.8,28.0
740,24.75,26.0,26.0,24.8,28.0
741,25.200000000000003,26.0,26.4,25.3,27.0
742,25.35,26.0,26.6,25.4,27.0
743,25.35,25.0,26.5,25.4,27.0
744,25.35,25.0,25.6,25.4,28.0
745,25.0,25.0,25.6,25.1,26.0
746,24.85,25.0,25.6,24.9,26.0
747,24.8,25.0,25.6,24.9,26.0
748,24.75,25.0,25.6,24.9,26.0
749,24.700000000000003,25.0,25.6,24.8,26.0
750,24.700000000000003,25.0,25.7,24.8,26.0
751,24.75,26.0,26.1,24.9,28.0
752,25.0,26.0,26.6,25.1,28.0
753,25.200000000000003,26.0,26.4,25.3,27.0
754,25.3,26.0,26.6,25.4,27.0
755,25.35,26.0,26.5,25.4,27.0
756,25.35,26.0,26.5,25.4,27.0
757,25.450000000000003,26.0,26.6,25.6,27.0
758,25.450000000000003,26.0,26.6,25.6,27.0
759,25.450000000000003,26.0,26.6,25.6,27.0
760,25.450000000000003,25.0,26.1,25.6,28.0
761,25.1,25.0,25.7,25.2,26.0
762,25.05,25.0,25.6,25.2,26.0
763,25.05,24.0,24.7,25.2,26.0
764,24.3,24.0,24.7,24.4,26.0
765,24.25,24.0,24.8,24.3,26.0
766,24.1,24.0,24.8,24.2,26.0
767,24.05,24.0,24.8,24.1,26.0
768,24.0,25.0,24.7,24.1,26.0
769,24.1,25.0,25.5,24.2,26.0
770,24.4,25.0,25.5,24.5,26.0
771,24.5,25.0,25.6,24.6,26.0
772,24.6,25.0,25.6,24.7,26.0
773,24.6,25.0,25.5,24.7,26.0
774,24.6,25.0,25.6,24.7,26.0
775,24.6,26.0,26.0,24.7,28.0
776,25.05,26.0,26.5,25.1,27.0
777,25.200000000000003,26.0,26.4,25.3,27.0
778,25.3,26.0,26.5,25.4,27.0
779,25.3,26.0,26.5,25.4,27.0
780,25.15,25.0,25.6,25.2,26.0
781,25.15,25.0,25.6,25.2,26.0
782,25.15,25.0,25.6,25.2,26.0
783,24.700000000000003,25.0,25.6,24.8,26.0
784,24.700000000000003,25.0,25.6,24.8,26.0
785,24.700000000000003,25.0,25.6,24.8,26.0
786,24.700000000000003,25.0,25.6,24.8,26.0
787,24.700000000000003,25.0,25.7,24.8,26.0
788,24.700000000000003,25.0,25.7,24.8,26.0
789,24.700000000000003,25.0,25.7,24.8,26.0
790,24.65,25.0,25.6,24.7,26.0
791,24.700000000000003,25.0,25.6,24.8,26.0
792,24.700000000000003,25.0,25.6,24.8,26.0
793,24.85,26.0,26.3,24.9,27.0
794,25.05,26.0,26.5,25.2,27.0
795,25.200000000000003,26.0,26.5,25.3,27.0
796,25.3,26.0,26.5,25.4,27.0
797,25.1,25.0,25.5,25.1,26.0
798,24.95,25.0,25.6,25.0,26.0
799,24.8,25.0,25.7,24.9,26.0
800,24.8,25.0,25.7,24.9,26.0
801,24.8,25.0,25.7,24.9,26.0
802,24.700000000000003,25.0,25.7,24.8,26.0
803,24.700000000000003,25.0,25.6,24.8,26.0
804,24.700000000000003,25.0,25.7,24.8,26.0
805,24.85,26.0,26.2,25.0,26.0
806,25.05,26.0,26.6,25.2,28.0
807,25.200000000000003,26.0,26.5,25.3,27.0
808,25.3,26.0,26.5,25.4,27.0
809,25.15,25.0,25.5,25.2,26.0
810,24.9,25.0,25.5,25.0,26.0
811,24.85,25.0,25.7,24.9,26.0
812,24.8,25.0,25.7,24.9,26.0
813,24.75,25.0,25.6,24.9,26.0
814,24.700000000000003,25.0,25.6,24.8,26.0
815,24.700000000000003,25.0,25.7,24.8,26.0
816,24.700000000000003,25.0,25.6,24.8,26.0
817,24.700000000000003,26.0,26.1,24.8,28.0
818,25.0,26.0,26.6,25.1,28.0
819,25.200000000000003,26.0,26.5,25.3,27.0
820,25.3,26.0,26.5,25.4,27.0
821,25.15,25.0,25.6,25.2,26.0
822,25.0,25.0,25.7,25.1,26.0
823,24.8,25.0,25.6,24.9,26.0
824,24.8,25.0,25.7,24.9,26.0
825,24.8,25.0,25.6,24.9,26.0
826,24.75,25.0,25.7,24.9,26.0
827,24.75,25.0,25.7,24.9,26.0
828,24.75,25.0,25.7,24.9,26.0
829,24.5,24.0,24.7,24.6,26.0
830,24.3,24.0,24.8,24.4,26.0
831,24.1,24.0,24.7,24.2,26.0
832,24.05,24.0,24.8,24.1,26.0
833,24.0,24.0,24.8,24.1,26.0
834,24.0,24.0,24.7,24.1,26.0
835,24.1,25.0,25.4,24.2,26.0
836,24.3,25.0,25.6,24.4,26.0
837,24.45,25.0,25.6,24.5,26.0
838,24.55,25.0,25.6,24.6,26.0
839,24.6,25.0,25.6,24.7,26.0
840,24.6,25.0,25.6,24.7,26.0
841,24.700000000000003,26.0,26.2,24.8,26.0
842,25.1,,,25.2,26.0
843,25.200000000000003,26.0,26.5,25.3,27.0
844,25.3,26.0,26.4,25.4,27.0
845,25.0,25.0,25.5,25.1,26.0
846,24.9,25.0,25.7,25.0,26.0
847,24.8,25.0,25.7,24.9,26.0
848,24.8,25.0,25.6,24.9,26.0
849,24.700000000000003,25.0,25.6,24.8,26.0
850,24.700000000000003,25.0,25.6,24.8,26.0
851,24.700000000000003,25.0,25.6,24.8,26.0
852,24.700000000000003,25.0,25.6,24.8,26.0
853,24.75,26.0,25.7,24.9,26.0
854,25.0,26.0,25.7,25.1,26.0
855,25.200000000000003,26.0,26.5,25.3,27.0
856,25.3,26.0,26.5,25.4,27.0
857,25.3,26.0,26.5,25.4,27.0
858,25.15,25.0,25.5,25.2,26.0
859,25.0,25.0,25.6,25.1,26.0
860,24.8,25.0,25.7,24.9,26.0
861,24.8,25.0,25.7,24.9,26.0
862,24.700000000000003,25.0,25.6,24.8,26.0
863,24.700000000000003,25.0,25.7,24.8,26.0
864,24.700000000000003,25.0,25.6,24.8,26.0
865,24.8,26.0,26.2,24.9,26.0
866,25.1,26.0,26.6,25.2,28.0
867,25.200000000000003,26.0,26.5,25.3,27.0
868,25.3,26.0,26.5,25.4,27.0
869,25.05,25.0,25.6,25.1,26.0
870,24.9,25.0,25.7,25.0,26.0
871,24.8,25.0,25.7,24.9,26.0
872,24.8,25.0,25.7,24.9,26.0
873,24.700000000000003,25.0,25.6,24.8,26.0
874,24.700000000000003,25.0,25.7,24.8,26.0
875,24.700000000000003,25.0,25.7,24.8,26.0
876,24.700000000000003,25.0,25.7,24.8,26.0
877,24.700000000000003,25.0,25.6,24.8,26.0
878,24.700000000000003,25.0,25.6,24.8,26.0
879,24.700000000000003,25.0,25.6,24.8,26.0
880,24.700000000000003,25.0,25.6,24.8,26.0
881,24.700000000000003,25.0,25.7,24.8,26.0
882,24.700000000000003,25.0,25.7,24.8,26.0
883,24.75,26.0,26.1,24.9,28.0
884,25.0,26.0,26.6,25.1,28.0
885,25.200000000000003,26.0,26.5,25.3,27.0
886,25.3,26.0,26.5,25.4,27.0
887,25.4,25.0,26.6,25.5,27.0
888,25.200000000000003,25.0,25.5,25.3,26.0
889,25.0,25.0,25.6,25.1,26.0
890,24.9,25.0,25.7,25.0,26.0
891,24.8,25.0,25.7,24.9,26.0
892,24.8,25.0,25.6,24.9,26.0
893,24.700000000000003,25.0,25.6,24.8,26.0
894,24.700000000000003,25.0,25.6,24.8,26.0
895,24.700000000000003,25.0,25.6,24.8,26.0
896,24.700000000000003,25.0,25.6,24.8,26.0
897,24.700000000000003,26.0,26.0,24.8,28.0
898,25.0,26.0,26.5,25.1,27.0
899,25.200000000000003,26.0,26.4,25.3,27.0
900,25.3,26.0,26.5,25.4,27.0
901,25.1,25.0,25.6,25.2,26.0
902,24.9,25.0,25.7,25.0,26.0
903,24.8,25.0,25.7,24.9,26.0
904,24.8,25.0,25.6,24.9,26.0
905,24.75,25.0,25.6,24.9,26.0
906,24.700000000000003,25.0,25.6,24.8,26.0
907,24.8,26.0,26.3,24.9,27.0
908,25.1,26.0,26.5,25.2,27.0
909,25.200000000000003,26.0,26.4,25.3,27.0
910,25.3,26.0,26.5,25.4,27.0
911,25.05,25.0,25.6,25.1,26.0
912,24.95,25.0,25.7,25.0,26.0
913,24.8,25.0,25.7,24.9,26.0
914,24.8,25.0,25.5,24.9,26.0
915,24.75,25.0,25.6,24.9,26.0
916,24.700000000000003,25.0,25.6,24.8,26.0
917,24.700000000000003,25.0,25.6,24.8,26.0
918,24.700000000000003,25.0,25.6,24.8,26.0
919,24.8,26.0,26.0,24.9,28.0
920,25.1,26.0,26.6,25.2,28.0
921,25.200000000000003,26.0,26.5,25.3,27.0
922,25.05,25.0,25.5,25.1,26.0
923,24.9,25.0,25.6,25.0,26.0
924,24.8,25.0,25.6,24.9,26.0
925,24.6,24.0,25.0,24.7,26.0
926,24.3,24.0,24.8,24.4,26.0
927,24.200000000000003,24.0,24.8,24.3,26.0
928,24.1,24.0,24.7,24.2,26.0
929,24.0,24.0,24.7,24.1,26.0
930,23.95,25.0,24.7,24.0,26.0
931,24.05,25.0,25.4,24.1,26.0
932,24.35,25.0,25.6,24.4,26.0
933,24.5,25.0,25.6,24.6,26.0
934,24.55,25.0,25.5,24.6,26.0
935,24.6,25.0,25.5,24.7,26.0
936,24.6,25.0,25.6,24.7,26.0
937,24.700000000000003,26.0,26.1,24.8,28.0
938,25.0,26.0,26.5,25.1,27.0
939,25.200000000000003,26.0,26.4,25.3,27.0
940,25.3,26.0,26.5,25.4,27.0
941,25.3,26.0,26.4,25.4,27.0
942,25.1,25.0,25.6,25.1,26.0
943,25.0,25.0,25.6,25.1,26.0
944,24.8,25.0,25.7,24.9,26.0
945,24.75,25.0,25.6,24.9,26.0
946,24.700000000000003,25.0,25.5,24.8,26.0
947,24.700000000000003,25.0,25.7,24.8,26.0
948,24.700000000000003,25.0,25.6,24.8,26.0
949,24.8,26.0,26.2,25.0,26.0
950,25.1,26.0,26.6,25.2,28.0
951,25.200000000000003,26.0,26.5,25.3,27.0
952,25.3,26.0,26.5,25.4,27.0
953,25.05,25.0,25.6,25.1,26.0
954,25.0,25.0,25.7,25.1,26.0
955,24.8,25.0,25.7,24.9,26.0
956,24.8,25.0,25.7,24.9,26.0
957,24.75,25.0,25.7,24.9,26.0
958,24.700000000000003,25.0,25.6,24.8,26.0
959,24.700000000000003,25.0,25.7,24.8,26.0
960,24.700000000000003,25.0,25.7,24.8,26.0
961,24.8,26.0,26.2,24.9,26.0
962,25.1,26.0,26.5,25.2,27.0
963,25.200000000000003,26.0,26.5,25.3,27.0
964,25.35,26.0,26.5,25.4,27.0
965,25.15,25.0,25.5,25.2,26.0
966,24.950000000000003,25.0,25.7,25.1,26.0
967,24.9,25.0,25.6,25.0,26.0
968,24.8,25.0,25.6,24.9,26.0
969,24.8,25.0,25.6,24.9,26.0
970,24.700000000000003,25.0,25.6,24.8,26.0
971,24.700000000000003,25.0,25.6,24.8,26.0
972,24.700000000000003,25.0,25.6,24.8,26.0
973,24.8,26.0,26.1,24.9,28.0
974,25.15,26.0,26.6,25.3,28.0
975,25.25,26.0,26.5,25.4,27.0
976,25.4,26.0,26.6,25.5,27.0
977,25.1,25.0,25.6,25.2,26.0
978,25.0,25.0,25.7,25.1,26.0
979,24.85,25.0,25.6,24.9,26.0
980,24.8,25.0,25.6,24.9,26.0
981,24.8,25.0,25.6,24.9,26.0
982,24.8,25.0,25.6,24.9,26.0
983,24.8,25.0,25.6,24.9,26.0
984,24.700000000000003,25.0,25.5,24.8,26.0
985,24.700000000000003,25.0,25.5,24.8,26.0
986,24.700000000000003,25.0,25.7,24.8,26.0
987,24.75,26.0,25.9,24.9,28.0
988,25.05,26.0,26.0,25.2,28.0
989,25.25,26.0,26.0,25.4,28.0
990,25.3,26.0,26.6,25.4,27.0
991,25.1,25.0,25.6,25.2,26.0
992,24.9,25.0,25.6,25.0,26.0
993,24.8,25.0,25.6,24.9,26.0
994,24.8,25.0,25.7,24.9,26.0
995,24.8,25.0,25.6,24.9,26.0
996,24.700000000000003,25.0,25.6,24.8,26.0
997,24.8,26.0,26.2,24.9,26.0
998,25.05,26.0,26.5,25.2,27.0
999,25.25,26.0,26.5,25.4,27.0
1000,25.3,25.0,26.6,25.4,27.0
1001,25.15,25.0,25.6,25.2,26.0
1002,24.95,25.0,25.6,25.0,26.0
1003,24.8,25.0,25.6,24.9,26.0
1004,24.8,25.0,25.6,24.9,26.0
1005,24.8,25.0,25.6,24.9,26.0
1006,24.8,25.0,25.6,24.9,26.0
1007,24.8,25.0,25.6,24.9,26.0
1008,24.700000000000003,25.0,25.7,24.8,26.0
1009,24.8,26.0,26.2,24.9,26.0
1010,25.0,26.0,26.6,25.1,28.0
1011,25.0,26.0,26.6,25.1,28.0
1012,25.200000000000003,26.0,26.6,25.3,28.0
1013,25.200000000000003,26.0,26.6,25.3,28.0
1014,25.4,26.0,26.6,25.5,27.0
1015,25.200000000000003,25.0,25.5,25.3,26.0
1016,25.0,25.0,25.6,25.1,26.0
1017,24.9,25.0,25.7,25.0,26.0
1018,24.8,25.0,25.6,24.9,26.0
1019,24.8,25.0,25.7,24.9,26.0
1020,24.8,25.0,25.7,24.9,26.0
1021,24.5,24.0,25.6,24.6,26.0
1022,24.3,24.0,25.6,24.4,26.0
1023,24.200000000000003,24.0,24.8,24.3,26.0
1024,24.200000000000003,24.0,24.8,24.3,26.0
1025,24.200000000000003,24.0,24.8,24.3,26.0
1026,24.0,24.0,24.8,24.1,26.0
1027,24.200000000000003,25.0,25.3,24.3,26.0
1028,24.4,25.0,25.6,24.5,26.0
1029,24.5,25.0,25.6,24.6,26.0
1030,24.6,25.0,25.7,24.7,26.0
1031,24.6,25.0,25.6,24.7,26.0
1032,24.700000000000003,25.0,25.6,24.8,26.0
1033,24.700000000000003,26.0,26.1,24.8,28.0
1034,25.0,26.0,26.6,25.1,28.0
1035,25.200000000000003,26.0,26.6,25.3,28.0
1036,25.4,26.0,26.6,25.5,27.0
1037,25.4,26.0,26.6,25.5,27.0
1038,25.25,25.0,25.4,25.3,26.0
1039,25.2,25.0,25.7,25.2,26.0
1040,25.2,24.0,25.6,25.2,26.0
1041,25.2,24.0,25.6,25.2,26.0
1042,25.2,24.0,25.6,25.2,26.0
1043,24.200000000000003,24.0,24.9,24.3,26.0
1044,24.1,24.0,24.9,24.2,26.0
1045,24.05,24.0,24.8,24.1,26.0
1046,24.0,24.0,24.8,24.1,26.0
1047,24.0,24.0,24.8,24.1,26.0
1048,24.0,24.0,24.8,24.1,26.0
1049,24.200000000000003,25.0,25.4,24.3,26.0
1050,24.35,25.0,25.5,24.4,26.0
1051,24.5,25.0,25.5,24.6,26.0
1052,24.55,25.0,25.6,24.6,26.0
1053,24.6,25.0,25.6,24.7,26.0
1054,24.6,25.0,25.6,24.7,26.0
1055,24.65,25.0,25.6,24.7,26.0
1056,24.700000000000003,25.0,25.6,24.8,26.0
1057,24.700000000000003,25.0,25.6,24.8,26.0
1058,24.700000000000003,25.0,25.6,24.8,26.0
1059,24.700000000000003,25.0,25.6,24.8,26.0
1060,24.700000000000003,25.0,25.6,24.8,26.0
1061,24.700000000000003,25.0,25.7,24.8,26.0
1062,24.700000000000003,25.0,25.6,24.8,26.0
1063,24.700000000000003,26.0,25.8,24.8,26.0
1064,25.200000000000003,26.0,25.8,25.3,26.0
1065,25.3,26.0,26.5,25.4,27.0
1066,25.35,26.0,26.5,25.4,27.0
1067,25.15,25.0,25.5,25.2,26.0
1068,25.0,25.0,25.6,25.1,26.0
1069,24.8,25.0,25.6,24.9,26.0
1070,24.8,25.0,25.6,24.9,26.0
1071,24.700000000000003,25.0,25.7,24.8,26.0
1072,24.700000000000003,25.0,25.7,24.8,26.0
1073,24.700000000000003,26.0,25.8,24.8,26.0
1074,25.0,26.0,26.5,25.1,27.0
1075,25.200000000000003,26.0,26.4,25.3,27.0
1076,25.3,26.0,26.5,25.4,27.0
1077,25.4,26.0,26.5,25.5,27.0
1078,25.15,25.0,25.5,25.2,26.0
1079,25.0,25.0,25.5,25.1,26.0
1080,25.0,25.0,25.6,25.1,26.0
1081,25.0,25.0,25.6,25.1,26.0
1082,24.75,25.0,25.7,24.9,26.0
1083,24.700000000000003,25.0,25.7,24.8,26.0
1084,24.700000000000003,25.0,25.6,24.8,26.0
1085,24.85,25.0,25.7,25.0,26.0
1086,25.1,26.0,26.6,25.2,28.0
1087,25.3,26.0,26.5,25.4,27.0
1088,25.3,25.0,26.6,25.4,27.0
1089,25.15,25.0,25.6,25.2,26.0
1090,24.950000000000003,25.0,25.6,25.1,26.0
1091,24.9,25.0,25.8,25.0,26.0
1092,24.8,25.0,25.6,24.9,26.0
1093,24.75,25.0,25.7,24.9,26.0
1094,24.700000000000003,25.0,25.5,24.8,26.0
1095,24.700000000000003,25.0,25.6,24.8,26.0
1096,24.700000000000003,25.0,25.7,24.8,26.0
1097,24.8,26.0,26.2,24.9,26.0
1098,25.15,26.0,26.6,25.3,28.0
1099,25.200000000000003,26.0,26.5,25.3,27.0
1100,25.3,26.0,26.5,25.4,27.0
1101,25.0,25.0,25.6,25.1,26.0
1102,24.95,25.0,25.7,25.0,26.0
1103,24.8,25.0,25.6,24.9,26.0
1104,24.75,25.0,25.7,24.9,26.0
1105,24.700000000000003,25.0,25.7,24.8,26.0
1106,24.700000000000003,25.0,25.6,24.8,26.0
1107,24.700000000000003,25.0,25.7,24.8,26.0
1108,24.700000000000003,25.0,25.7,24.8,26.0
1109,24.8,26.0,26.2,24.9,26.0
1110,25.1,26.0,26.6,25.2,28.0
1111,25.25,26.0,26.5,25.4,27.0
1112,25.05,25.0,25.5,25.1,26.0
1113,24.950000000000003,25.0,25.6,25.1,26.0
1114,24.8,25.0,25.7,24.9,26.0
1115,24.6,24.0,24.7,24.7,26.0
1116,24.3,24.0,24.9,24.4,26.0
1117,24.200000000000003,24.0,24.8,24.3,26.0
1118,24.1,24.0,24.8,24.2,26.0
1119,24.0,24.0,24.8,24.1,26.0
1120,24.0,24.0,24.8,24.1,26.0
1121,24.1,25.0,25.5,24.2,26.0
1122,24.3,25.0,25.5,24.4,26.0
1123,24.5,25.0,25.6,24.6,26.0
1124,24.5,25.0,25.5,24.6,26.0
1125,24.6,25.0,25.7,24.7,26.0
1126,24.6,25.0,25.7,24.7,26.0
1127,24.700000000000003,26.0,26.0,24.8,28.0
1128,25.05,26.0,26.6,25.2,28.0
1129,25.200000000000003,26.0,26.4,25.3,27.0
1130,25.3,26.0,26.6,25.4,27.0
1131,25.0,25.0,25.5,25.1,26.0
1132,24.9,25.0,25.6,25.0,26.0
1133,24.8,25.0,25.7,24.9,26.0
1134,24.700000000000003,25.0,25.6,24.8,26.0
1135,24.700000000000003,25.0,25.6,24.8,26.0
1136,24.700000000000003,25.0,25.6,24.8,26.0
1137,24.700000000000003,25.0,25.7,24.8,26.0
1138,24.65,25.0,25.6,24.8,26.0
1139,24.8,26.0,26.2,24.9,26.0
1140,25.1,26.0,26.5,25.2,27.0
1141,25.200000000000003,26.0,26.5,25.3,27.0
1142,25.3,26.0,26.5,25.4,27.0
1143,25.05,25.0,25.5,25.1,26.0
1144,24.95,25.0,25.6,25.0,26.0
1145,24.8,25.0,25.7,24.9,26.0
1146,24.75,25.0,25.6,24.9,26.0
1147,24.75,25.0,25.7,24.9,26.0
1148,24.700000000000003,25.0,25.7,24.8,26.0
1149,24.700000000000003,25.0,25.7,24.8,26.0
1150,24.700000000000003,25.0,25.7,24.8,26.0
1151,24.700000000000003,25.0,25.6,24.8,26.0
1152,24.700000000000003,25.0,25.6,24.8,26.0
1153,24.700000000000003,25.0,25.6,24.8,26.0
1154,24.700000000000003,25.0,25.6,24.8,26.0
1155,24.700000000000003,25.0,25.6,24.8,26.0
1156,24.700000000000003,25.0,25.6,24.8,26.0
1157,24.700000000000003,25.0,25.7,24.8,26.0
1158,24.700000000000003,26.0,26.0,24.8,28.0
1159,25.0,26.0,26.6,25.1,28.0
1160,25.200000000000003,26.0,26.4,25.3,27.0
1161,25.3,26.0,26.6,25.4,27.0
1162,25.35,26.0,26.6,25.5,27.0
1163,25.15,25.0,25.5,25.2,26.0
1164,25.0,25.0,25.5,25.1,26.0
1165,24.8,25.0,25.7,24.9,26.0
1166,24.8,25.0,25.6,24.9,26.0
1167,24.75,25.0,25.7,24.9,26.0
1168,24.700000000000003,25.0,25.7,24.8,26.0
1169,24.9,26.0,26.3,25.0,27.0
1170,25.05,26.0,26.6,25.2,28.0
1171,25.200000000000003,26.0,26.5,25.3,27.0
1172,25.3,26.0,26.6,25.4,27.0
1173,25.1,25.0,25.6,25.2,26.0
1174,24.950000000000003,25.0,25.6,25.1,26.0
1175,24.8,25.0,25.6,24.9,26.0
1176,24.75,25.0,25.6,24.9,26.0
1177,24.75,25.0,25.7,24.9,26.0
1178,24.700000000000003,25.0,25.6,24.8,26.0
1179,24.700000000000003,25.0,25.7,24.8,26.0
1180,24.700000000000003,25.0,25.7,24.8,26.0
1181,24.8,26.0,26.2,24.9,26.0
1182,24.9,26.0,26.4,25.0,27.0
1183,24.9,26.0,26.4,25.0,27.0
1184,25.3,26.0,26.5,25.4,27.0
1185,25.35,26.0,26.5,25.5,27.0
1186,25.1,25.0,25.5,25.2,26.0
1187,24.950000000000003,25.0,25.5,25.1,26.0
1188,24.85,25.0,25.7,25.0,26.0
1189,24.75,25.0,25.6,24.9,26.0
1190,24.75,25.0,25.6,24.9,26.0
1191,24.75,25.0,25.6,24.9,26.0
1192,24.700000000000003,25.0,25.6,24.8,26.0
1193,24.8,26.0,26.3,24.9,27.0
1194,25.15,26.0,26.5,25.3,27.0
1195,25.25,26.0,26.5,25.4,27.0
1196,25.3,25.0,26.4,25.4,27.0
1197,25.1,25.0,25.6,25.2,26.0
1198,24.950000000000003,25.0,25.6,25.1,26.0
1199,24.8,25.0,25.7,24.9,26.0
1200,24.75,25.0,25.5,24.9,26.0
1201,24.75,25.0,25.7,24.9,26.0
1202,24.75,25.0,25.6,24.9,26.0
1203,24.700000000000003,25.0,25.7,24.8,26.0
1204,24.700000000000003,25.0,25.7,24.8,26.0
1205,24.75,26.0,26.1,24.9,28.0
1206,25.05,26.0,26.5,25.2,27.0
1207,25.25,26.0,26.5,25.4,27.0
1208,25.35,,,25.5,26.0
1209,25.200000000000003,25.0,25.5,25.3,26.0
1210,25.0,25.0,25.7,25.1,26.0
1211,24.8,25.0,25.7,24.9,26.0
1212,24.8,25.0,25.7,24.9,26.0
1213,24.75,25.0,25.6,24.9,26.0
1214,24.75,,,24.9,26.0
1215,24.75,25.0,25.5,24.9,26.0
1216,24.75,25.0,25.6,24.9,26.0
1217,24.5,24.0,24.7,24.6,26.0
1218,24.3,24.0,24.9,24.4,26.0
1219,24.200000000000003,24.0,24.8,24.3,26.0
1220,24.05,24.0,24.8,24.2,26.0
1221,24.0,24.0,24.7,24.1,26.0
1222,24.0,24.0,24.7,24.1,26.0
1223,24.1,25.0,25.4,24.2,26.0
1224,24.35,25.0,25.5,24.5,26.0
1225,24.45,25.0,25.7,24.5,26.0
1226,24.6,25.0,25.5,24.7,26.0
1227,24.6,25.0,25.6,24.7,26.0
1228,24.6,25.0,25.6,24.7,26.0
1229,24.700000000000003,26.0,26.1,24.8,28.0
1230,24.9,26.0,26.6,25.0,28.0
1231,25.1,26.0,26.4,25.2,27.0
1232,25.3,26.0,26.4,25.4,27.0
1233,25.3,26.0,26.5,25.4,27.0
1234,25.15,25.0,25.5,25.2,26.0
1235,25.0,25.0,25.6,25.1,26.0
1236,24.8,25.0,25.6,24.9,26.0
1237,24.75,25.0,25.7,24.9,26.0
1238,24.700000000000003,25.0,25.6,24.8,26.0
1239,24.700000000000003,25.0,25.6,24.8,26.0
1240,24.700000000000003,25.0,25.6,24.8,26.0
1241,24.75,26.0,26.1,24.9,28.0
1242,25.1,26.0,26.6,25.2,28.0
1243,25.200000000000003,26.0,26.5,25.3,27.0
1244,25.3,26.0,26.6,25.4,27.0
1245,25.1,25.0,25.6,25.2,26.0
1246,24.950000000000003,25.0,25.6,25.1,26.0
1247,24.8,25.0,25.7,24.9,26.0
1248,24.8,25.0,25.5,24.9,26.0
1249,24.75,25.0,25.6,24.9,26.0
1250,24.700000000000003,25.0,25.6,24.8,26.0
1251,24.700000000000003,25.0,25.6,24.8,26.0
1252,24.700000000000003,25.0,25.6,24.8,26.0
1253,24.8,26.0,26.2,24.9,26.0
1254,25.1,26.0,26.6,25.2,28.0
1255,25.25,26.0,26.5,25.4,27.0
1256,25.35,25.0,26.6,25.4,27.0
1257,25.1,25.0,25.4,25.2,26.0
1258,24.9,25.0,25.6,25.0,26.0
1259,24.9,25.0,25.6,25.0,26.0
1260,24.8,25.0,25.6,24.9,26.0
1261,24.8,25.0,25.6,24.9,26.0
1262,24.8,25.0,25.6,24.9,26.0
1263,24.75,25.0,25.6,24.9,26.0
1264,24.75,25.0,25.7,24.9,26.0
1265,24.45,25.0,25.7,24.5,26.0
1266,24.3,24.0,24.8,24.4,26.0
1267,24.200000000000003,24.0,24.8,24.3,26.0
1268,24.1,24.0,24.8,24.2,26.0
1269,24.05,24.0,24.8,24.1,26.0
1270,24.0,25.0,25.0,24.1,26.0
1271,24.200000000000003,25.0,25.5,24.3,26.0
1272,24.4,25.0,25.5,24.5,26.0
1273,24.5,25.0,25.7,24.6,26.0
1274,24.6,25.0,25.5,24.7,26.0
1275,24.6,25.0,25.5,24.7,26.0
1276,24.6,25.0,25.6,24.7,26.0
1277,24.700000000000003,26.0,26.1,24.8,28.0
1278,25.0,26.0,26.6,25.1,28.0
1279,25.0,26.0,26.5,25.1,27.0
1280,25.0,26.0,26.6,25.1,28.0
1281,25.4,26.0,26.5,25.5,27.0
1282,25.4,26.0,26.6,25.5,27.0
1283,25.15,25.0,24.7,25.2,26.0
1284,24.700000000000003,25.0,25.6,24.8,26.0
1285,24.700000000000003,25.0,25.6,24.8,26.0
1286,24.700000000000003,25.0,25.6,24.8,26.0
1287,24.700000000000003,25.0,25.6,24.8,26.0
1288,24.700000000000003,25.0,25.6,24.8,26.0
1289,24.8,26.0,26.2,24.9,26.0
1290,24.9,26.0,26.5,25.0,27.0
1291,24.9,26.0,26.5,25.0,27.0
1292,25.3,26.0,26.4,25.4,27.0
1293,25.4,26.0,26.5,25.5,27.0
1294,25.4,26.0,26.6,25.5,27.0
1295,25.4,26.0,26.6,25.5,27.0
1296,25.5,26.0,26.6,25.6,26.0
1297,25.450000000000003,25.0,25.9,25.6,28.0
1298,25.1,25.0,25.7,25.2,26.0
1299,24.700000000000003,24.0,24.8,24.8,26.0
1300,24.4,24.0,24.9,24.5,26.0
1301,24.200000000000003,24.0,24.8,24.3,26.0
1302,24.1,24.0,24.8,24.2,26.0
1303,24.05,24.0,24.8,24.1,26.0
1304,24.0,24.0,24.7,24.1,26.0
1305,24.0,24.0,24.8,24.1,26.0
1306,24.0,24.0,24.8,24.1,26.0
1307,24.1,25.0,24.8,24.2,26.0
1308,24.3,25.0,25.6,24.4,26.0
1309,24.3,25.0,25.6,24.4,26.0
1310,24.6,25.0,25.6,24.7,26.0
1311,24.6,25.0,25.6,24.7,26.0
1312,24.6,25.0,25.6,24.7,26.0
1313,24.9,26.0,26.3,25.0,27.0
1314,24.950000000000003,26.0,26.6,25.1,28.0
1315,24.950000000000003,26.0,26.5,25.1,27.0
1316,24.950000000000003,26.0,26.5,25.1,27.0
1317,25.3,26.0,26.5,25.4,27.0
1318,25.4,26.0,26.6,25.5,27.0
1319,25.4,26.0,26.6,25.5,27.0
1320,25.4,26.0,26.5,25.5,27.0
1321,25.4,26.0,26.5,25.5,27.0
1322,25.450000000000003,26.0,26.4,25.6,27.0
1323,25.3,25.0,25.6,25.4,28.0
1324,25.1,25.0,25.8,25.2,26.0
1325,25.1,25.0,25.8,25.2,26.0
1326,24.8,25.0,25.8,24.9,26.0
1327,24.700000000000003,25.0,25.7,24.8,26.0
1328,24.35,24.0,24.8,24.4,26.0
1329,24.35,24.0,24.8,24.4,26.0
1330,24.1,25.0,24.7,24.2,26.0
1331,24.1,25.0,24.7,24.2,26.0
1332,24.1,25.0,24.7,24.2,26.0
1333,24.55,25.0,25.7,24.7,26.0
1334,24.6,25.0,25.6,24.7,26.0
1335,24.6,25.0,25.6,24.7,26.0
1336,24.700000000000003,25.0,25.6,24.8,26.0
1337,24.700000000000003,26.0,25.9,24.8,28.0
1338,24.700000000000003,26.0,25.9,24.8,28.0
1339,25.200000000000003,26.0,26.5,25.3,27.0
1340,25.3,26.0,26.5,25.4,27.0
1341,25.35,26.0,26.5,25.4,27.0
1342,25.25,25.0,25.6,25.5,26.0
1343,24.9,25.0,25.6,25.0,26.0
1344,24.8,25.0,25.6,24.9,26.0
1345,24.75,25.0,25.6,24.9,26.0
1346,24.75,25.0,25.7,24.9,26.0
1347,24.700000000000003,25.0,25.6,24.8,26.0
1348,24.700000000000003,25.0,25.6,24.8,26.0
1349,24.75,26.0,26.1,24.9,28.0
1350,24.8,26.0,25.6,24.9,26.0
1351,24.8,26.0,26.2,24.9,26.0
1352,25.3,26.0,26.5,25.4,27.0
1353,25.4,26.0,26.6,25.5,27.0
1354,25.4,25.0,26.5,25.5,27.0
1355,25.15,25.0,25.5,25.2,26.0
1356,25.0,25.0,25.5,25.1,26.0
1357,24.9,25.0,25.7,25.0,26.0
1358,24.9,25.0,25.7,25.0,26.0
1359,24.700000000000003,25.0,25.7,24.8,26.0
1360,24.700000000000003,25.0,25.7,24.8,26.0
1361,24.8,26.0,25.7,24.9,26.0
1362,25.1,26.0,26.2,25.3,26.0
1363,25.25,26.0,26.5,25.4,27.0
1364,25.3,26.0,26.5,25.4,27.0
1365,25.1,25.0,25.5,25.2,26.0
1366,25.0,25.0,25.8,25.1,26.0
1367,25.0,25.0,25.8,25.1,26.0
1368,24.8,25.0,25.7,24.9,26.0
1369,24.75,25.0,25.7,24.9,26.0
1370,24.75,25.0,25.6,24.9,26.0
1371,24.75,25.0,25.7,24.9,26.0
1372,24.700000000000003,25.0,25.7,24.8,26.0
1373,24.700000000000003,25.0,25.7,24.8,26.0
1374,24.700000000000003,25.0,25.7,24.8,26.0
1375,24.75,25.0,25.7,24.9,26.0
1376,24.950000000000003,26.0,26.6,25.1,28.0
1377,24.950000000000003,26.0,26.5,25.1,27.0
1378,25.3,26.0,26.5,25.4,27.0
1379,25.35,25.0,26.3,25.5,27.0
1380,25.35,25.0,26.3,25.5,27.0
1381,24.85,24.0,24.9,25.0,26.0
1382,24.4,24.0,24.9,24.5,26.0
1383,24.25,24.0,24.8,24.4,26.0
1384,24.25,24.0,24.8,24.4,26.0
1385,24.0,24.0,24.8,24.1,26.0
1386,24.1,25.0,25.5,24.2,26.0
1387,24.1,25.0,25.6,24.2,26.0
1388,24.1,25.0,25.7,24.2,26.0
1389,24.6,25.0,25.6,24.7,26.0
1390,24.700000000000003,26.0,25.7,24.8,26.0
1391,24.75,26.0,26.1,24.9,28.0
1392,25.0,26.0,26.6,25.1,28.0
1393,25.200000000000003,26.0,26.5,25.3,27.0
1394,25.3,26.0,26.5,25.4,27.0
1395,25.4,25.0,26.2,25.5,27.0
1396,25.1,25.0,25.7,25.2,26.0
1397,24.95,25.0,25.6,25.0,26.0
1398,24.8,25.0,25.7,24.9,26.0
1399,24.8,25.0,25.7,24.9,26.0
1400,24.75,25.0,25.6,24.9,26.0
1401,24.75,25.0,25.7,24.9,26.0
1402,24.700000000000003,25.0,25.5,24.8,26.0
1403,24.8,26.0,26.3,24.9,27.0
1404,25.1,26.0,26.6,25.2,28.0
1405,25.25,26.0,26.5,25.4,27.0
1406,25.3,26.0,26.5,25.4,27.0
1407,25.05,25.0,25.7,25.1,26.0
1408,24.9,25.0,25.6,25.0,26.0
1409,24.8,25.0,25.7,24.9,26.0
1410,24.75,25.0,25.6,24.9,26.0
1411,24.75,25.0,25.7,24.9,26.0
1412,24.700000000000003,25.0,25.5,24.8,26.0
1413,24.700000000000003,25.0,25.6,24.8,26.0
1414,24.700000000000003,25.0,25.6,24.8,26.0
1415,24.75,26.0,26.2,24.9,26.0
1416,25.1,26.0,26.5,25.3,27.0
1417,25.25,26.0,26.4,25.4,27.0
1418,25.35,26.0,26.5,25.5,27.0
1419,25.15,25.0,25.5,25.2,26.0
1420,24.950000000000003,25.0,25.6,25.1,26.0
1421,24.8,25.0,25.6,24.9,26.0
1422,24.75,25.0,25.8,24.9,26.0
1423,24.75,25.0,25.6,24.9,26.0
1424,24.75,25.0,25.8,24.9,26.0
1425,24.700000000000003,25.0,25.6,24.8,26.0
1426,24.700000000000003,25.0,25.5,24.8,26.0
1427,24.75,26.0,26.2,24.9,26.0
1428,25.05,26.0,26.4,25.2,27.0
1429,25.25,26.0,26.5,25.4,27.0
1430,25.3,26.0,26.6,25.4,27.0
1431,25.15,25.0,25.5,25.2,26.0
1432,24.9,25.0,25.7,25.0,26.0
1433,24.8,25.0,25.7,24.9,26.0
1434,24.75,25.0,25.6,24.9,26.0
1435,24.700000000000003,25.0,25.6,24.8,26.0
1436,24.700000000000003,25.0,25.5,24.8,26.0
1437,24.700000000000003,25.0,25.8,24.8,26.0
1438,24.700000000000003,26.0,25.7,24.8,26.0
1439,24.75,26.0,26.2,24.9,26.0
1440,25.05,26.0,26.6,25.2,28.0
1441,25.25,26.0,26.6,25.4,28.0
1442,25.35,26.0,26.6,25.5,27.0
1443,25.1,25.0,25.5,25.2,26.0
1444,25.0,25.0,25.7,25.1,26.0
1445,24.8,25.0,25.6,24.9,26.0
1446,24.75,25.0,25.6,24.9,26.0
1447,24.75,25.0,25.6,24.9,26.0
1448,24.700000000000003,25.0,25.7,24.8,26.0
1449,24.700000000000003,25.0,25.6,24.8,26.0
1450,24.700000000000003,25.0,25.7,24.8,26.0
1451,24.85,25.0,26.2,25.0,26.0
1452,25.05,26.0,26.6,25.2,28.0
1453,25.25,26.0,26.5,25.4,27.0
1454,25.35,26.0,26.6,25.5,27.0
1455,25.15,25.0,25.6,25.2,26.0
1456,24.950000000000003,25.0,25.6,25.1,26.0
1457,24.8,25.0,25.6,24.9,26.0
1458,24.75,25.0,25.7,24.9,26.0
1459,24.75,25.0,25.7,24.9,26.0
1460,24.75,25.0,25.7,24.9,26.0
1461,24.700000000000003,25.0,25.6,24.8,26.0
1462,24.700000000000003,25.0,25.7,24.8,26.0
1463,24.75,26.0,26.2,24.9,26.0
1464,25.1,26.0,26.4,25.2,27.0
1465,25.200000000000003,26.0,26.5,25.3,27.0
1466,25.3,26.0,26.6,25.4,27.0
1467,25.15,25.0,25.6,25.2,26.0
1468,24.95,25.0,25.6,25.0,26.0
1469,24.85,25.0,25.6,25.0,26.0
1470,24.75,25.0,25.5,24.9,26.0
1471,24.75,25.0,25.7,24.9,26.0
1472,24.700000000000003,25.0,25.7,24.8,26.0
1473,24.700000000000003,25.0,25.5,24.8,26.0
1474,24.700000000000003,25.0,25.7,24.8,26.0
1475,24.700000000000003,25.0,25.7,24.8,26.0
1476,24.700000000000003,25.0,25.6,24.8,26.0
1477,24.75,26.0,26.1,24.9,28.0
1478,25.05,26.0,26.6,25.2,28.0
1479,25.200000000000003,26.0,26.5,25.3,27.0
1480,25.3,26.0,26.6,25.4,27.0
1481,25.05,25.0,25.7,25.1,26.0
1482,24.950000000000003,25.0,25.7,25.1,26.0
1483,24.85,25.0,25.7,25.0,26.0
1484,24.75,25.0,25.7,24.9,26.0
1485,24.75,25.0,25.6,24.9,26.0
1486,24.75,25.0,25.6,24.9,26.0
1487,24.4,24.0,24.8,24.5,26.0
1488,24.3,24.0,24.8,24.4,26.0
1489,24.1,24.0,24.8,24.2,26.0
1490,24.1,24.0,24.8,24.2,26.0
1491,24.0,24.0,24.8,24.1,26.0
1492,24.0,24.0,24.8,24.1,26.0
1493,24.1,25.0,25.5,24.2,26.0
1494,24.4,25.0,25.6,24.5,26.0
1495,24.5,25.0,25.6,24.6,26.0
1496,24.5,25.0,25.6,24.6,26.0
1497,24.6,25.0,25.6,24.7,26.0
1498,24.6,25.0,25.6,24.7,26.0
1499,24.8,26.0,26.3,24.9,27.0
1500,25.0,26.0,26.5,25.1,27.0
1501,25.200000000000003,26.0,26.5,25.3,27.0
1502,25.3,26.0,26.6,25.4,27.0
1503,25.05,25.0,25.5,25.1,26.0
1504,24.9,25.0,25.7,25.0,26.0
1505,24.8,25.0,25.6,24.9,26.0
1506,24.75,25.0,25.6,24.9,26.0
1507,24.700000000000003,25.0,25.6,24.8,26.0
1508,24.700000000000003,25.0,25.7,24.8,26.0
1509,24.700000000000003,25.0,25.6,24.8,26.0
1510,24.700000000000003,25.0,25.7,24.8,26.0
1511,24.75,26.0,26.1,24.9,28.0
1512,25.1,26.0,26.5,25.2,27.0
1513,25.200000000000003,26.0,26.6,25.3,28.0
1514,25.3,26.0,26.5,25.4,27.0
1515,25.05,25.0,25.6,25.1,26.0
1516,24.9,25.0,25.6,25.0,26.0
1517,24.8,25.0,25.7,24.9,26.0
1518,24.700000000000003,25.0,25.5,24.8,26.0
1519,24.75,25.0,25.6,24.9,26.0
1520,24.700000000000003,25.0,25.6,24.8,26.0
1521,24.700000000000003,25.0,25.5,24.8,26.0
1522,24.700000000000003,25.0,25.6,24.8,26.0
1523,24.75,26.0,26.1,24.9,28.0
1524,25.05,26.0,26.6,25.2,28.0
1525,25.25,26.0,26.4,25.4,27.0
1526,25.3,26.0,26.5,25.4,27.0
1527,25.1,25.0,25.4,25.2,26.0
1528,24.9,25.0,25.6,25.0,26.0
1529,24.85,25.0,25.6,25.0,26.0
1530,24.8,25.0,25.6,24.9,26.0
1531,24.75,25.0,25.7,24.9,26.0
1532,24.75,25.0,25.6,24.9,26.0
1533,24.700000000000003,25.0,25.6,24.8,26.0
1534,24.700000000000003,25.0,25.7,24.8,26.0
1535,24.85,26.0,26.4,25.0,27.0
1536,25.05,26.0,26.6,25.2,28.0
1537,25.200000000000003,26.0,26.5,25.3,27.0
1538,25.3,26.0,26.5,25.4,27.0
1539,25.0,25.0,25.5,25.1,26.0
1540,24.9,25.0,25.5,25.0,26.0
1541,24.8,25.0,25.6,24.9,26.0
1542,24.75,25.0,25.6,24.9,26.0
1543,24.75,25.0,25.6,24.9,26.0
1544,24.700000000000003,25.0,25.6,24.8,26.0
1545,24.700000000000003,25.0,25.7,24.8,26.0
1546,24.700000000000003,25.0,25.6,24.8,26.0
1547,24.75,26.0,26.1,24.9,28.0
1548,25.0,26.0,26.5,25.2,27.0
1549,25.15,26.0,26.5,25.3,27.0
1550,25.3,26.0,26.5,25.4,27.0
1551,25.2,26.0,26.5,25.2,27.0
1552,25.0,26.0,26.5,25.1,27.0
1553,24.8,25.0,26.5,24.9,27.0
1554,24.75,25.0,25.6,24.9,26.0
1555,24.75,25.0,25.6,24.9,26.0
1556,24.700000000000003,25.0,25.6,24.8,26.0
1557,24.700000000000003,25.0,25.6,24.8,26.0
1558,24.700000000000003,25.0,25.6,24.8,26.0
1559,24.75,26.0,26.2,24.9,26.0
1560,25.05,26.0,26.6,25.2,28.0
1561,25.05,26.0,26.5,25.2,27.0
1562,25.05,26.0,26.5,25.2,27.0
1563,25.4,26.0,26.5,25.5,27.0
1564,25.1,25.0,25.6,25.2,26.0
1565,24.8,24.0,24.8,24.9,26.0
1566,24.6,24.0,24.7,24.7,26.0
1567,24.6,24.0,24.7,24.7,26.0
1568,24.6,24.0,24.8,24.7,26.0
1569,24.6,24.0,24.8,24.7,26.0
1570,24.0,24.0,24.8,24.1,26.0
1571,24.15,25.0,25.0,24.3,26.0
1572,24.15,25.0,25.6,24.3,26.0
1573,24.15,25.0,25.6,24.3,26.0
1574,24.6,25.0,25.6,24.7,26.0
1575,24.6,25.0,25.6,24.7,26.0
1576,24.6,,,24.7,26.0
1577,24.8,26.0,26.3,24.9,27.0
1578,25.05,26.0,26.5,25.2,27.0
1579,25.200000000000003,26.0,26.5,25.3,27.0
1580,25.200000000000003,26.0,26.5,25.3,27.0
1581,25.4,26.0,26.5,25.5,27.0
1582,25.4,26.0,26.4,25.5,27.0
1583,25.200000000000003,26.0,26.4,25.3,27.0
1584,25.1,25.0,25.6,25.2,26.0
1585,25.1,25.0,25.6,25.2,26.0
1586,24.8,25.0,25.6,24.9,26.0
1587,24.75,25.0,25.8,24.9,26.0
1588,24.75,25.0,25.6,24.9,26.0
1589,24.55,25.0,24.7,24.6,26.0
1590,24.3,24.0,24.8,24.4,26.0
1591,24.15,24.0,24.8,24.2,26.0
1592,24.1,24.0,24.8,24.2,26.0
1593,24.0,24.0,24.8,24.1,26.0
1594,24.0,24.0,24.7,24.1,26.0
1595,23.950000000000003,24.0,24.7,24.1,26.0
1596,23.950000000000003,24.0,24.7,24.1,26.0
1597,23.950000000000003,24.0,24.7,24.1,26.0
1598,23.9,24.0,24.7,24.0,26.0
1599,23.9,24.0,24.7,24.0,26.0
1600,23.9,24.0,24.7,24.0,26.0
1601,23.9,24.0,24.7,24.0,26.0
1602,23.9,24.0,24.7,24.0,26.0
1603,23.9,25.0,25.0,24.0,26.0
1604,24.200000000000003,25.0,25.6,24.3,26.0
1605,24.4,25.0,25.6,24.5,26.0
1606,24.5,25.0,25.6,24.6,26.0
1607,24.5,25.0,25.6,24.6,26.0
1608,24.6,25.0,25.6,24.7,26.0
1609,24.6,25.0,25.6,24.7,26.0
1610,24.6,26.0,25.6,24.7,26.0
1611,25.1,26.0,26.5,25.2,27.0
1612,25.200000000000003,26.0,26.4,25.3,27.0
1613,25.1,25.0,25.5,25.1,26.0
1614,24.8,25.0,25.6,24.9,26.0
1615,24.8,25.0,25.7,24.9,26.0
1616,24.700000000000003,25.0,25.5,24.8,26.0
1617,24.700000000000003,25.0,25.5,24.8,26.0
1618,24.700000000000003,26.0,25.6,24.8,26.0
1619,24.700000000000003,26.0,26.2,24.8,26.0
1620,24.700000000000003,26.0,26.5,24.8,27.0
1621,25.200000000000003,26.0,26.5,25.3,27.0
1622,25.25,26.0,26.5,25.4,27.0
1623,25.25,26.0,26.5,25.4,27.0
1624,25.4,25.0,26.6,25.5,27.0
1625,25.1,25.0,25.5,25.2,26.0
1626,25.0,25.0,25.7,25.1,26.0
1627,25.0,25.0,25.6,25.1,26.0
1628,24.8,25.0,25.6,24.9,26.0
1629,24.75,25.0,25.8,24.9,26.0
1630,24.75,25.0,25.6,24.9,26.0
1631,24.4,24.0,24.7,24.5,26.0
1632,24.200000000000003,24.0,24.8,24.3,26.0
1633,24.1,24.0,24.8,24.2,26.0
1634,24.0,24.0,24.8,24.1,26.0
1635,24.0,24.0,24.8,24.1,26.0
1636,24.0,24.0,24.8,24.1,26.0
1637,24.0,24.0,24.8,24.1,26.0
1638,23.95,24.0,24.7,24.0,26.0
1639,24.0,25.0,25.0,24.1,26.0
1640,24.3,25.0,25.6,24.4,26.0
1641,24.4,25.0,25.5,24.5,26.0
1642,24.5,25.0,25.6,24.6,26.0
1643,24.700000000000003,26.0,26.0,24.8,28.0
1644,25.0,26.0,26.5,25.1,27.0
1645,25.0,26.0,26.5,25.1,27.0
1646,25.0,26.0,26.4,25.1,27.0
1647,25.3,26.0,26.5,25.4,27.0
1648,25.35,26.0,26.6,25.4,27.0
1649,25.35,26.0,26.6,25.4,27.0
1650,25.35,26.0,26.5,25.4,27.0
1651,25.4,25.0,26.4,25.5,27.0
1652,25.4,25.0,26.4,25.5,27.0
1653,24.85,25.0,25.6,25.0,26.0
1654,24.5,24.0,24.7,24.6,26.0
1655,24.3,24.0,24.7,24.4,26.0
1656,24.1,24.0,24.9,24.2,26.0
1657,24.0,24.0,24.9,24.1,26.0
1658,24.0,24.0,24.7,24.1,26.0
1659,23.95,24.0,24.7,24.0,26.0
1660,23.9,24.0,24.7,24.0,26.0
1661,23.9,24.0,24.7,24.0,26.0
1662,23.9,24.0,24.7,24.0,26.0
1663,23.9,24.0,24.7,24.0,26.0
1664,24.3,25.0,25.6,24.4,26.0
1665,24.4,25.0,25.7,24.5,26.0
1666,24.5,25.0,25.6,24.6,26.0
1667,24.5,25.0,25.6,24.6,26.0
1668,24.55,25.0,25.5,24.6,26.0
1669,24.65,26.0,25.6,24.8,26.0
1670,24.85,26.0,26.4,24.9,27.0
1671,25.1,26.0,26.4,25.2,27.0
1672,25.200000000000003,25.0,26.4,25.3,27.0
1673,25.0,25.0,25.5,25.1,26.0
1674,24.45,24.0,24.7,24.5,26.0
1675,24.3,24.0,24.8,24.4,26.0
1676,24.1,24.0,24.8,24.2,26.0
1677,24.0,24.0,24.7,24.1,26.0
1678,24.0,24.0,24.8,24.1,26.0
1679,24.1,25.0,25.5,24.2,26.0
1680,24.35,25.0,25.4,24.5,26.0
1681,24.5,25.0,25.6,24.6,26.0
1682,24.5,25.0,25.6,24.6,26.0
1683,24.6,25.0,25.6,24.7,26.0
1684,24.6,25.0,25.5,24.7,26.0
1685,24.700000000000003,26.0,26.1,24.8,28.0
1686,25.0,26.0,26.5,25.1,27.0
1687,25.15,26.0,26.5,25.2,27.0
1688,25.3,26.0,26.4,25.4,27.0
1689,25.3,26.0,26.5,25.4,27.0
1690,25.1,25.0,25.5,25.2,26.0
1691,24.9,25.0,25.6,25.0,26.0
1692,24.8,25.0,25.6,24.9,26.0
1693,24.75,25.0,25.7,24.9,26.0
1694,24.700000000000003,25.0,25.6,24.8,26.0
1695,24.700000000000003,25.0,25.6,24.8,26.0
1696,24.700000000000003,25.0,25.6,24.8,26.0
1697,24.700000000000003,25.0,25.6,24.8,26.0
1698,24.700000000000003,25.0,25.7,24.8,26.0
1699,24.75,26.0,26.0,24.9,28.0
1700,24.950000000000003,26.0,26.5,25.1,27.0
1701,25.200000000000003,26.0,26.4,25.3,27.0
1702,25.25,26.0,26.5,25.4,27.0
1703,25.1,25.0,25.5,25.1,26.0
1704,24.9,25.0,25.7,25.0,26.0
1705,24.8,25.0,25.7,24.9,26.0
1706,24.75,25.0,25.7,24.9,26.0
1707,24.700000000000003,25.0,25.7,24.8,26.0
1708,24.700000000000003,25.0,25.7,24.8,26.0
1709,24.8,26.0,26.1,24.9,28.0
1710,25.1,26.0,26.6,25.2,28.0
1711,25.200000000000003,26.0,26.5,25.3,27.0
1712,25.3,26.0,26.6,25.4,27.0
1713,25.1,25.0,25.5,25.2,26.0
1714,24.950000000000003,25.0,25.6,25.1,26.0
1715,24.85,25.0,25.7,25.0,26.0
1716,24.75,25.0,25.6,24.9,26.0
1717,24.75,25.0,25.5,24.9,26.0
1718,24.75,25.0,25.6,24.9,26.0
1719,24.700000000000003,25.0,25.6,24.8,26.0
1720,24.700000000000003,25.0,25.7,24.8,26.0
1721,24.75,26.0,26.2,24.9,26.0
1722,25.05,26.0,26.6,25.2,28.0
1723,25.200000000000003,26.0,26.5,25.3,27.0
1724,25.3,26.0,26.5,25.4,27.0
1725,25.0,25.0,25.5,25.1,26.0
1726,24.9,25.0,25.7,25.0,26.0
1727,24.8,25.0,25.7,24.9,26.0
1728,24.75,25.0,25.5,24.9,26.0
1729,24.75,25.0,25.7,24.9,26.0
1730,24.75,25.0,25.6,24.9,26.0
1731,24.700000000000003,25.0,25.7,24.8,26.0
1732,24.75,25.0,25.6,24.9,26.0
1733,24.4,24.0,24.8,24.5,26.0
1734,24.3,24.0,24.8,24.4,26.0
1735,24.3,24.0,24.8,24.4,26.0
1736,24.05,24.0,24.7,24.2,26.0
1737,24.0,24.0,24.7,24.1,26.0
1738,24.0,24.0,24.7,24.1,26.0
1739,23.9,24.0,24.8,24.0,26.0
1740,24.05,25.0,25.4,24.2,26.0
1741,24.3,25.0,25.5,24.4,26.0
1742,24.4,25.0,25.6,24.5,26.0
1743,24.5,25.0,25.6,24.6,26.0
1744,24.6,25.0,25.5,24.7,26.0
1745,24.6,26.0,25.5,24.7,26.0
1746,25.0,26.0,26.2,25.1,26.0
1747,25.200000000000003,26.0,26.4,25.3,27.0
1748,25.200000000000003,26.0,26.5,25.3,27.0
1749,25.3,26.0,26.5,25.4,27.0
1750,25.0,25.0,25.7,25.1,26.0
1751,24.950000000000003,25.0,25.6,25.1,26.0
1752,24.8,25.0,25.6,24.9,26.0
1753,24.75,25.0,25.7,24.9,26.0
1754,24.700000000000003,25.0,25.6,24.8,26.0
1755,24.700000000000003,25.0,25.7,24.8,26.0
1756,24.700000000000003,25.0,25.6,24.8,26.0
1757,24.85,26.0,26.2,25.0,26.0
1758,25.05,26.0,26.6,25.2,28.0
1759,25.25,26.0,26.5,25.4,27.0
1760,25.25,26.0,26.5,25.4,27.0
1761,25.25,26.0,26.5,25.4,27.0
1762,25.4,26.0,26.6,25.5,27.0
1763,25.15,25.0,25.5,25.2,26.0
1764,25.0,25.0,25.6,25.1,26.0
1765,24.55,24.0,24.8,24.6,26.0
1766,24.4,24.0,24.9,24.5,26.0
1767,24.200000000000003,24.0,24.8,24.3,26.0
1768,24.1,24.0,24.8,24.2,26.0
1769,24.200000000000003,24.0,24.8,24.3,26.0
1770,24.450000000000003,25.0,25.5,24.6,26.0
1771,24.5,25.0,25.7,24.6,26.0
1772,24.6,25.0,25.7,24.7,26.0
1773,24.6,25.0,25.7,24.7,26.0
1774,24.65,25.0,25.6,24.8,26.0
1775,24.8,26.0,26.2,24.9,26.0
1776,25.0,26.0,26.5,25.1,27.0
1777,25.200000000000003,26.0,26.5,25.3,27.0
1778,25.3,26.0,26.5,25.4,27.0
1779,25.35,26.0,26.5,25.5,27.0
1780,25.1,25.0,25.5,25.2,26.0
1781,25.0,25.0,25.7,25.1,26.0
1782,25.0,25.0,25.6,25.1,26.0
1783,24.75,25.0,25.7,24.9,26.0
1784,24.75,25.0,25.7,24.9,26.0
1785,24.75,25.0,25.7,24.9,26.0
1786,24.75,25.0,25.6,24.9,26.0
1787,24.700000000000003,24.0,25.0,24.8,26.0
1788,24.700000000000003,24.0,25.0,24.8,26.0
1789,24.1,24.0,24.8,24.2,26.0
1790,24.0,24.0,24.7,24.1,26.0
1791,24.0,24.0,24.7,24.1,26.0
1792,23.9,24.0,24.8,24.0,26.0
1793,23.950000000000003,25.0,24.9,24.1,26.0
1794,23.950000000000003,25.0,24.9,24.1,26.0
1795,24.4,25.0,25.6,24.5,26.0
1796,24.5,25.0,25.6,24.6,26.0
1797,24.5,25.0,25.5,24.6,26.0
1798,24.6,25.0,25.5,24.7,26.0
1799,24.700000000000003,26.0,26.1,24.8,28.0
1800,25.0,26.0,26.5,25.1,27.0
1801,25.200000000000003,26.0,26.6,25.3,28.0
1802,25.200000000000003,26.0,26.4,25.3,27.0
1803,25.200000000000003,26.0,26.4,25.3,27.0
1804,25.3,26.0,26.5,25.4,27.0
1805,25.0,24.0,24.8,25.1,26.0
1806,24.5,24.0,24.9,24.6,26.0
1807,24.200000000000003,24.0,24.7,24.3,26.0
1808,24.1,24.0,24.7,24.2,26.0
1809,24.0,24.0,24.8,24.1,26.0
1810,24.0,24.0,24.8,24.1,26.0
1811,24.0,25.0,25.6,24.1,26.0
1812,24.3,25.0,25.5,24.4,26.0
1813,24.5,25.0,25.6,24.6,26.0
1814,24.5,25.0,25.6,24.6,26.0
1815,24.6,25.0,25.5,24.7,26.0
1816,24.6,25.0,25.7,24.7,26.0
1817,24.700000000000003,26.0,26.1,24.8,28.0
1818,24.950000000000003,26.0,26.5,25.1,27.0
1819,25.15,26.0,26.3,25.2,27.0
1820,25.3,26.0,26.5,25.4,27.0
1821,25.3,26.0,26.5,25.4,27.0
1822,25.4,26.0,26.5,25.5,27.0
1823,25.05,24.0,24.8,25.1,26.0
1824,24.55,24.0,24.8,24.6,26.0
1825,24.25,24.0,24.7,24.3,26.0
1826,24.1,24.0,24.8,24.2,26.0
1827,24.0,24.0,24.5,24.1,26.0
1828,24.0,25.0,24.7,24.1,26.0
1829,24.05,25.0,25.5,24.2,26.0
1830,24.35,25.0,25.6,24.5,26.0
1831,24.450000000000003,25.0,25.6,24.6,26.0
1832,24.5,25.0,25.5,24.6,26.0
1833,24.6,25.0,25.6,24.7,26.0
1834,24.6,25.0,25.6,24.7,26.0
1835,24.65,26.0,26.1,24.8,28.0
1836,25.0,26.0,26.4,25.1,27.0
1837,25.15,26.0,26.5,25.2,27.0
1838,25.15,26.0,26.5,25.2,27.0
1839,25.35,26.0,26.5,25.4,27.0
1840,25.4,26.0,26.5,25.5,27.0
1841,25.4,26.0,26.4,25.5,27.0
1842,24.5,24.0,24.5,24.5,26.0
1843,24.4,24.0,24.8,24.5,26.0
1844,24.4,24.0,24.8,24.5,26.0
1845,24.0,24.0,24.8,24.1,26.0
1846,23.95,24.0,24.8,24.0,26.0
1847,23.95,24.0,24.7,24.0,26.0
1848,23.95,24.0,24.7,24.0,26.0
1849,23.95,25.0,24.8,24.0,26.0
1850,24.25,25.0,25.6,24.4,26.0
1851,24.45,25.0,25.7,24.5,26.0
1852,24.5,25.0,25.5,24.6,26.0
1853,24.5,25.0,25.5,24.6,26.0
1854,24.5,25.0,25.5,24.6,26.0
1855,24.5,26.0,25.8,24.6,26.0
1856,24.5,26.0,26.3,24.6,27.0
1857,25.1,26.0,26.5,25.2,27.0
1858,25.1,,,25.2,26.0
1859,25.2,26.0,26.4,25.2,27.0
1860,25.3,26.0,26.5,25.4,27.0
1861,25.3,26.0,26.5,25.4,27.0
1862,25.35,26.0,26.5,25.4,27.0
1863,25.35,26.0,26.5,25.4,27.0
1864,25.4,26.0,26.6,25.5,27.0
1865,25.4,26.0,26.6,25.5,27.0
1866,25.15,26.0,26.6,25.2,28.0
1867,24.6,24.0,24.9,24.6,26.0
1868,24.450000000000003,24.0,24.7,24.6,26.0
1869,24.450000000000003,24.0,24.7,24.6,26.0
1870,24.450000000000003,24.0,24.7,24.6,26.0
1871,24.1,25.0,25.5,24.2,26.0
1872,24.35,25.0,25.7,24.5,26.0
1873,24.450000000000003,25.0,25.7,24.6,26.0
1874,24.5,25.0,25.6,24.6,26.0
1875,24.5,25.0,25.6,24.6,26.0
1876,24.55,25.0,25.6,24.7,26.0
1877,24.6,25.0,25.6,24.7,26.0
1878,24.6,25.0,25.6,24.7,26.0
1879,24.6,25.0,25.6,24.7,26.0
1880,24.6,25.0,25.6,24.7,26.0
1881,24.6,25.0,25.7,24.7,26.0
1882,24.6,25.0,25.5,24.7,26.0
1883,24.6,25.0,25.5,24.7,26.0
1884,24.6,25.0,25.5,24.7,26.0
1885,24.6,25.0,25.6,24.7,26.0
1886,24.6,25.0,25.6,24.7,26.0
1887,24.700000000000003,25.0,25.6,24.8,26.0
1888,24.700000000000003,25.0,25.6,24.8,26.0
1889,24.75,26.0,26.1,24.9,28.0
1890,25.0,26.0,26.6,25.1,28.0
1891,25.200000000000003,26.0,26.5,25.3,27.0
1892,25.200000000000003,26.0,26.5,25.3,27.0
1893,25.200000000000003,26.0,26.5,25.3,27.0
1894,25.4,26.0,26.5,25.5,27.0
1895,25.4,26.0,26.5,25.5,27.0
1896,25.4,26.0,26.5,25.5,27.0
1897,25.4,26.0,26.5,25.5,27.0
1898,25.4,26.0,26.5,25.5,27.0
1899,25.4,26.0,26.6,25.5,27.0
1900,25.4,26.0,26.6,25.5,27.0
1901,25.450000000000003,26.0,26.5,25.6,27.0
1902,25.15,24.0,25.0,25.2,26.0
1903,24.6,24.0,25.0,24.7,26.0
1904,24.3,24.0,24.8,24.4,26.0
1905,24.200000000000003,24.0,24.8,24.3,26.0
1906,24.1,24.0,24.8,24.2,26.0
1907,24.05,25.0,25.0,24.2,26.0
1908,24.1,25.0,25.5,24.2,26.0
1909,24.1,25.0,25.6,24.2,26.0
1910,24.5,25.0,25.5,24.6,26.0
1911,24.6,25.0,25.6,24.7,26.0
1912,24.6,25.0,25.5,24.7,26.0
1913,24.6,25.0,25.5,24.7,26.0
1914,24.6,25.0,25.5,24.7,26.0
1915,25.200000000000003,26.0,26.4,25.3,27.0
1916,25.3,26.0,26.5,25.4,27.0
1917,25.35,26.0,26.5,25.4,27.0
1918,25.35,26.0,26.5,25.4,27.0
1919,25.35,26.0,26.5,25.4,27.0
1920,25.200000000000003,25.0,25.4,25.3,26.0
1921,25.0,25.0,25.6,25.1,26.0
1922,24.85,25.0,25.7,25.0,26.0
1923,24.8,25.0,25.7,24.9,26.0
1924,24.8,25.0,25.7,24.9,26.0
1925,24.65,24.0,24.5,24.7,26.0
1926,24.3,24.0,24.8,24.4,26.0
1927,24.15,24.0,24.8,24.3,26.0
1928,24.15,24.0,24.8,24.3,26.0
1929,24.1,24.0,24.8,24.3,26.0
1930,24.1,24.0,24.8,24.3,26.0
1931,24.1,24.0,24.8,24.3,26.0
1932,23.95,24.0,24.8,24.0,26.0
1933,23.95,24.0,24.8,24.0,26.0
1934,23.95,24.0,24.8,24.0,26.0
1935,23.9,24.0,24.7,24.0,26.0
1936,23.95,24.0,24.8,24.0,26.0
1937,24.0,25.0,25.5,24.1,26.0
1938,24.3,25.0,25.5,24.4,26.0
1939,24.35,25.0,25.5,24.4,26.0
1940,24.5,25.0,25.5,24.6,26.0
1941,24.5,25.0,25.6,24.6,26.0
1942,24.55,25.0,25.5,24.6,26.0
1943,24.65,25.0,25.5,24.7,26.0
1944,24.9,26.0,26.4,25.0,27.0
1945,25.1,26.0,26.4,25.2,27.0
1946,25.200000000000003,26.0,26.5,25.3,27.0
1947,25.3,26.0,26.5,25.4,27.0
1948,25.35,26.0,26.5,25.4,27.0
1949,25.1,25.0,25.5,25.2,26.0
1950,25.0,25.0,25.5,25.1,26.0
1951,25.0,25.0,25.5,25.1,26.0
1952,24.700000000000003,25.0,25.6,24.8,26.0
1953,24.700000000000003,25.0,25.6,24.8,26.0
1954,24.700000000000003,,,24.8,26.0
1955,24.75,26.0,26.1,24.9,28.0
1956,25.0,26.0,26.5,25.1,27.0
1957,25.200000000000003,26.0,26.4,25.3,27.0
1958,25.3,26.0,26.5,25.4,27.0
1959,25.3,26.0,26.4,25.4,27.0
1960,25.3,26.0,26.5,25.4,27.0
1961,25.200000000000003,25.0,25.4,25.3,26.0
1962,25.0,25.0,25.6,25.1,26.0
1963,24.8,25.0,25.7,24.9,26.0
1964,24.75,25.0,25.6,24.9,26.0
1965,24.700000000000003,25.0,25.6,24.8,26.0
1966,24.700000000000003,25.0,25.6,24.8,26.0
1967,24.700000000000003,26.0,25.9,24.8,28.0
1968,24.700000000000003,26.0,25.9,24.8,28.0
1969,24.950000000000003,26.0,25.9,25.3,28.0
1970,25.3,26.0,26.5,25.4,27.0
1971,25.3,26.0,26.5,25.4,27.0
1972,25.4,26.0,26.5,25.5,27.0
1973,25.200000000000003,24.0,24.8,25.3,26.0
1974,24.7,24.0,24.8,24.7,26.0
1975,24.7,24.0,24.8,24.7,26.0
1976,24.200000000000003,24.0,24.8,24.3,26.0
1977,24.1,24.0,24.7,24.2,26.0
1978,24.0,24.0,24.7,24.1,26.0
1979,24.0,24.0,24.7,24.1,26.0
1980,24.0,24.0,24.7,24.1,26.0
1981,24.0,25.0,25.2,24.1,26.0
1982,24.3,25.0,25.5,24.4,26.0
1983,24.5,25.0,25.7,24.6,26.0
1984,24.5,25.0,25.5,24.6,26.0
1985,24.700000000000003,26.0,26.0,24.8,28.0
1986,24.9,26.0,26.5,25.0,27.0
1987,25.15,26.0,26.5,25.2,27.0
1988,25.25,26.0,26.5,25.3,27.0
1989,25.3,26.0,26.4,25.4,27.0
1990,25.35,26.0,26.5,25.4,27.0
1991,25.2,25.0,25.4,25.2,26.0
1992,24.95,25.0,25.5,25.0,26.0
1993,24.8,25.0,25.7,24.9,26.0
1994,24.75,25.0,25.6,24.9,26.0
1995,24.700000000000003,25.0,25.6,24.8,26.0
1996,24.65,25.0,25.5,24.8,26.0
1997,24.700000000000003,26.0,26.2,24.8,26.0
1998,25.0,26.0,26.3,25.1,27.0
1999,25.05,26.0,26.3,25.2,27.0
2000,25.05,26.0,26.6,25.2,28.0
2001,25.3,26.0,26.5,25.4,27.0
2002,25.4,26.0,26.5,25.5,27.0
2003,25.200000000000003,24.0,25.3,25.3,26.0
2004,24.6,24.0,24.9,24.7,26.0
2005,24.3,24.0,24.8,24.4,26.0
2006,24.200000000000003,24.0,24.8,24.3,26.0
2007,24.1,24.0,24.7,24.2,26.0
2008,24.0,24.0,24.7,24.1,26.0
2009,24.1,25.0,25.4,24.2,26.0
2010,24.35,25.0,25.5,24.5,26.0
2011,24.5,25.0,25.6,24.6,26.0
2012,24.5,25.0,25.6,24.6,26.0
2013,24.5,25.0,25.6,24.6,26.0
2014,24.5,25.0,25.6,24.6,26.0
2015,24.700000000000003,26.0,26.1,24.8,28.0
2016,25.0,26.0,26.5,25.1,27.0
2017,25.05,26.0,26.4,25.2,27.0
2018,25.05,26.0,26.4,25.2,27.0
2019,25.3,26.0,26.5,25.4,27.0
2020,25.3,26.0,26.5,25.4,27.0
2021,25.15,25.0,25.4,25.2,26.0
2022,25.0,25.0,25.7,25.1,26.0
2023,24.8,25.0,25.6,24.9,26.0
2024,24.700000000000003,25.0,25.5,24.8,26.0
2025,24.700000000000003,25.0,25.6,24.8,26.0
2026,24.700000000000003,25.0,25.6,24.8,26.0
2027,24.75,26.0,26.0,24.9,28.0
2028,25.05,26.0,26.5,25.2,27.0
2029,25.200000000000003,26.0,26.5,25.3,27.0
2030,25.3,26.0,26.5,25.4,27.0
2031,25.3,26.0,26.5,25.4,27.0
2032,25.4,26.0,26.5,25.5,27.0
2033,25.200000000000003,24.0,24.9,25.3,26.0
