time,outdoor_t,room_total_power,rack_h,rack_l,rack_avg,env_avg,env_h,env_list,3811412_c,3811412_h,3811412_r,3811412_s
2023-06-02 14:15:00,30.2,8.41,30.2,30.2,30.2,27.1,27.1,[27.1],1.0,30.2,27.0,26.0
2023-06-02 14:20:00,30.2,8.379999999999999,30.3,30.3,30.3,26.9,26.9,[26.9],1.0,30.3,27.0,26.0
2023-06-02 14:25:00,30.2,8.379999999999999,30.2,30.2,30.2,26.8,26.8,[26.8],1.0,30.2,26.0,26.0
2023-06-02 14:30:00,30.1,8.379999999999999,29.9,29.9,29.9,26.7,26.7,[26.7],1.0,29.9,26.0,26.0
2023-06-02 14:35:00,30.2,8.379999999999999,29.9,29.9,29.9,26.6,26.6,[26.6],1.0,29.9,26.0,26.0
2023-06-02 14:40:00,30.2,8.379999999999999,29.7,29.7,29.7,26.5,26.5,[26.5],1.0,29.7,27.0,26.0
2023-06-02 14:45:00,30.2,8.379999999999999,29.6,29.6,29.6,26.7,26.7,[26.7],1.0,29.6,27.0,26.0
2023-06-02 14:50:00,30.5,8.41,29.6,29.6,29.6,26.9,26.9,[26.9],1.0,29.6,28.0,26.0
2023-06-02 14:55:00,30.5,,29.6,29.6,29.6,27.3,27.3,[27.3],1.0,29.6,29.0,26.0
2023-06-02 15:00:00,30.7,8.41,30.1,30.1,30.1,27.4,27.4,[27.4],1.0,30.1,28.0,26.0
2023-06-02 15:05:00,30.4,8.41,30.1,30.1,30.1,27.1,27.1,[27.1],1.0,30.1,27.0,26.0
2023-06-02 15:10:00,30.3,8.379999999999999,30.2,30.2,30.2,26.9,26.9,[26.9],,30.2,27.0,26.0
2023-06-02 15:15:00,30.2,8.379999999999999,30.1,30.1,30.1,26.8,26.8,[26.8],,30.1,26.0,26.0
2023-06-02 15:20:00,30.1,8.379999999999999,30.1,30.1,30.1,26.6,26.6,[26.6],,30.1,26.0,26.0
2023-06-02 15:25:00,30.1,8.379999999999999,29.9,29.9,29.9,26.5,26.5,[26.5],,29.9,26.0,26.0
2023-06-02 15:30:00,30.2,8.41,29.5,29.5,29.5,26.5,26.5,[26.5],,29.5,27.0,26.0
2023-06-02 15:35:00,30.2,8.379999999999999,29.5,29.5,29.5,26.6,26.6,[26.6],,29.5,27.0,26.0
2023-06-02 15:40:00,30.1,8.41,29.5,29.5,29.5,26.9,26.9,[26.9],,29.5,28.0,26.0
2023-06-02 15:45:00,30.0,8.41,29.5,29.5,29.5,27.2,27.2,[27.2],,29.5,29.0,26.0
2023-06-02 15:50:00,30.0,8.41,30.1,30.1,30.1,27.4,27.4,[27.4],,30.1,28.0,26.0
2023-06-02 15:55:00,30.0,8.41,30.1,30.1,30.1,27.3,27.3,[27.3],,30.1,27.0,26.0
2023-06-02 16:00:00,30.0,8.41,30.3,30.3,30.3,27.0,27.0,[27.0],,30.3,27.0,26.0
2023-06-02 16:05:00,30.0,8.379999999999999,30.3,30.3,30.3,26.8,26.8,[26.8],,30.3,26.0,26.0
2023-06-02 16:10:00,30.0,8.379999999999999,30.0,30.0,30.0,26.7,26.7,[26.7],,30.0,26.0,26.0
2023-06-02 16:15:00,30.1,8.379999999999999,29.8,29.8,29.8,26.5,26.5,[26.5],,29.8,26.0,26.0
2023-06-02 16:20:00,30.1,8.379999999999999,29.8,29.8,29.8,26.5,26.5,[26.5],,29.8,27.0,26.0
2023-06-02 16:25:00,30.3,8.41,29.7,29.7,29.7,26.7,26.7,[26.7],,29.7,27.0,26.0
2023-06-02 16:30:00,30.1,8.41,29.6,29.6,29.6,27.0,27.0,[27.0],,29.6,28.0,26.0
2023-06-02 16:35:00,30.1,8.41,29.8,29.8,29.8,27.2,27.2,[27.2],,29.8,29.0,26.0
2023-06-02 16:40:00,30.1,8.41,30.1,30.1,30.1,27.4,27.4,[27.4],,30.1,28.0,26.0
2023-06-02 16:45:00,30.0,8.41,30.3,30.3,30.3,27.2,27.2,[27.2],,30.3,27.0,26.0
2023-06-02 16:50:00,30.0,8.41,30.3,30.3,30.3,27.0,27.0,[27.0],,30.3,27.0,26.0
2023-06-02 16:55:00,30.0,8.41,30.3,30.3,30.3,26.8,26.8,[26.8],,30.3,26.0,26.0
2023-06-02 17:00:00,30.0,8.379999999999999,30.2,30.2,30.2,26.7,26.7,[26.7],,30.2,26.0,26.0
2023-06-02 17:05:00,30.0,8.379999999999999,29.8,29.8,29.8,26.5,26.5,[26.5],,29.8,26.0,26.0
2023-06-02 17:10:00,30.1,8.379999999999999,29.8,29.8,29.8,26.5,26.5,[26.5],,29.8,27.0,26.0
2023-06-02 17:15:00,30.0,8.379999999999999,29.5,29.5,29.5,26.7,26.7,[26.7],,29.5,28.0,26.0
2023-06-02 17:20:00,30.1,8.41,29.5,29.5,29.5,27.0,27.0,[27.0],,29.5,28.0,26.0
2023-06-02 17:25:00,30.0,8.41,29.6,29.6,29.6,27.2,27.2,[27.2],,29.6,29.0,26.0
2023-06-02 17:30:00,30.0,8.41,30.1,30.1,30.1,27.4,27.4,[27.4],,30.1,28.0,26.0
2023-06-02 17:35:00,30.0,8.41,30.3,30.3,30.3,27.2,27.2,[27.2],,30.3,27.0,26.0
2023-06-02 17:40:00,30.0,8.379999999999999,30.3,30.3,30.3,27.0,27.0,[27.0],,30.3,27.0,26.0
2023-06-02 17:45:00,30.0,8.379999999999999,30.1,30.1,30.1,26.8,26.8,[26.8],,30.1,26.0,26.0
2023-06-02 17:50:00,30.0,8.379999999999999,30.0,30.0,30.0,26.7,26.7,[26.7],,30.0,26.0,26.0
2023-06-02 17:55:00,30.0,8.379999999999999,29.8,29.8,29.8,26.6,26.6,[26.6],,29.8,26.0,26.0
2023-06-02 18:00:00,30.0,8.379999999999999,29.8,29.8,29.8,26.7,26.7,[26.7],,29.8,27.0,26.0
2023-06-02 18:05:00,30.0,8.379999999999999,29.6,29.6,29.6,26.8,26.8,[26.8],,29.6,28.0,26.0
2023-06-02 18:10:00,30.0,8.41,29.7,29.7,29.7,27.1,27.1,[27.1],,29.7,29.0,26.0
2023-06-02 18:15:00,30.0,8.41,29.7,29.7,29.7,27.4,27.4,[27.4],,29.7,29.0,26.0
2023-06-02 18:20:00,30.0,8.41,30.2,30.2,30.2,27.3,27.3,[27.3],,30.2,27.0,26.0
2023-06-02 18:25:00,30.2,8.379999999999999,30.2,30.2,30.2,27.0,27.0,[27.0],,30.2,27.0,26.0
2023-06-02 18:30:00,30.2,8.379999999999999,30.2,30.2,30.2,26.9,26.9,[26.9],,30.2,26.0,26.0
2023-06-02 18:35:00,30.3,8.379999999999999,30.2,30.2,30.2,26.7,26.7,[26.7],,30.2,26.0,26.0
2023-06-02 18:40:00,30.3,8.379999999999999,30.1,30.1,30.1,26.6,26.6,[26.6],,30.1,26.0,26.0
2023-06-02 18:45:00,30.3,8.379999999999999,29.8,29.8,29.8,26.5,26.5,[26.5],,29.8,27.0,26.0
2023-06-02 18:50:00,30.3,8.379999999999999,29.7,29.7,29.7,26.7,26.7,[26.7],,29.7,28.0,26.0
2023-06-02 18:55:00,30.2,8.41,29.6,29.6,29.6,27.0,27.0,[27.0],,29.6,28.0,26.0
2023-06-02 19:00:00,30.2,8.41,29.6,29.6,29.6,27.2,27.2,[27.2],,29.6,29.0,26.0
2023-06-02 19:05:00,30.4,8.41,30.1,30.1,30.1,27.4,27.4,[27.4],,30.1,28.0,26.0
2023-06-02 19:10:00,30.4,8.41,30.3,30.3,30.3,27.2,27.2,[27.2],,30.3,27.0,26.0
2023-06-02 19:15:00,30.5,8.379999999999999,30.3,30.3,30.3,26.9,26.9,[26.9],,30.3,27.0,26.0
2023-06-02 19:20:00,30.5,8.379999999999999,30.3,30.3,30.3,26.8,26.8,[26.8],,30.3,26.0,26.0
2023-06-02 19:25:00,30.6,8.379999999999999,30.0,30.0,30.0,26.6,26.6,[26.6],,30.0,26.0,26.0
2023-06-02 19:30:00,30.5,8.379999999999999,29.8,29.8,29.8,26.6,26.6,[26.6],,29.8,26.0,26.0
2023-06-02 19:35:00,30.4,8.379999999999999,29.8,29.8,29.8,26.5,26.5,[26.5],,29.8,27.0,26.0
2023-06-02 19:40:00,30.3,8.379999999999999,29.5,29.5,29.5,26.7,26.7,[26.7],,29.5,28.0,26.0
2023-06-02 19:45:00,30.3,8.41,29.5,29.5,29.5,27.0,27.0,[27.0],,29.5,28.0,26.0
2023-06-02 19:50:00,30.2,8.41,29.8,29.8,29.8,27.3,27.3,[27.3],,29.8,29.0,26.0
2023-06-02 19:55:00,30.2,8.41,29.8,29.8,29.8,27.4,27.4,[27.4],,29.8,28.0,26.0
2023-06-02 20:00:00,30.1,8.41,30.1,30.1,30.1,27.2,27.2,[27.2],,30.1,27.0,26.0
2023-06-02 20:05:00,30.0,8.379999999999999,30.3,30.3,30.3,27.0,27.0,[27.0],,30.3,27.0,26.0
2023-06-02 20:10:00,30.0,8.379999999999999,30.1,30.1,30.1,26.7,26.7,[26.7],,30.1,26.0,26.0
2023-06-02 20:15:00,29.9,8.379999999999999,30.1,30.1,30.1,26.6,26.6,[26.6],,30.1,26.0,26.0
2023-06-02 20:20:00,29.8,8.379999999999999,29.8,29.8,29.8,26.5,26.5,[26.5],,29.8,26.0,26.0
2023-06-02 20:25:00,29.8,8.379999999999999,29.6,29.6,29.6,26.5,26.5,[26.5],,29.6,27.0,26.0
2023-06-02 20:30:00,29.7,8.379999999999999,29.5,29.5,29.5,26.7,26.7,[26.7],,29.5,27.0,26.0
2023-06-02 20:35:00,29.7,8.379999999999999,29.5,29.5,29.5,26.9,26.9,[26.9],,29.5,28.0,26.0
2023-06-02 20:40:00,29.7,8.41,29.8,29.8,29.8,27.2,27.2,[27.2],,29.8,29.0,26.0
2023-06-02 20:45:00,29.7,8.41,30.1,30.1,30.1,27.4,27.4,[27.4],,30.1,28.0,26.0
2023-06-02 20:50:00,29.7,8.41,30.1,30.1,30.1,27.2,27.2,[27.2],,30.1,27.0,26.0
2023-06-02 20:55:00,29.7,8.41,30.3,30.3,30.3,27.0,27.0,[27.0],,30.3,27.0,26.0
2023-06-02 21:00:00,29.6,8.379999999999999,30.1,30.1,30.1,26.8,26.8,[26.8],,30.1,26.0,26.0
2023-06-02 21:05:00,29.6,8.379999999999999,30.0,30.0,30.0,26.7,26.7,[26.7],,30.0,26.0,26.0
2023-06-02 21:10:00,29.6,8.379999999999999,29.8,29.8,29.8,26.6,26.6,[26.6],,29.8,26.0,26.0
2023-06-02 21:15:00,29.5,8.379999999999999,29.6,29.6,29.6,26.6,26.6,[26.6],,29.6,27.0,26.0
2023-06-02 21:20:00,29.5,8.379999999999999,29.5,29.5,29.5,26.7,26.7,[26.7],,29.5,27.0,26.0
2023-06-02 21:25:00,29.5,8.41,29.6,29.6,29.6,26.9,26.9,[26.9],,29.6,28.0,26.0
2023-06-02 21:30:00,29.5,8.41,29.8,29.8,29.8,27.2,27.2,[27.2],,29.8,29.0,26.0
2023-06-02 21:35:00,29.4,8.41,30.1,30.1,30.1,27.4,27.4,[27.4],,30.1,29.0,26.0
2023-06-02 21:40:00,29.4,8.41,30.3,30.3,30.3,27.3,27.3,[27.3],,30.3,27.0,26.0
2023-06-02 21:45:00,29.4,8.41,30.3,30.3,30.3,27.1,27.1,[27.1],,30.3,27.0,26.0
2023-06-02 21:50:00,29.4,8.379999999999999,30.3,30.3,30.3,26.9,26.9,[26.9],,30.3,26.0,26.0
2023-06-02 21:55:00,29.4,8.379999999999999,30.2,30.2,30.2,26.7,26.7,[26.7],,30.2,26.0,26.0
2023-06-02 22:00:00,29.4,8.379999999999999,29.8,29.8,29.8,26.6,26.6,[26.6],,29.8,26.0,26.0
2023-06-02 22:05:00,29.3,8.379999999999999,29.8,29.8,29.8,26.5,26.5,[26.5],,29.8,26.0,26.0
2023-06-02 22:10:00,29.3,8.379999999999999,29.7,29.7,29.7,26.5,26.5,[26.5],,29.7,27.0,26.0
2023-06-02 22:15:00,29.2,8.379999999999999,29.5,29.5,29.5,26.8,26.8,[26.8],,29.5,28.0,26.0
2023-06-02 22:20:00,29.2,8.41,29.5,29.5,29.5,27.0,27.0,[27.0],,29.5,28.0,26.0
2023-06-02 22:25:00,29.1,8.41,29.6,29.6,29.6,27.3,27.3,[27.3],,29.6,29.0,26.0
2023-06-02 22:30:00,29.1,8.41,30.2,30.2,30.2,27.4,27.4,[27.4],,30.2,28.0,26.0
2023-06-02 22:35:00,29.1,8.41,30.3,30.3,30.3,27.2,27.2,[27.2],,30.3,27.0,26.0
2023-06-02 22:40:00,29.1,8.379999999999999,30.2,30.2,30.2,26.9,26.9,[26.9],,30.2,26.0,26.0
2023-06-02 22:45:00,29.0,8.379999999999999,30.1,30.1,30.1,26.8,26.8,[26.8],,30.1,26.0,26.0
2023-06-02 22:50:00,29.0,8.379999999999999,29.9,29.9,29.9,26.6,26.6,[26.6],,29.9,26.0,26.0
2023-06-02 22:55:00,29.0,8.379999999999999,29.9,29.9,29.9,26.6,26.6,[26.6],,29.9,27.0,26.0
2023-06-02 23:00:00,29.0,8.379999999999999,29.7,29.7,29.7,26.7,26.7,[26.7],,29.7,27.0,26.0
2023-06-02 23:05:00,28.9,8.41,29.7,29.7,29.7,27.0,27.0,[27.0],,29.7,28.0,26.0
2023-06-02 23:10:00,28.9,8.41,29.7,29.7,29.7,27.2,27.2,[27.2],,29.7,29.0,26.0
2023-06-02 23:15:00,28.9,8.41,30.1,30.1,30.1,27.4,27.4,[27.4],,30.1,28.0,26.0
2023-06-02 23:20:00,28.8,8.41,30.1,30.1,30.1,27.3,27.3,[27.3],,30.1,27.0,26.0
2023-06-02 23:25:00,28.8,8.379999999999999,30.3,30.3,30.3,27.1,27.1,[27.1],,30.3,27.0,26.0
2023-06-02 23:30:00,28.7,8.379999999999999,30.3,30.3,30.3,26.9,26.9,[26.9],,30.3,26.0,26.0
2023-06-02 23:35:00,28.7,8.379999999999999,30.0,30.0,30.0,26.7,26.7,[26.7],,30.0,26.0,26.0
2023-06-02 23:40:00,28.7,8.379999999999999,30.0,30.0,30.0,26.6,26.6,[26.6],,30.0,26.0,26.0
2023-06-02 23:45:00,28.7,8.379999999999999,29.8,29.8,29.8,26.7,26.7,[26.7],,29.8,27.0,26.0
2023-06-02 23:50:00,28.6,8.379999999999999,29.6,29.6,29.6,26.9,26.9,[26.9],,29.6,28.0,26.0
2023-06-02 23:55:00,28.6,8.379999999999999,29.6,29.6,29.6,27.1,27.1,[27.1],,29.6,28.0,26.0
2023-06-03 00:00:00,28.7,8.41,29.7,29.7,29.7,27.4,27.4,[27.4],,29.7,29.0,26.0
2023-06-03 00:05:00,28.7,8.41,30.0,30.0,30.0,27.3,27.3,[27.3],,30.0,27.0,26.0
2023-06-03 00:10:00,28.7,8.379999999999999,30.2,30.2,30.2,27.1,27.1,[27.1],,30.2,27.0,26.0
2023-06-03 00:15:00,28.8,8.379999999999999,30.2,30.2,30.2,27.0,27.0,[27.0],,30.2,26.0,26.0
2023-06-03 00:20:00,,,,,,,,,,,,
2023-06-03 00:25:00,28.9,8.379999999999999,30.2,30.2,30.2,26.6,26.6,[26.6],,30.2,26.0,26.0
2023-06-03 00:30:00,28.9,8.379999999999999,29.9,29.9,29.9,26.6,26.6,[26.6],,29.9,27.0,26.0
2023-06-03 00:35:00,28.8,8.379999999999999,29.6,29.6,29.6,26.8,26.8,[26.8],,29.6,28.0,26.0
2023-06-03 00:40:00,28.7,8.41,29.6,29.6,29.6,27.1,27.1,[27.1],,29.6,28.0,26.0
2023-06-03 00:45:00,28.7,8.41,29.7,29.7,29.7,27.3,27.3,[27.3],,29.7,29.0,26.0
2023-06-03 00:50:00,28.6,8.41,29.9,29.9,29.9,27.4,27.4,[27.4],,29.9,27.0,26.0
2023-06-03 00:55:00,28.4,8.41,30.3,30.3,30.3,27.2,27.2,[27.2],,30.3,27.0,26.0
2023-06-03 01:00:00,28.4,8.379999999999999,30.3,30.3,30.3,27.0,27.0,[27.0],,30.3,26.0,26.0
2023-06-03 01:05:00,28.4,8.379999999999999,30.1,30.1,30.1,26.8,26.8,[26.8],,30.1,26.0,26.0
2023-06-03 01:10:00,28.4,8.379999999999999,30.1,30.1,30.1,26.6,26.6,[26.6],,30.1,26.0,26.0
2023-06-03 01:15:00,28.4,8.379999999999999,29.7,29.7,29.7,26.6,26.6,[26.6],,29.7,27.0,26.0
2023-06-03 01:20:00,28.3,8.379999999999999,29.7,29.7,29.7,26.7,26.7,[26.7],,29.7,27.0,26.0
2023-06-03 01:25:00,28.2,8.379999999999999,29.6,29.6,29.6,27.0,27.0,[27.0],,29.6,28.0,26.0
2023-06-03 01:30:00,28.1,8.41,29.8,29.8,29.8,27.3,27.3,[27.3],,29.8,29.0,26.0
2023-06-03 01:35:00,28.1,8.41,30.1,30.1,30.1,27.4,27.4,[27.4],,30.1,28.0,26.0
2023-06-03 01:40:00,28.1,8.379999999999999,30.3,30.3,30.3,27.3,27.3,[27.3],,30.3,27.0,26.0
2023-06-03 01:45:00,28.0,8.379999999999999,30.3,30.3,30.3,27.0,27.0,[27.0],,30.3,27.0,26.0
2023-06-03 01:50:00,28.1,8.379999999999999,30.2,30.2,30.2,26.8,26.8,[26.8],,30.2,26.0,26.0
2023-06-03 01:55:00,28.0,8.379999999999999,30.0,30.0,30.0,26.7,26.7,[26.7],,30.0,26.0,26.0
2023-06-03 02:00:00,28.0,8.379999999999999,29.8,29.8,29.8,26.5,26.5,[26.5],,29.8,26.0,26.0
2023-06-03 02:05:00,28.0,8.379999999999999,29.6,29.6,29.6,26.6,26.6,[26.6],,29.6,27.0,26.0
2023-06-03 02:10:00,28.0,8.379999999999999,29.6,29.6,29.6,26.9,26.9,[26.9],,29.6,28.0,26.0
2023-06-03 02:15:00,27.9,8.41,29.7,29.7,29.7,27.1,27.1,[27.1],,29.7,29.0,26.0
2023-06-03 02:20:00,27.8,8.41,29.7,29.7,29.7,27.4,27.4,[27.4],,29.7,29.0,26.0
2023-06-03 02:25:00,27.7,8.379999999999999,30.0,30.0,30.0,27.3,27.3,[27.3],,30.0,27.0,26.0
2023-06-03 02:30:00,27.9,8.379999999999999,30.3,30.3,30.3,27.1,27.1,[27.1],,30.3,27.0,26.0
2023-06-03 02:35:00,27.9,8.379999999999999,30.3,30.3,30.3,26.9,26.9,[26.9],,30.3,26.0,26.0
2023-06-03 02:40:00,28.0,8.379999999999999,30.2,30.2,30.2,26.7,26.7,[26.7],,30.2,26.0,26.0
2023-06-03 02:45:00,28.1,8.379999999999999,30.0,30.0,30.0,26.6,26.6,[26.6],,30.0,26.0,26.0
2023-06-03 02:50:00,28.0,8.379999999999999,29.8,29.8,29.8,26.6,26.6,[26.6],,29.8,26.0,26.0
2023-06-03 02:55:00,28.1,8.379999999999999,29.6,29.6,29.6,26.8,26.8,[26.8],,29.6,28.0,26.0
2023-06-03 03:00:00,28.2,8.379999999999999,29.6,29.6,29.6,27.0,27.0,[27.0],,29.6,28.0,26.0
2023-06-03 03:05:00,28.0,8.41,29.7,29.7,29.7,27.3,27.3,[27.3],,29.7,29.0,26.0
2023-06-03 03:10:00,27.9,8.41,29.9,29.9,29.9,27.4,27.4,[27.4],,29.9,29.0,26.0
2023-06-03 03:15:00,27.8,8.379999999999999,30.2,30.2,30.2,27.2,27.2,[27.2],,30.2,27.0,26.0
2023-06-03 03:20:00,27.8,8.379999999999999,30.3,30.3,30.3,26.9,26.9,[26.9],,30.3,26.0,26.0
2023-06-03 03:25:00,27.8,8.379999999999999,30.3,30.3,30.3,26.8,26.8,[26.8],,30.3,26.0,26.0
2023-06-03 03:30:00,27.7,8.379999999999999,29.9,29.9,29.9,26.6,26.6,[26.6],,29.9,26.0,26.0
2023-06-03 03:35:00,27.6,8.379999999999999,29.7,29.7,29.7,26.6,26.6,[26.6],,29.7,27.0,26.0
2023-06-03 03:40:00,27.7,8.379999999999999,29.6,29.6,29.6,26.7,26.7,[26.7],,29.6,28.0,26.0
2023-06-03 03:45:00,27.5,8.41,29.6,29.6,29.6,27.0,27.0,[27.0],,29.6,28.0,26.0
2023-06-03 03:50:00,27.4,8.41,29.9,29.9,29.9,27.2,27.2,[27.2],,29.9,29.0,26.0
2023-06-03 03:55:00,27.4,8.41,29.9,29.9,29.9,27.4,27.4,[27.4],,29.9,28.0,26.0
2023-06-03 04:00:00,27.4,8.379999999999999,30.3,30.3,30.3,27.2,27.2,[27.2],,30.3,27.0,26.0
2023-06-03 04:05:00,27.3,8.379999999999999,30.2,30.2,30.2,26.9,26.9,[26.9],,30.2,26.0,26.0
2023-06-03 04:10:00,27.3,8.379999999999999,30.1,30.1,30.1,26.8,26.8,[26.8],,30.1,26.0,26.0
2023-06-03 04:15:00,27.2,8.379999999999999,30.1,30.1,30.1,26.6,26.6,[26.6],,30.1,26.0,26.0
2023-06-03 04:20:00,27.3,8.379999999999999,29.7,29.7,29.7,26.6,26.6,[26.6],,29.7,27.0,26.0
2023-06-03 04:25:00,27.6,8.379999999999999,29.7,29.7,29.7,26.7,26.7,[26.7],,29.7,27.0,26.0
2023-06-03 04:30:00,28.0,8.379999999999999,29.6,29.6,29.6,27.0,27.0,[27.0],,29.6,28.0,26.0
2023-06-03 04:35:00,28.2,8.41,29.8,29.8,29.8,27.2,27.2,[27.2],,29.8,29.0,26.0
2023-06-03 04:40:00,28.3,8.41,30.1,30.1,30.1,27.4,27.4,[27.4],,30.1,28.0,26.0
2023-06-03 04:45:00,28.5,8.379999999999999,30.1,30.1,30.1,27.2,27.2,[27.2],,30.1,27.0,26.0
2023-06-03 04:50:00,28.5,8.379999999999999,30.3,30.3,30.3,27.0,27.0,[27.0],,30.3,27.0,26.0
2023-06-03 04:55:00,28.6,8.379999999999999,30.2,30.2,30.2,26.8,26.8,[26.8],,30.2,26.0,26.0
2023-06-03 05:00:00,28.6,8.379999999999999,30.0,30.0,30.0,26.7,26.7,[26.7],,30.0,26.0,26.0
2023-06-03 05:05:00,28.7,8.379999999999999,29.8,29.8,29.8,26.6,26.6,[26.6],,29.8,26.0,26.0
2023-06-03 05:10:00,28.7,8.379999999999999,29.8,29.8,29.8,26.7,26.7,[26.7],,29.8,27.0,26.0
2023-06-03 05:15:00,28.7,8.379999999999999,29.6,29.6,29.6,26.9,26.9,[26.9],,29.6,28.0,26.0
2023-06-03 05:20:00,28.7,8.379999999999999,29.6,29.6,29.6,27.2,27.2,[27.2],,29.6,29.0,26.0
2023-06-03 05:25:00,28.8,8.41,29.8,29.8,29.8,27.4,27.4,[27.4],,29.8,29.0,26.0
2023-06-03 05:30:00,28.7,8.41,30.1,30.1,30.1,27.3,27.3,[27.3],,30.1,27.0,26.0
2023-06-03 05:35:00,28.6,8.379999999999999,30.3,30.3,30.3,27.1,27.1,[27.1],,30.3,27.0,26.0
2023-06-03 05:40:00,28.4,8.379999999999999,30.4,30.4,30.4,26.8,26.8,[26.8],,30.4,26.0,26.0
2023-06-03 05:45:00,28.4,8.379999999999999,30.2,30.2,30.2,26.7,26.7,[26.7],,30.2,26.0,26.0
2023-06-03 05:50:00,28.5,8.379999999999999,30.0,30.0,30.0,26.6,26.6,[26.6],,30.0,26.0,26.0
2023-06-03 05:55:00,28.6,8.379999999999999,29.7,29.7,29.7,26.6,26.6,[26.6],,29.7,27.0,26.0
2023-06-03 06:00:00,28.7,8.379999999999999,29.7,29.7,29.7,26.9,26.9,[26.9],,29.7,28.0,26.0
2023-06-03 06:05:00,28.7,8.41,29.8,29.8,29.8,27.1,27.1,[27.1],,29.8,29.0,26.0
2023-06-03 06:10:00,28.8,8.41,30.1,30.1,30.1,27.4,27.4,[27.4],,30.1,28.0,26.0
2023-06-03 06:15:00,28.8,8.379999999999999,30.1,30.1,30.1,27.3,27.3,[27.3],,30.1,27.0,26.0
2023-06-03 06:20:00,28.8,8.379999999999999,30.3,30.3,30.3,27.0,27.0,[27.0],,30.3,27.0,26.0
2023-06-03 06:25:00,28.8,8.379999999999999,30.2,30.2,30.2,26.8,26.8,[26.8],,30.2,26.0,26.0
2023-06-03 06:30:00,28.8,8.379999999999999,30.0,30.0,30.0,26.7,26.7,[26.7],,30.0,26.0,26.0
2023-06-03 06:35:00,28.6,8.379999999999999,29.8,29.8,29.8,26.6,26.6,[26.6],,29.8,26.0,26.0
2023-06-03 06:40:00,28.5,8.379999999999999,29.8,29.8,29.8,26.6,26.6,[26.6],,29.8,27.0,26.0
2023-06-03 06:45:00,28.3,8.379999999999999,29.6,29.6,29.6,26.8,26.8,[26.8],,29.6,28.0,26.0
2023-06-03 06:50:00,28.0,8.379999999999999,29.7,29.7,29.7,27.1,27.1,[27.1],,29.7,28.0,26.0
2023-06-03 06:55:00,28.1,8.41,30.0,30.0,30.0,27.4,27.4,[27.4],,30.0,29.0,26.0
2023-06-03 07:00:00,28.1,8.379999999999999,30.0,30.0,30.0,27.3,27.3,[27.3],,30.0,27.0,26.0
2023-06-03 07:05:00,27.8,8.379999999999999,30.2,30.2,30.2,27.1,27.1,[27.1],,30.2,27.0,26.0
2023-06-03 07:10:00,27.6,8.379999999999999,30.2,30.2,30.2,26.9,26.9,[26.9],,30.2,26.0,26.0
2023-06-03 07:15:00,27.5,8.379999999999999,30.2,30.2,30.2,26.7,26.7,[26.7],,30.2,26.0,26.0
2023-06-03 07:20:00,27.6,8.379999999999999,30.1,30.1,30.1,26.6,26.6,[26.6],,30.1,26.0,26.0
2023-06-03 07:25:00,27.7,8.379999999999999,29.7,29.7,29.7,26.6,26.6,[26.6],,29.7,27.0,26.0
2023-06-03 07:30:00,27.7,8.379999999999999,29.7,29.7,29.7,26.7,26.7,[26.7],,29.7,28.0,26.0
2023-06-03 07:35:00,27.9,8.379999999999999,29.7,29.7,29.7,27.0,27.0,[27.0],,29.7,28.0,26.0
2023-06-03 07:40:00,28.1,8.41,29.7,29.7,29.7,27.3,27.3,[27.3],,29.7,29.0,26.0
2023-06-03 07:45:00,28.2,8.41,29.9,29.9,29.9,27.4,27.4,[27.4],,29.9,28.0,26.0
2023-06-03 07:50:00,28.1,8.379999999999999,30.3,30.3,30.3,27.2,27.2,[27.2],,30.3,27.0,26.0
2023-06-03 07:55:00,28.0,8.379999999999999,30.3,30.3,30.3,26.9,26.9,[26.9],,30.3,27.0,26.0
2023-06-03 08:00:00,28.2,8.379999999999999,30.3,30.3,30.3,26.7,26.7,[26.7],,30.3,26.0,26.0
2023-06-03 08:05:00,28.3,8.379999999999999,,,,26.6,26.6,[26.6],,,26.0,26.0
2023-06-03 08:10:00,28.3,8.379999999999999,29.9,29.9,29.9,26.5,26.5,[26.5],,29.9,27.0,26.0
2023-06-03 08:15:00,28.5,8.379999999999999,29.7,29.7,29.7,26.7,26.7,[26.7],,29.7,27.0,26.0
2023-06-03 08:20:00,28.5,8.379999999999999,29.6,29.6,29.6,26.9,26.9,[26.9],,29.6,28.0,26.0
2023-06-03 08:25:00,28.6,8.41,29.6,29.6,29.6,27.2,27.2,[27.2],,29.6,29.0,26.0
2023-06-03 08:30:00,28.7,8.41,30.1,30.1,30.1,27.4,27.4,[27.4],,30.1,28.0,26.0
2023-06-03 08:35:00,28.8,8.41,30.3,30.3,30.3,27.2,27.2,[27.2],,30.3,27.0,26.0
2023-06-03 08:40:00,28.8,8.379999999999999,30.3,30.3,30.3,27.0,27.0,[27.0],,30.3,27.0,26.0
2023-06-03 08:45:00,28.9,8.379999999999999,30.3,30.3,30.3,26.8,26.8,[26.8],,30.3,26.0,26.0
2023-06-03 08:50:00,28.9,8.379999999999999,30.2,30.2,30.2,26.6,26.6,[26.6],,30.2,26.0,26.0
2023-06-03 08:55:00,28.9,8.379999999999999,29.8,29.8,29.8,26.5,26.5,[26.5],,29.8,26.0,26.0
2023-06-03 09:00:00,28.8,8.379999999999999,29.8,29.8,29.8,26.7,26.7,[26.7],,29.8,27.0,26.0
2023-06-03 09:05:00,28.8,8.379999999999999,29.6,29.6,29.6,26.9,26.9,[26.9],,29.6,28.0,26.0
2023-06-03 09:10:00,28.8,8.41,29.6,29.6,29.6,27.2,27.2,[27.2],,29.6,29.0,26.0
2023-06-03 09:15:00,28.8,8.41,29.8,29.8,29.8,27.4,27.4,[27.4],,29.8,28.0,26.0
2023-06-03 09:20:00,28.5,8.41,30.1,30.1,30.1,27.2,27.2,[27.2],,30.1,27.0,26.0
2023-06-03 09:25:00,28.3,8.41,30.3,30.3,30.3,27.0,27.0,[27.0],,30.3,27.0,26.0
2023-06-03 09:30:00,28.3,8.41,30.3,30.3,30.3,26.8,26.8,[26.8],,30.3,26.0,26.0
2023-06-03 09:35:00,28.3,8.379999999999999,30.0,30.0,30.0,26.6,26.6,[26.6],,30.0,26.0,26.0
2023-06-03 09:40:00,28.3,8.379999999999999,29.8,29.8,29.8,26.5,26.5,[26.5],,29.8,26.0,26.0
2023-06-03 09:45:00,28.3,8.379999999999999,29.6,29.6,29.6,26.6,26.6,[26.6],,29.6,27.0,26.0
2023-06-03 09:50:00,28.3,8.379999999999999,29.6,29.6,29.6,26.8,26.8,[26.8],,29.6,28.0,26.0
2023-06-03 09:55:00,28.3,8.41,29.7,29.7,29.7,27.1,27.1,[27.1],,29.7,29.0,26.0
2023-06-03 10:00:00,28.3,8.41,30.0,30.0,30.0,27.3,27.3,[27.3],,30.0,29.0,26.0
2023-06-03 10:05:00,28.3,8.41,30.0,30.0,30.0,27.4,27.4,[27.4],,30.0,27.0,26.0
2023-06-03 10:10:00,28.3,8.41,30.4,30.4,30.4,27.1,27.1,[27.1],,30.4,27.0,26.0
2023-06-03 10:15:00,28.4,8.379999999999999,30.4,30.4,30.4,26.9,26.9,[26.9],,30.4,26.0,26.0
2023-06-03 10:20:00,28.5,8.379999999999999,30.3,30.3,30.3,26.7,26.7,[26.7],,30.3,26.0,26.0
2023-06-03 10:25:00,28.6,8.379999999999999,29.9,29.9,29.9,26.6,26.6,[26.6],,29.9,26.0,26.0
2023-06-03 10:30:00,28.7,8.379999999999999,29.7,29.7,29.7,26.5,26.5,[26.5],,29.7,26.0,26.0
2023-06-03 10:35:00,28.7,8.379999999999999,29.6,29.6,29.6,26.7,26.7,[26.7],,29.6,27.0,26.0
2023-06-03 10:40:00,28.8,8.379999999999999,29.6,29.6,29.6,26.9,26.9,[26.9],,29.6,28.0,26.0
2023-06-03 10:45:00,28.8,8.41,29.6,29.6,29.6,27.2,27.2,[27.2],,29.6,29.0,26.0
2023-06-03 10:50:00,29.0,8.41,29.8,29.8,29.8,27.4,27.4,[27.4],,29.8,29.0,26.0
2023-06-03 10:55:00,29.0,8.41,30.3,30.3,30.3,27.3,27.3,[27.3],,30.3,27.0,26.0
2023-06-03 11:00:00,29.1,8.379999999999999,30.3,30.3,30.3,27.0,27.0,[27.0],,30.3,27.0,26.0
2023-06-03 11:05:00,29.2,8.379999999999999,30.4,30.4,30.4,26.8,26.8,[26.8],,30.4,26.0,26.0
2023-06-03 11:10:00,29.3,8.379999999999999,30.2,30.2,30.2,26.7,26.7,[26.7],,30.2,26.0,26.0
2023-06-03 11:15:00,29.3,8.379999999999999,29.9,29.9,29.9,26.5,26.5,[26.5],,29.9,26.0,26.0
2023-06-03 11:20:00,29.4,8.379999999999999,29.9,29.9,29.9,26.5,26.5,[26.5],,29.9,26.0,26.0
2023-06-03 11:25:00,29.5,8.379999999999999,29.7,29.7,29.7,26.6,26.6,[26.6],,29.7,27.0,26.0
2023-06-03 11:30:00,29.5,8.379999999999999,29.6,29.6,29.6,26.8,26.8,[26.8],,29.6,28.0,26.0
2023-06-03 11:35:00,29.6,8.379999999999999,29.6,29.6,29.6,27.0,27.0,[27.0],,29.6,28.0,26.0
2023-06-03 11:40:00,29.7,8.41,30.0,30.0,30.0,27.3,27.3,[27.3],,30.0,29.0,26.0
2023-06-03 11:45:00,29.7,8.41,30.3,30.3,30.3,27.3,27.3,[27.3],,30.3,27.0,26.0
2023-06-03 11:50:00,29.8,8.379999999999999,30.3,30.3,30.3,27.1,27.1,[27.1],,30.3,27.0,26.0
2023-06-03 11:55:00,29.8,8.379999999999999,30.4,30.4,30.4,26.9,26.9,[26.9],,30.4,27.0,26.0
2023-06-03 12:00:00,29.8,8.379999999999999,30.2,30.2,30.2,26.7,26.7,[26.7],,30.2,26.0,26.0
2023-06-03 12:05:00,29.9,8.379999999999999,30.0,30.0,30.0,26.6,26.6,[26.6],,30.0,26.0,26.0
2023-06-03 12:10:00,29.9,8.379999999999999,30.0,30.0,30.0,26.5,26.5,[26.5],,30.0,26.0,26.0
2023-06-03 12:15:00,30.0,8.379999999999999,29.8,29.8,29.8,26.5,26.5,[26.5],,29.8,26.0,26.0
2023-06-03 12:20:00,30.0,8.379999999999999,29.6,29.6,29.6,26.5,26.5,[26.5],,29.6,27.0,26.0
2023-06-03 12:25:00,30.0,8.379999999999999,29.5,29.5,29.5,26.8,26.8,[26.8],,29.5,28.0,26.0
2023-06-03 12:30:00,30.0,8.41,29.6,29.6,29.6,27.0,27.0,[27.0],,29.6,28.0,26.0
2023-06-03 12:35:00,30.0,8.41,29.9,29.9,29.9,27.3,27.3,[27.3],,29.9,29.0,26.0
2023-06-03 12:40:00,30.0,8.41,30.2,30.2,30.2,27.3,27.3,[27.3],,30.2,28.0,26.0
2023-06-03 12:45:00,30.0,8.41,30.4,30.4,30.4,27.1,27.1,[27.1],,30.4,27.0,26.0
2023-06-03 12:50:00,30.0,8.379999999999999,30.4,30.4,30.4,26.9,26.9,[26.9],,30.4,27.0,26.0
2023-06-03 12:55:00,29.9,8.379999999999999,30.3,30.3,30.3,26.8,26.8,[26.8],,30.3,26.0,26.0
2023-06-03 13:00:00,29.9,8.379999999999999,30.2,30.2,30.2,26.6,26.6,[26.6],,30.2,26.0,26.0
2023-06-03 13:05:00,29.9,8.379999999999999,30.0,30.0,30.0,26.5,26.5,[26.5],,30.0,26.0,26.0
2023-06-03 13:10:00,29.9,8.379999999999999,29.8,29.8,29.8,26.4,26.4,[26.4],,29.8,26.0,26.0
2023-06-03 13:15:00,29.8,8.379999999999999,29.5,29.5,29.5,26.5,26.5,[26.5],,29.5,27.0,26.0
2023-06-03 13:20:00,29.9,8.379999999999999,29.5,29.5,29.5,26.7,26.7,[26.7],,29.5,28.0,26.0
2023-06-03 13:25:00,29.9,8.41,29.6,29.6,29.6,27.0,27.0,[27.0],,29.6,28.0,26.0
2023-06-03 13:30:00,29.8,8.41,29.6,29.6,29.6,27.3,27.3,[27.3],,29.6,29.0,26.0
2023-06-03 13:35:00,29.8,8.41,30.2,30.2,30.2,27.4,27.4,[27.4],,30.2,28.0,26.0
2023-06-03 13:40:00,29.8,8.41,30.2,30.2,30.2,27.1,27.1,[27.1],,30.2,27.0,26.0
2023-06-03 13:45:00,29.8,8.379999999999999,30.3,30.3,30.3,26.9,26.9,[26.9],,30.3,27.0,26.0
2023-06-03 13:50:00,29.8,8.379999999999999,30.2,30.2,30.2,26.7,26.7,[26.7],,30.2,27.0,26.0
2023-06-03 13:55:00,29.8,8.41,30.2,30.2,30.2,26.6,26.6,[26.6],,30.2,26.0,26.0
2023-06-03 14:00:00,29.7,8.379999999999999,29.8,29.8,29.8,26.5,26.5,[26.5],,29.8,26.0,26.0
2023-06-03 14:05:00,29.7,8.379999999999999,29.8,29.8,29.8,26.4,26.4,[26.4],,29.8,26.0,26.0
2023-06-03 14:10:00,29.8,8.379999999999999,29.6,29.6,29.6,26.5,26.5,[26.5],,29.6,27.0,26.0
2023-06-03 14:15:00,29.7,8.41,29.5,29.5,29.5,26.7,26.7,[26.7],,29.5,28.0,26.0
2023-06-03 14:20:00,29.7,8.41,29.5,29.5,29.5,26.9,26.9,[26.9],,29.5,28.0,26.0
2023-06-03 14:25:00,29.7,8.41,29.6,29.6,29.6,27.3,27.3,[27.3],,29.6,29.0,26.0
2023-06-03 14:30:00,29.7,8.41,29.9,29.9,29.9,27.3,27.3,[27.3],,29.9,28.0,26.0
2023-06-03 14:35:00,29.7,8.41,30.3,30.3,30.3,27.1,27.1,[27.1],,30.3,27.0,26.0
2023-06-03 14:40:00,29.6,8.379999999999999,30.3,30.3,30.3,26.9,26.9,[26.9],,30.3,27.0,26.0
2023-06-03 14:45:00,29.6,8.379999999999999,30.2,30.2,30.2,26.7,26.7,[26.7],,30.2,26.0,26.0
2023-06-03 14:50:00,29.6,8.379999999999999,29.9,29.9,29.9,26.6,26.6,[26.6],,29.9,26.0,26.0
2023-06-03 14:55:00,29.5,8.379999999999999,29.9,29.9,29.9,26.5,26.5,[26.5],,29.9,26.0,26.0
2023-06-03 15:00:00,29.4,8.379999999999999,29.6,29.6,29.6,26.5,26.5,[26.5],,29.6,27.0,26.0
2023-06-03 15:05:00,29.4,8.379999999999999,29.5,29.5,29.5,26.6,26.6,[26.6],,29.5,27.0,26.0
2023-06-03 15:10:00,29.4,8.41,29.5,29.5,29.5,26.9,26.9,[26.9],,29.5,28.0,26.0
2023-06-03 15:15:00,29.4,8.41,29.6,29.6,29.6,27.1,27.1,[27.1],,29.6,29.0,26.0
2023-06-03 15:20:00,29.4,8.41,29.7,29.7,29.7,27.3,27.3,[27.3],,29.7,29.0,26.0
2023-06-03 15:25:00,29.4,8.41,30.0,30.0,30.0,27.3,27.3,[27.3],,30.0,27.0,26.0
2023-06-03 15:30:00,29.4,8.41,30.3,30.3,30.3,27.0,27.0,[27.0],,30.3,27.0,26.0
2023-06-03 15:35:00,29.3,8.379999999999999,30.3,30.3,30.3,26.8,26.8,[26.8],,30.3,26.0,26.0
2023-06-03 15:40:00,29.3,8.379999999999999,30.2,30.2,30.2,26.7,26.7,[26.7],,30.2,26.0,26.0
2023-06-03 15:45:00,29.3,8.379999999999999,29.9,29.9,29.9,26.6,26.6,[26.6],,29.9,26.0,26.0
2023-06-03 15:50:00,29.2,8.379999999999999,29.9,29.9,29.9,26.5,26.5,[26.5],,29.9,26.0,26.0
2023-06-03 15:55:00,29.2,8.379999999999999,29.5,29.5,29.5,26.5,26.5,[26.5],,29.5,27.0,26.0
2023-06-03 16:00:00,29.2,8.379999999999999,29.5,29.5,29.5,26.7,26.7,[26.7],,29.5,28.0,26.0
2023-06-03 16:05:00,29.2,8.41,29.5,29.5,29.5,26.9,26.9,[26.9],,29.5,28.0,26.0
2023-06-03 16:10:00,29.2,8.41,29.8,29.8,29.8,27.1,27.1,[27.1],,29.8,29.0,26.0
2023-06-03 16:15:00,29.2,8.41,29.8,29.8,29.8,27.4,27.4,[27.4],,29.8,28.0,26.0
2023-06-03 16:20:00,29.2,8.41,30.1,30.1,30.1,27.1,27.1,[27.1],,30.1,27.0,26.0
2023-06-03 16:25:00,29.2,8.379999999999999,30.3,30.3,30.3,27.0,27.0,[27.0],,30.3,27.0,26.0
2023-06-03 16:30:00,29.2,8.41,30.3,30.3,30.3,26.8,26.8,[26.8],,30.3,26.0,26.0
2023-06-03 16:35:00,29.2,8.379999999999999,30.2,30.2,30.2,26.6,26.6,[26.6],,30.2,26.0,26.0
2023-06-03 16:40:00,29.1,8.379999999999999,30.0,30.0,30.0,26.5,26.5,[26.5],,30.0,26.0,26.0
2023-06-03 16:45:00,29.1,8.379999999999999,29.8,29.8,29.8,26.5,26.5,[26.5],,29.8,27.0,26.0
2023-06-03 16:50:00,29.0,8.379999999999999,29.6,29.6,29.6,26.7,26.7,[26.7],,29.6,27.0,26.0
2023-06-03 16:55:00,29.1,8.379999999999999,29.6,29.6,29.6,26.9,26.9,[26.9],,29.6,28.0,26.0
2023-06-03 17:00:00,29.1,8.41,29.8,29.8,29.8,27.1,27.1,[27.1],,29.8,29.0,26.0
2023-06-03 17:05:00,29.0,8.41,29.8,29.8,29.8,27.4,27.4,[27.4],,29.8,29.0,26.0
2023-06-03 17:10:00,29.0,8.41,30.1,30.1,30.1,27.3,27.3,[27.3],,30.1,27.0,26.0
2023-06-03 17:15:00,29.0,8.379999999999999,30.3,30.3,30.3,27.0,27.0,[27.0],,30.3,27.0,26.0
2023-06-03 17:20:00,29.0,8.379999999999999,30.4,30.4,30.4,26.8,26.8,[26.8],,30.4,26.0,26.0
2023-06-03 17:25:00,29.0,8.379999999999999,30.2,30.2,30.2,26.7,26.7,[26.7],,30.2,26.0,26.0
2023-06-03 17:30:00,29.0,8.379999999999999,29.8,29.8,29.8,26.5,26.5,[26.5],,29.8,26.0,26.0
2023-06-03 17:35:00,29.0,8.379999999999999,29.7,29.7,29.7,26.5,26.5,[26.5],,29.7,27.0,26.0
2023-06-03 17:40:00,29.0,8.379999999999999,29.7,29.7,29.7,26.7,26.7,[26.7],,29.7,27.0,26.0
2023-06-03 17:45:00,29.0,8.379999999999999,29.6,29.6,29.6,26.9,26.9,[26.9],,29.6,28.0,26.0
2023-06-03 17:50:00,28.9,8.41,29.6,29.6,29.6,27.2,27.2,[27.2],,29.6,29.0,26.0
2023-06-03 17:55:00,28.9,8.41,29.8,29.8,29.8,27.4,27.4,[27.4],,29.8,28.0,26.0
2023-06-03 18:00:00,28.9,8.41,30.1,30.1,30.1,27.2,27.2,[27.2],,30.1,27.0,26.0
2023-06-03 18:05:00,28.9,8.41,30.3,30.3,30.3,27.0,27.0,[27.0],,30.3,27.0,26.0
2023-06-03 18:10:00,28.9,8.379999999999999,30.2,30.2,30.2,26.8,26.8,[26.8],,30.2,26.0,26.0
2023-06-03 18:15:00,28.9,8.379999999999999,30.2,30.2,30.2,26.6,26.6,[26.6],,30.2,26.0,26.0
2023-06-03 18:20:00,28.8,8.379999999999999,30.0,30.0,30.0,26.5,26.5,[26.5],,30.0,26.0,26.0
2023-06-03 18:25:00,28.8,8.379999999999999,29.6,29.6,29.6,26.5,26.5,[26.5],,29.6,27.0,26.0
2023-06-03 18:30:00,28.8,8.379999999999999,29.6,29.6,29.6,26.7,26.7,[26.7],,29.6,28.0,26.0
2023-06-03 18:35:00,28.8,8.41,29.7,29.7,29.7,27.0,27.0,[27.0],,29.7,28.0,26.0
2023-06-03 18:40:00,28.8,8.41,29.7,29.7,29.7,27.3,27.3,[27.3],,29.7,29.0,26.0
2023-06-03 18:45:00,28.8,8.41,30.2,30.2,30.2,27.4,27.4,[27.4],,30.2,28.0,26.0
2023-06-03 18:50:00,28.8,8.379999999999999,30.4,30.4,30.4,27.1,27.1,[27.1],,30.4,27.0,26.0
2023-06-03 18:55:00,28.8,8.379999999999999,30.3,30.3,30.3,26.9,26.9,[26.9],,30.3,27.0,26.0
2023-06-03 19:00:00,28.7,8.379999999999999,30.2,30.2,30.2,26.7,26.7,[26.7],,30.2,26.0,26.0
2023-06-03 19:05:00,28.7,8.379999999999999,30.2,30.2,30.2,26.6,26.6,[26.6],,30.2,26.0,26.0
2023-06-03 19:10:00,28.7,8.379999999999999,30.0,30.0,30.0,26.5,26.5,[26.5],,30.0,26.0,26.0
2023-06-03 19:15:00,28.7,8.379999999999999,29.6,29.6,29.6,26.6,26.6,[26.6],,29.6,27.0,26.0
2023-06-03 19:20:00,28.7,8.379999999999999,29.6,29.6,29.6,26.8,26.8,[26.8],,29.6,28.0,26.0
2023-06-03 19:25:00,28.7,8.41,29.6,29.6,29.6,27.1,27.1,[27.1],,29.6,29.0,26.0
2023-06-03 19:30:00,28.7,8.41,30.1,30.1,30.1,27.4,27.4,[27.4],,30.1,28.0,26.0
2023-06-03 19:35:00,28.7,8.41,30.3,30.3,30.3,27.2,27.2,[27.2],,30.3,27.0,26.0
2023-06-03 19:40:00,28.6,8.379999999999999,30.3,30.3,30.3,27.0,27.0,[27.0],,30.3,27.0,26.0
2023-06-03 19:45:00,28.6,8.379999999999999,30.3,30.3,30.3,26.8,26.8,[26.8],,30.3,26.0,26.0
2023-06-03 19:50:00,28.6,8.379999999999999,30.2,30.2,30.2,26.7,26.7,[26.7],,30.2,26.0,26.0
2023-06-03 19:55:00,28.6,8.379999999999999,29.8,29.8,29.8,26.5,26.5,[26.5],,29.8,26.0,26.0
2023-06-03 20:00:00,28.6,8.379999999999999,29.6,29.6,29.6,26.5,26.5,[26.5],,29.6,27.0,26.0
2023-06-03 20:05:00,28.5,8.379999999999999,29.5,29.5,29.5,26.7,26.7,[26.7],,29.5,28.0,26.0
2023-06-03 20:10:00,28.5,8.41,29.5,29.5,29.5,27.0,27.0,[27.0],,29.5,28.0,26.0
2023-06-03 20:15:00,28.5,8.41,29.6,29.6,29.6,27.2,27.2,[27.2],,29.6,29.0,26.0
2023-06-03 20:20:00,28.4,8.41,30.2,30.2,30.2,27.3,27.3,[27.3],,30.2,28.0,26.0
2023-06-03 20:25:00,28.4,8.41,30.2,30.2,30.2,27.1,27.1,[27.1],,30.2,27.0,26.0
2023-06-03 20:30:00,28.3,8.379999999999999,30.3,30.3,30.3,26.9,26.9,[26.9],,30.3,26.0,26.0
2023-06-03 20:35:00,28.3,8.379999999999999,30.1,30.1,30.1,26.7,26.7,[26.7],,30.1,26.0,26.0
2023-06-03 20:40:00,28.2,8.379999999999999,30.1,30.1,30.1,26.5,26.5,[26.5],,30.1,26.0,26.0
2023-06-03 20:45:00,28.2,8.379999999999999,29.9,29.9,29.9,26.6,26.6,[26.6],,29.9,27.0,26.0
2023-06-03 20:50:00,28.2,8.379999999999999,29.7,29.7,29.7,26.8,26.8,[26.8],,29.7,28.0,26.0
2023-06-03 20:55:00,28.1,8.41,29.8,29.8,29.8,27.1,27.1,[27.1],,29.8,28.0,26.0
2023-06-03 21:00:00,28.1,8.41,29.8,29.8,29.8,27.3,27.3,[27.3],,29.8,29.0,26.0
2023-06-03 21:05:00,28.1,8.41,30.3,30.3,30.3,27.3,27.3,[27.3],,30.3,27.0,26.0
2023-06-03 21:10:00,28.1,8.379999999999999,30.3,30.3,30.3,27.0,27.0,[27.0],,30.3,27.0,26.0
2023-06-03 21:15:00,28.0,8.379999999999999,30.3,30.3,30.3,26.8,26.8,[26.8],,30.3,26.0,26.0
2023-06-03 21:20:00,27.9,8.379999999999999,30.1,30.1,30.1,26.7,26.7,[26.7],,30.1,26.0,26.0
2023-06-03 21:25:00,27.8,8.379999999999999,29.9,29.9,29.9,26.5,26.5,[26.5],,29.9,26.0,26.0
2023-06-03 21:30:00,27.8,8.379999999999999,29.7,29.7,29.7,26.6,26.6,[26.6],,29.7,27.0,26.0
2023-06-03 21:35:00,27.7,8.379999999999999,29.6,29.6,29.6,26.8,26.8,[26.8],,29.6,28.0,26.0
2023-06-03 21:40:00,27.7,8.41,29.6,29.6,29.6,27.0,27.0,[27.0],,29.6,29.0,26.0
2023-06-03 21:45:00,27.6,8.41,29.7,29.7,29.7,27.2,27.2,[27.2],,29.7,29.0,26.0
2023-06-03 21:50:00,27.7,8.41,29.9,29.9,29.9,27.4,27.4,[27.4],,29.9,27.0,26.0
2023-06-03 21:55:00,27.5,8.379999999999999,30.2,30.2,30.2,27.1,27.1,[27.1],,30.2,27.0,26.0
2023-06-03 22:00:00,27.5,8.379999999999999,30.3,30.3,30.3,26.9,26.9,[26.9],,30.3,26.0,26.0
2023-06-03 22:05:00,27.6,8.379999999999999,30.3,30.3,30.3,26.7,26.7,[26.7],,30.3,26.0,26.0
2023-06-03 22:10:00,27.6,8.379999999999999,29.9,29.9,29.9,26.6,26.6,[26.6],,29.9,26.0,26.0
2023-06-03 22:15:00,27.5,8.35,29.9,29.9,29.9,26.5,26.5,[26.5],,29.9,26.0,26.0
2023-06-03 22:20:00,27.5,8.379999999999999,29.6,29.6,29.6,26.6,26.6,[26.6],,29.6,27.0,26.0
2023-06-03 22:25:00,27.5,8.379999999999999,29.6,29.6,29.6,26.8,26.8,[26.8],,29.6,28.0,26.0
2023-06-03 22:30:00,27.5,8.41,29.7,29.7,29.7,27.1,27.1,[27.1],,29.7,29.0,26.0
2023-06-03 22:35:00,27.5,8.41,30.0,30.0,30.0,27.3,27.3,[27.3],,30.0,29.0,26.0
2023-06-03 22:40:00,27.5,8.41,30.3,30.3,30.3,27.3,27.3,[27.3],,30.3,27.0,26.0
2023-06-03 22:45:00,27.4,8.379999999999999,30.3,30.3,30.3,27.1,27.1,[27.1],,30.3,27.0,26.0
2023-06-03 22:50:00,27.4,8.379999999999999,30.3,30.3,30.3,26.9,26.9,[26.9],,30.3,26.0,26.0
2023-06-03 22:55:00,27.4,8.379999999999999,30.2,30.2,30.2,26.7,26.7,[26.7],,30.2,26.0,26.0
2023-06-03 23:00:00,27.4,8.379999999999999,30.1,30.1,30.1,26.6,26.6,[26.6],,30.1,26.0,26.0
2023-06-03 23:05:00,27.4,8.379999999999999,29.8,29.8,29.8,26.6,26.6,[26.6],,29.8,27.0,26.0
2023-06-03 23:10:00,27.4,8.379999999999999,29.6,29.6,29.6,26.8,26.8,[26.8],,29.6,28.0,26.0
2023-06-03 23:15:00,27.3,8.41,29.7,29.7,29.7,27.0,27.0,[27.0],,29.7,28.0,26.0
2023-06-03 23:20:00,27.3,8.41,29.7,29.7,29.7,27.3,27.3,[27.3],,29.7,29.0,26.0
2023-06-03 23:25:00,27.3,8.41,30.2,30.2,30.2,27.3,27.3,[27.3],,30.2,27.0,26.0
2023-06-03 23:30:00,27.3,8.379999999999999,30.3,30.3,30.3,27.1,27.1,[27.1],,30.3,27.0,26.0
2023-06-03 23:35:00,27.3,8.379999999999999,30.3,30.3,30.3,26.9,26.9,[26.9],,30.3,26.0,26.0
2023-06-03 23:40:00,27.2,8.379999999999999,30.1,30.1,30.1,26.7,26.7,[26.7],,30.1,26.0,26.0
2023-06-03 23:45:00,27.2,8.379999999999999,29.9,29.9,29.9,26.6,26.6,[26.6],,29.9,26.0,26.0
2023-06-03 23:50:00,27.1,8.379999999999999,29.7,29.7,29.7,26.5,26.5,[26.5],,29.7,27.0,26.0
2023-06-03 23:55:00,27.1,8.379999999999999,29.7,29.7,29.7,26.7,26.7,[26.7],,29.7,28.0,26.0
2023-06-04 00:00:00,27.0,8.379999999999999,29.6,29.6,29.6,26.9,26.9,[26.9],,29.6,28.0,26.0
2023-06-04 00:05:00,27.0,8.41,29.6,29.6,29.6,27.1,27.1,[27.1],,29.6,29.0,26.0
2023-06-04 00:10:00,27.0,8.41,29.8,29.8,29.8,27.4,27.4,[27.4],,29.8,,
2023-06-04 00:15:00,26.9,8.41,30.3,30.3,30.3,27.3,27.3,[27.3],,30.3,27.0,26.0
2023-06-04 00:20:00,26.9,8.379999999999999,30.3,30.3,30.3,27.0,27.0,[27.0],,30.3,27.0,26.0
2023-06-04 00:25:00,26.8,8.379999999999999,30.3,30.3,30.3,26.8,26.8,[26.8],,30.3,26.0,26.0
2023-06-04 00:30:00,26.8,8.379999999999999,30.1,30.1,30.1,26.7,26.7,[26.7],,30.1,26.0,26.0
2023-06-04 00:35:00,26.8,8.379999999999999,30.1,30.1,30.1,26.6,26.6,[26.6],,30.1,26.0,26.0
2023-06-04 00:40:00,26.8,8.379999999999999,29.9,29.9,29.9,26.6,26.6,[26.6],,29.9,27.0,26.0
2023-06-04 00:45:00,26.8,8.379999999999999,29.6,29.6,29.6,26.7,26.7,[26.7],,29.6,28.0,26.0
2023-06-04 00:50:00,26.7,8.379999999999999,29.6,29.6,29.6,27.0,27.0,[27.0],,29.6,28.0,26.0
2023-06-04 00:55:00,26.8,8.41,29.7,29.7,29.7,27.2,27.2,[27.2],,29.7,29.0,26.0
2023-06-04 01:00:00,26.7,8.41,29.9,29.9,29.9,27.4,27.4,[27.4],,29.9,28.0,26.0
2023-06-04 01:05:00,26.7,8.379999999999999,30.2,30.2,30.2,27.1,27.1,[27.1],,30.2,27.0,26.0
2023-06-04 01:10:00,26.7,8.379999999999999,30.3,30.3,30.3,26.9,26.9,[26.9],,30.3,26.0,26.0
2023-06-04 01:15:00,26.7,8.379999999999999,30.1,30.1,30.1,26.7,26.7,[26.7],,30.1,26.0,26.0
2023-06-04 01:20:00,26.6,8.379999999999999,30.1,30.1,30.1,26.6,26.6,[26.6],,30.1,26.0,26.0
2023-06-04 01:25:00,26.5,8.379999999999999,30.0,30.0,30.0,26.5,26.5,[26.5],,30.0,26.0,26.0
2023-06-04 01:30:00,26.5,8.379999999999999,29.6,29.6,29.6,26.5,26.5,[26.5],,29.6,27.0,26.0
2023-06-04 01:35:00,26.5,8.379999999999999,29.5,29.5,29.5,26.7,26.7,[26.7],,29.5,28.0,26.0
2023-06-04 01:40:00,26.4,8.379999999999999,29.6,29.6,29.6,27.0,27.0,[27.0],,29.6,28.0,26.0
2023-06-04 01:45:00,26.4,8.41,29.9,29.9,29.9,27.3,27.3,[27.3],,29.9,29.0,26.0
2023-06-04 01:50:00,26.4,8.41,30.2,30.2,30.2,27.4,27.4,[27.4],,30.2,28.0,26.0
2023-06-04 01:55:00,26.4,8.379999999999999,30.2,30.2,30.2,27.2,27.2,[27.2],,30.2,27.0,26.0
2023-06-04 02:00:00,26.4,8.379999999999999,30.3,30.3,30.3,27.0,27.0,[27.0],,30.3,27.0,26.0
2023-06-04 02:05:00,26.3,8.379999999999999,30.2,30.2,30.2,26.8,26.8,[26.8],,30.2,26.0,26.0
2023-06-04 02:10:00,26.3,8.379999999999999,30.0,30.0,30.0,26.6,26.6,[26.6],,30.0,26.0,26.0
2023-06-04 02:15:00,26.4,8.379999999999999,30.0,30.0,30.0,26.5,26.5,[26.5],,30.0,26.0,26.0
2023-06-04 02:20:00,26.5,8.379999999999999,29.8,29.8,29.8,26.5,26.5,[26.5],,29.8,27.0,26.0
2023-06-04 02:25:00,26.6,8.379999999999999,29.6,29.6,29.6,26.6,26.6,[26.6],,29.6,28.0,26.0
2023-06-04 02:30:00,26.7,8.379999999999999,29.6,29.6,29.6,26.9,26.9,[26.9],,29.6,28.0,26.0
2023-06-04 02:35:00,26.7,8.41,29.6,29.6,29.6,27.2,27.2,[27.2],,29.6,29.0,26.0
2023-06-04 02:40:00,26.8,8.41,29.8,29.8,29.8,27.3,27.3,[27.3],,29.8,28.0,26.0
2023-06-04 02:45:00,26.8,8.379999999999999,30.1,30.1,30.1,27.1,27.1,[27.1],,30.1,27.0,26.0
2023-06-04 02:50:00,26.7,8.379999999999999,30.2,30.2,30.2,26.9,26.9,[26.9],,30.2,26.0,26.0
2023-06-04 02:55:00,26.7,8.379999999999999,30.2,30.2,30.2,26.7,26.7,[26.7],,30.2,26.0,26.0
2023-06-04 03:00:00,26.6,8.379999999999999,30.1,30.1,30.1,26.5,26.5,[26.5],,30.1,26.0,26.0
2023-06-04 03:05:00,26.5,8.379999999999999,29.9,29.9,29.9,26.5,26.5,[26.5],,29.9,26.0,26.0
2023-06-04 03:10:00,26.5,8.379999999999999,29.6,29.6,29.6,26.6,26.6,[26.6],,29.6,27.0,26.0
2023-06-04 03:15:00,26.5,8.379999999999999,29.6,29.6,29.6,26.8,26.8,[26.8],,29.6,28.0,26.0
2023-06-04 03:20:00,26.5,8.41,29.8,29.8,29.8,27.1,27.1,[27.1],,29.8,29.0,26.0
2023-06-04 03:25:00,26.5,8.41,29.8,29.8,29.8,27.3,27.3,[27.3],,29.8,29.0,26.0
2023-06-04 03:30:00,26.4,8.379999999999999,30.3,30.3,30.3,27.2,27.2,[27.2],,30.3,27.0,26.0
2023-06-04 03:35:00,26.3,8.379999999999999,30.3,30.3,30.3,27.0,27.0,[27.0],,30.3,27.0,26.0
2023-06-04 03:40:00,26.3,8.379999999999999,30.3,30.3,30.3,26.8,26.8,[26.8],,30.3,26.0,26.0
2023-06-04 03:45:00,26.3,8.379999999999999,30.2,30.2,30.2,26.6,26.6,[26.6],,30.2,26.0,26.0
2023-06-04 03:50:00,26.3,8.379999999999999,30.0,30.0,30.0,26.5,26.5,[26.5],,30.0,26.0,26.0
2023-06-04 03:55:00,26.3,8.379999999999999,29.8,29.8,29.8,26.6,26.6,[26.6],,29.8,27.0,26.0
2023-06-04 04:00:00,26.2,8.379999999999999,29.6,29.6,29.6,26.8,26.8,[26.8],,29.6,28.0,26.0
2023-06-04 04:05:00,26.2,8.41,29.6,29.6,29.6,27.1,27.1,[27.1],,29.6,29.0,26.0
2023-06-04 04:10:00,26.2,8.41,29.8,29.8,29.8,27.3,27.3,[27.3],,29.8,29.0,26.0
2023-06-04 04:15:00,26.2,8.41,30.3,30.3,30.3,27.4,27.4,[27.4],,30.3,27.0,26.0
2023-06-04 04:20:00,26.2,8.379999999999999,30.4,30.4,30.4,27.1,27.1,[27.1],,30.4,27.0,26.0
2023-06-04 04:25:00,26.3,8.379999999999999,30.4,30.4,30.4,26.9,26.9,[26.9],,30.4,26.0,26.0
2023-06-04 04:30:00,26.3,8.379999999999999,30.3,30.3,30.3,26.7,26.7,[26.7],,30.3,26.0,26.0
2023-06-04 04:35:00,26.3,8.379999999999999,30.1,30.1,30.1,26.6,26.6,[26.6],,30.1,26.0,26.0
2023-06-04 04:40:00,26.4,8.379999999999999,29.7,29.7,29.7,26.6,26.6,[26.6],,29.7,27.0,26.0
2023-06-04 04:45:00,26.4,8.379999999999999,29.7,29.7,29.7,26.7,26.7,[26.7],,29.7,28.0,26.0
2023-06-04 04:50:00,26.5,8.379999999999999,29.7,29.7,29.7,27.0,27.0,[27.0],,29.7,28.0,26.0
2023-06-04 04:55:00,26.4,8.41,29.7,29.7,29.7,27.3,27.3,[27.3],,29.7,29.0,26.0
2023-06-04 05:00:00,26.5,8.41,30.0,30.0,30.0,27.4,27.4,[27.4],,30.0,28.0,26.0
2023-06-04 05:05:00,26.3,8.379999999999999,30.4,30.4,30.4,27.2,27.2,[27.2],,30.4,27.0,26.0
2023-06-04 05:10:00,26.3,8.379999999999999,30.3,30.3,30.3,26.9,26.9,[26.9],,30.3,26.0,26.0
2023-06-04 05:15:00,26.4,8.379999999999999,30.3,30.3,30.3,26.7,26.7,[26.7],,30.3,26.0,26.0
2023-06-04 05:20:00,26.4,8.379999999999999,30.1,30.1,30.1,26.6,26.6,[26.6],,30.1,26.0,26.0
2023-06-04 05:25:00,26.4,8.379999999999999,29.9,29.9,29.9,26.6,26.6,[26.6],,29.9,27.0,26.0
2023-06-04 05:30:00,26.4,8.379999999999999,29.7,29.7,29.7,26.7,26.7,[26.7],,29.7,28.0,26.0
2023-06-04 05:35:00,26.2,8.41,29.7,29.7,29.7,27.0,27.0,[27.0],,29.7,28.0,26.0
2023-06-04 05:40:00,26.2,8.41,29.7,29.7,29.7,27.2,27.2,[27.2],,29.7,29.0,26.0
2023-06-04 05:45:00,26.3,8.41,30.2,30.2,30.2,27.4,27.4,[27.4],,30.2,28.0,26.0
2023-06-04 05:50:00,26.3,8.379999999999999,30.4,30.4,30.4,27.1,27.1,[27.1],,30.4,27.0,26.0
2023-06-04 05:55:00,26.3,8.379999999999999,30.3,30.3,30.3,26.9,26.9,[26.9],,30.3,27.0,26.0
2023-06-04 06:00:00,26.3,8.379999999999999,30.3,30.3,30.3,26.7,26.7,[26.7],,30.3,26.0,26.0
2023-06-04 06:05:00,26.3,8.379999999999999,30.2,30.2,30.2,26.5,26.5,[26.5],,30.2,26.0,26.0
2023-06-04 06:10:00,26.3,8.379999999999999,29.9,29.9,29.9,26.5,26.5,[26.5],,29.9,27.0,26.0
2023-06-04 06:15:00,26.2,8.379999999999999,29.7,29.7,29.7,26.7,26.7,[26.7],,29.7,28.0,26.0
2023-06-04 06:20:00,26.2,8.41,29.7,29.7,29.7,26.9,26.9,[26.9],,29.7,28.0,26.0
2023-06-04 06:25:00,26.2,8.41,29.9,29.9,29.9,27.2,27.2,[27.2],,29.9,29.0,26.0
2023-06-04 06:30:00,26.2,8.41,30.3,30.3,30.3,27.3,27.3,[27.3],,30.3,29.0,26.0
2023-06-04 06:35:00,26.1,8.379999999999999,30.3,30.3,30.3,27.1,27.1,[27.1],,30.3,27.0,26.0
2023-06-04 06:40:00,26.1,8.379999999999999,30.4,30.4,30.4,26.9,26.9,[26.9],,30.4,27.0,26.0
2023-06-04 06:45:00,26.1,8.379999999999999,30.3,30.3,30.3,26.7,26.7,[26.7],,30.3,26.0,26.0
2023-06-04 06:50:00,26.1,8.379999999999999,29.9,29.9,29.9,26.5,26.5,[26.5],,29.9,26.0,26.0
2023-06-04 06:55:00,26.1,8.379999999999999,29.9,29.9,29.9,26.5,26.5,[26.5],,29.9,26.0,26.0
2023-06-04 07:00:00,26.1,8.379999999999999,29.6,29.6,29.6,26.6,26.6,[26.6],,29.6,27.0,26.0
2023-06-04 07:05:00,26.1,8.379999999999999,29.6,29.6,29.6,26.8,26.8,[26.8],,29.6,28.0,26.0
2023-06-04 07:10:00,26.1,8.41,29.8,29.8,29.8,27.1,27.1,[27.1],,29.8,29.0,26.0
2023-06-04 07:15:00,26.0,8.41,29.8,29.8,29.8,27.3,27.3,[27.3],,29.8,29.0,26.0
2023-06-04 07:20:00,26.0,8.379999999999999,30.1,30.1,30.1,27.3,27.3,[27.3],,30.1,27.0,26.0
2023-06-04 07:25:00,26.1,8.379999999999999,30.3,30.3,30.3,27.0,27.0,[27.0],,30.3,27.0,26.0
2023-06-04 07:30:00,26.1,8.379999999999999,30.2,30.2,30.2,26.7,26.7,[26.7],,30.2,26.0,26.0
2023-06-04 07:35:00,26.2,8.379999999999999,30.2,30.2,30.2,26.6,26.6,[26.6],,30.2,26.0,26.0
2023-06-04 07:40:00,26.2,8.379999999999999,30.1,30.1,30.1,26.5,26.5,[26.5],,30.1,26.0,26.0
2023-06-04 07:45:00,26.1,8.379999999999999,29.9,29.9,29.9,26.5,26.5,[26.5],,29.9,27.0,26.0
2023-06-04 07:50:00,26.1,8.379999999999999,29.6,29.6,29.6,26.7,26.7,[26.7],,29.6,28.0,26.0
2023-06-04 07:55:00,26.1,8.41,29.6,29.6,29.6,26.9,26.9,[26.9],,29.6,28.0,26.0
2023-06-04 08:00:00,26.1,8.41,29.7,29.7,29.7,27.1,27.1,[27.1],,29.7,29.0,26.0
2023-06-04 08:05:00,26.2,8.41,30.2,30.2,30.2,27.3,27.3,[27.3],,30.2,28.0,26.0
2023-06-04 08:10:00,26.2,8.379999999999999,30.3,30.3,30.3,27.0,27.0,[27.0],,30.3,27.0,26.0
2023-06-04 08:15:00,26.3,8.379999999999999,30.3,30.3,30.3,26.9,26.9,[26.9],,30.3,27.0,26.0
2023-06-04 08:20:00,26.3,8.379999999999999,30.3,30.3,30.3,26.7,26.7,[26.7],,30.3,26.0,26.0
2023-06-04 08:25:00,26.3,8.379999999999999,30.2,30.2,30.2,26.6,26.6,[26.6],,30.2,26.0,26.0
2023-06-04 08:30:00,26.3,8.379999999999999,30.0,30.0,30.0,26.4,26.4,[26.4],,30.0,26.0,26.0
2023-06-04 08:35:00,26.4,8.379999999999999,29.6,29.6,29.6,26.5,26.5,[26.5],,29.6,27.0,26.0
2023-06-04 08:40:00,26.4,8.379999999999999,29.6,29.6,29.6,26.8,26.8,[26.8],,29.6,28.0,26.0
2023-06-04 08:45:00,26.5,8.41,29.6,29.6,29.6,27.0,27.0,[27.0],,29.6,29.0,26.0
2023-06-04 08:50:00,26.5,8.41,29.7,29.7,29.7,27.2,27.2,[27.2],,29.7,29.0,26.0
2023-06-04 08:55:00,26.6,8.379999999999999,30.3,30.3,30.3,27.2,27.2,[27.2],,30.3,27.0,26.0
2023-06-04 09:00:00,26.7,8.379999999999999,30.3,30.3,30.3,27.0,27.0,[27.0],,30.3,27.0,26.0
2023-06-04 09:05:00,26.7,8.379999999999999,30.3,30.3,30.3,26.8,26.8,[26.8],,30.3,26.0,26.0
2023-06-04 09:10:00,26.7,8.379999999999999,30.3,30.3,30.3,26.6,26.6,[26.6],,30.3,26.0,26.0
2023-06-04 09:15:00,26.7,8.379999999999999,30.1,30.1,30.1,26.5,26.5,[26.5],,30.1,26.0,26.0
2023-06-04 09:20:00,26.8,8.379999999999999,29.7,29.7,29.7,26.5,26.5,[26.5],,29.7,27.0,26.0
2023-06-04 09:25:00,26.9,8.379999999999999,29.7,29.7,29.7,26.6,26.6,[26.6],,29.7,28.0,26.0
2023-06-04 09:30:00,26.9,8.379999999999999,29.7,29.7,29.7,26.9,26.9,[26.9],,29.7,28.0,26.0
2023-06-04 09:35:00,26.9,8.41,29.9,29.9,29.9,27.1,27.1,[27.1],,29.9,29.0,26.0
2023-06-04 09:40:00,27.0,8.41,29.9,29.9,29.9,27.3,27.3,[27.3],,29.9,29.0,26.0
2023-06-04 09:45:00,27.0,8.41,30.4,30.4,30.4,27.2,27.2,[27.2],,30.4,27.0,26.0
2023-06-04 09:50:00,27.0,8.379999999999999,30.4,30.4,30.4,27.0,27.0,[27.0],,30.4,27.0,26.0
2023-06-04 09:55:00,27.0,8.379999999999999,30.3,30.3,30.3,26.7,26.7,[26.7],,30.3,26.0,26.0
2023-06-04 10:00:00,27.1,8.379999999999999,30.1,30.1,30.1,26.6,26.6,[26.6],,30.1,26.0,26.0
2023-06-04 10:05:00,27.1,8.379999999999999,30.1,30.1,30.1,26.5,26.5,[26.5],,30.1,26.0,26.0
2023-06-04 10:10:00,27.1,8.379999999999999,29.9,29.9,29.9,26.5,26.5,[26.5],,29.9,27.0,26.0
2023-06-04 10:15:00,27.1,8.379999999999999,29.6,29.6,29.6,26.6,26.6,[26.6],,29.6,27.0,26.0
2023-06-04 10:20:00,27.2,8.379999999999999,29.6,29.6,29.6,26.9,26.9,[26.9],,29.6,28.0,26.0
2023-06-04 10:25:00,27.2,8.41,29.7,29.7,29.7,27.1,27.1,[27.1],,29.7,29.0,26.0
2023-06-04 10:30:00,27.3,8.41,29.9,29.9,29.9,27.3,27.3,[27.3],,29.9,29.0,26.0
2023-06-04 10:35:00,27.3,8.379999999999999,30.2,30.2,30.2,27.2,27.2,[27.2],,30.2,27.0,26.0
2023-06-04 10:40:00,27.3,8.379999999999999,30.4,30.4,30.4,27.0,27.0,[27.0],,30.4,27.0,26.0
2023-06-04 10:45:00,27.3,8.379999999999999,30.4,30.4,30.4,26.7,26.7,[26.7],,30.4,26.0,26.0
2023-06-04 10:50:00,27.3,8.379999999999999,30.1,30.1,30.1,26.6,26.6,[26.6],,30.1,26.0,26.0
2023-06-04 10:55:00,27.4,8.379999999999999,29.8,29.8,29.8,26.5,26.5,[26.5],,29.8,26.0,26.0
2023-06-04 11:00:00,27.4,8.379999999999999,29.8,29.8,29.8,26.5,26.5,[26.5],,29.8,27.0,26.0
2023-06-04 11:05:00,27.4,8.379999999999999,29.6,29.6,29.6,26.7,26.7,[26.7],,29.6,28.0,26.0
2023-06-04 11:10:00,27.5,8.379999999999999,29.6,29.6,29.6,26.9,26.9,[26.9],,29.6,28.0,26.0
2023-06-04 11:15:00,27.5,8.41,29.7,29.7,29.7,27.2,27.2,[27.2],,29.7,29.0,26.0
2023-06-04 11:20:00,27.5,8.41,30.0,30.0,30.0,27.3,27.3,[27.3],,30.0,28.0,26.0
2023-06-04 11:25:00,27.5,8.41,30.4,30.4,30.4,27.1,27.1,[27.1],,30.4,27.0,26.0
2023-06-04 11:30:00,27.6,8.379999999999999,30.4,30.4,30.4,26.9,26.9,[26.9],,30.4,27.0,26.0
2023-06-04 11:35:00,27.6,8.379999999999999,30.2,30.2,30.2,26.7,26.7,[26.7],,30.2,26.0,26.0
2023-06-04 11:40:00,27.6,8.379999999999999,30.0,30.0,30.0,26.5,26.5,[26.5],,30.0,26.0,26.0
2023-06-04 11:45:00,27.6,8.379999999999999,30.0,30.0,30.0,26.4,26.4,[26.4],,30.0,26.0,26.0
2023-06-04 11:50:00,27.6,8.379999999999999,29.6,29.6,29.6,26.5,26.5,[26.5],,29.6,27.0,26.0
2023-06-04 11:55:00,27.6,8.379999999999999,29.6,29.6,29.6,26.7,26.7,[26.7],,29.6,28.0,26.0
2023-06-04 12:00:00,27.6,8.379999999999999,29.6,29.6,29.6,27.0,27.0,[27.0],,29.6,28.0,26.0
2023-06-04 12:05:00,27.6,8.41,29.7,29.7,29.7,27.2,27.2,[27.2],,29.7,29.0,26.0
2023-06-04 12:10:00,27.5,8.41,30.0,30.0,30.0,27.3,27.3,[27.3],,30.0,28.0,26.0
2023-06-04 12:15:00,27.5,8.41,30.4,30.4,30.4,27.1,27.1,[27.1],,30.4,27.0,26.0
2023-06-04 12:20:00,27.5,8.379999999999999,30.4,30.4,30.4,26.9,26.9,[26.9],,30.4,27.0,26.0
2023-06-04 12:25:00,27.5,8.379999999999999,30.4,30.4,30.4,26.7,26.7,[26.7],,30.4,26.0,26.0
2023-06-04 12:30:00,27.5,8.379999999999999,30.2,30.2,30.2,26.5,26.5,[26.5],,30.2,26.0,26.0
2023-06-04 12:35:00,27.4,8.379999999999999,29.8,29.8,29.8,26.5,26.5,[26.5],,29.8,27.0,26.0
2023-06-04 12:40:00,27.4,8.379999999999999,29.8,29.8,29.8,26.6,26.6,[26.6],,29.8,27.0,26.0
2023-06-04 12:45:00,27.4,8.379999999999999,29.7,29.7,29.7,26.8,26.8,[26.8],,29.7,28.0,26.0
2023-06-04 12:50:00,27.4,8.41,29.7,29.7,29.7,27.1,27.1,[27.1],,29.7,29.0,26.0
2023-06-04 12:55:00,27.4,8.41,29.8,29.8,29.8,27.3,27.3,[27.3],,29.8,29.0,26.0
2023-06-04 13:00:00,27.4,8.41,30.4,30.4,30.4,27.2,27.2,[27.2],,30.4,27.0,26.0
2023-06-04 13:05:00,27.5,8.379999999999999,30.4,30.4,30.4,26.9,26.9,[26.9],,30.4,27.0,26.0
2023-06-04 13:10:00,27.4,8.379999999999999,30.4,30.4,30.4,26.7,26.7,[26.7],,30.4,26.0,26.0
2023-06-04 13:15:00,27.4,8.379999999999999,30.3,30.3,30.3,26.6,26.6,[26.6],,30.3,26.0,26.0
2023-06-04 13:20:00,27.4,8.379999999999999,30.1,30.1,30.1,26.5,26.5,[26.5],,30.1,26.0,26.0
2023-06-04 13:25:00,27.4,8.379999999999999,29.9,29.9,29.9,26.4,26.4,[26.4],,29.9,27.0,26.0
2023-06-04 13:30:00,27.4,8.379999999999999,29.7,29.7,29.7,26.6,26.6,[26.6],,29.7,27.0,26.0
2023-06-04 13:35:00,27.4,8.379999999999999,29.6,29.6,29.6,26.8,26.8,[26.8],,29.6,28.0,26.0
2023-06-04 13:40:00,27.4,8.41,29.8,29.8,29.8,27.0,27.0,[27.0],,29.8,29.0,26.0
2023-06-04 13:45:00,27.4,8.41,29.8,29.8,29.8,27.2,27.2,[27.2],,29.8,29.0,26.0
2023-06-04 13:50:00,27.4,8.41,30.1,30.1,30.1,27.2,27.2,[27.2],,30.1,27.0,26.0
2023-06-04 13:55:00,27.4,8.379999999999999,30.3,30.3,30.3,26.9,26.9,[26.9],,30.3,27.0,26.0
2023-06-04 14:00:00,27.4,8.379999999999999,30.4,30.4,30.4,26.7,26.7,[26.7],,30.4,26.0,26.0
2023-06-04 14:05:00,27.3,8.379999999999999,30.1,30.1,30.1,26.6,26.6,[26.6],,30.1,26.0,26.0
2023-06-04 14:10:00,27.3,8.379999999999999,29.8,29.8,29.8,26.5,26.5,[26.5],,29.8,26.0,26.0
2023-06-04 14:15:00,27.3,8.379999999999999,29.8,29.8,29.8,26.5,26.5,[26.5],,29.8,27.0,26.0
2023-06-04 14:20:00,27.3,8.379999999999999,29.7,29.7,29.7,26.6,26.6,[26.6],,29.7,28.0,26.0
2023-06-04 14:25:00,27.3,8.41,29.6,29.6,29.6,26.8,26.8,[26.8],,29.6,28.0,26.0
2023-06-04 14:30:00,27.3,8.41,29.7,29.7,29.7,27.1,27.1,[27.1],,29.7,29.0,26.0
2023-06-04 14:35:00,27.3,8.41,29.9,29.9,29.9,27.3,27.3,[27.3],,29.9,28.0,26.0
2023-06-04 14:40:00,27.3,8.379999999999999,30.2,30.2,30.2,27.2,27.2,[27.2],,30.2,27.0,26.0
2023-06-04 14:45:00,27.3,8.379999999999999,30.4,30.4,30.4,27.0,27.0,[27.0],,30.4,27.0,26.0
2023-06-04 14:50:00,27.3,8.379999999999999,30.4,30.4,30.4,26.8,26.8,[26.8],,30.4,26.0,26.0
2023-06-04 14:55:00,27.3,8.379999999999999,30.3,30.3,30.3,26.6,26.6,[26.6],,30.3,26.0,26.0
2023-06-04 15:00:00,27.3,8.379999999999999,30.1,30.1,30.1,26.5,26.5,[26.5],,30.1,26.0,26.0
2023-06-04 15:05:00,27.3,8.379999999999999,29.7,29.7,29.7,26.5,26.5,[26.5],,29.7,27.0,26.0
2023-06-04 15:10:00,27.3,8.379999999999999,29.7,29.7,29.7,26.7,26.7,[26.7],,29.7,28.0,26.0
2023-06-04 15:15:00,27.3,8.379999999999999,29.7,29.7,29.7,27.0,27.0,[27.0],,29.7,28.0,26.0
2023-06-04 15:20:00,27.2,8.41,30.0,30.0,30.0,27.2,27.2,[27.2],,30.0,29.0,26.0
2023-06-04 15:25:00,27.2,8.41,30.3,30.3,30.3,27.3,27.3,[27.3],,30.3,27.0,26.0
2023-06-04 15:30:00,27.2,8.379999999999999,30.3,30.3,30.3,27.0,27.0,[27.0],,30.3,27.0,26.0
2023-06-04 15:35:00,27.2,8.379999999999999,30.4,30.4,30.4,26.8,26.8,[26.8],,30.4,26.0,26.0
2023-06-04 15:40:00,27.2,8.379999999999999,30.2,30.2,30.2,26.7,26.7,[26.7],,30.2,26.0,26.0
2023-06-04 15:45:00,27.2,8.379999999999999,30.2,30.2,30.2,26.5,26.5,[26.5],,30.2,26.0,26.0
2023-06-04 15:50:00,27.2,8.379999999999999,29.7,29.7,29.7,26.4,26.4,[26.4],,29.7,26.0,26.0
2023-06-04 15:55:00,27.2,8.379999999999999,29.6,29.6,29.6,26.5,26.5,[26.5],,29.6,27.0,26.0
2023-06-04 16:00:00,27.1,8.379999999999999,29.6,29.6,29.6,26.8,26.8,[26.8],,29.6,28.0,26.0
2023-06-04 16:05:00,27.2,8.41,29.8,29.8,29.8,27.0,27.0,[27.0],,29.8,,
2023-06-04 16:10:00,27.1,8.41,29.8,29.8,29.8,27.2,27.2,[27.2],,29.8,29.0,26.0
2023-06-04 16:15:00,27.1,8.41,30.3,30.3,30.3,27.3,27.3,[27.3],,30.3,29.0,26.0
2023-06-04 16:20:00,27.1,8.379999999999999,30.3,30.3,30.3,27.0,27.0,[27.0],,30.3,27.0,26.0
2023-06-04 16:25:00,27.1,8.379999999999999,30.4,30.4,30.4,26.8,26.8,[26.8],,30.4,26.0,26.0
2023-06-04 16:30:00,27.1,8.379999999999999,30.1,30.1,30.1,26.7,26.7,[26.7],,30.1,26.0,26.0
2023-06-04 16:35:00,27.1,8.379999999999999,30.1,30.1,30.1,26.5,26.5,[26.5],,30.1,26.0,26.0
2023-06-04 16:40:00,27.1,8.379999999999999,29.7,29.7,29.7,26.5,26.5,[26.5],,29.7,26.0,26.0
2023-06-04 16:45:00,27.1,8.379999999999999,29.7,29.7,29.7,26.6,26.6,[26.6],,29.7,27.0,26.0
2023-06-04 16:50:00,27.2,8.379999999999999,29.6,29.6,29.6,26.8,26.8,[26.8],,29.6,27.0,26.0
2023-06-04 16:55:00,27.2,8.379999999999999,29.6,29.6,29.6,27.1,27.1,[27.1],,29.6,29.0,26.0
2023-06-04 17:00:00,27.2,8.41,29.8,29.8,29.8,27.3,27.3,[27.3],,29.8,29.0,26.0
2023-06-04 17:05:00,27.1,8.379999999999999,30.3,30.3,30.3,27.1,27.1,[27.1],,30.3,27.0,26.0
2023-06-04 17:10:00,27.1,8.379999999999999,30.3,30.3,30.3,26.9,26.9,[26.9],,30.3,27.0,26.0
2023-06-04 17:15:00,27.1,8.379999999999999,30.3,30.3,30.3,26.7,26.7,[26.7],,30.3,26.0,26.0
2023-06-04 17:20:00,27.1,8.379999999999999,30.2,30.2,30.2,26.6,26.6,[26.6],,30.2,26.0,26.0
2023-06-04 17:25:00,27.1,8.379999999999999,30.0,30.0,30.0,26.5,26.5,[26.5],,30.0,26.0,26.0
2023-06-04 17:30:00,27.1,8.379999999999999,29.7,29.7,29.7,26.5,26.5,[26.5],,29.7,27.0,26.0
2023-06-04 17:35:00,27.1,8.379999999999999,29.6,29.6,29.6,26.6,26.6,[26.6],,29.6,28.0,26.0
2023-06-04 17:40:00,27.1,8.379999999999999,29.6,29.6,29.6,26.8,26.8,[26.8],,29.6,28.0,26.0
2023-06-04 17:45:00,27.1,8.379999999999999,29.6,29.6,29.6,27.1,27.1,[27.1],,29.6,29.0,26.0
2023-06-04 17:50:00,27.1,8.41,30.2,30.2,30.2,27.3,27.3,[27.3],,30.2,29.0,26.0
2023-06-04 17:55:00,27.1,8.41,30.2,30.2,30.2,27.2,27.2,[27.2],,30.2,28.0,26.0
2023-06-04 18:00:00,27.1,8.379999999999999,30.4,30.4,30.4,27.0,27.0,[27.0],,30.4,27.0,26.0
2023-06-04 18:05:00,27.1,8.379999999999999,30.4,30.4,30.4,26.8,26.8,[26.8],,30.4,26.0,26.0
2023-06-04 18:10:00,27.0,8.379999999999999,30.3,30.3,30.3,26.6,26.6,[26.6],,30.3,26.0,26.0
2023-06-04 18:15:00,27.0,8.379999999999999,29.9,29.9,29.9,26.5,26.5,[26.5],,29.9,26.0,26.0
2023-06-04 18:20:00,27.0,8.379999999999999,29.9,29.9,29.9,26.5,26.5,[26.5],,29.9,27.0,26.0
2023-06-04 18:25:00,27.0,8.379999999999999,29.7,29.7,29.7,26.7,26.7,[26.7],,29.7,28.0,26.0
2023-06-04 18:30:00,27.1,8.379999999999999,29.6,29.6,29.6,26.9,26.9,[26.9],,29.6,28.0,26.0
2023-06-04 18:35:00,27.1,8.41,29.7,29.7,29.7,27.1,27.1,[27.1],,29.7,29.0,26.0
2023-06-04 18:40:00,27.1,8.41,29.9,29.9,29.9,27.3,27.3,[27.3],,29.9,28.0,26.0
2023-06-04 18:45:00,27.0,8.379999999999999,30.4,30.4,30.4,27.1,27.1,[27.1],,30.4,27.0,26.0
2023-06-04 18:50:00,27.0,8.379999999999999,30.4,30.4,30.4,26.9,26.9,[26.9],,30.4,27.0,26.0
2023-06-04 18:55:00,27.1,8.379999999999999,30.4,30.4,30.4,26.7,26.7,[26.7],,30.4,26.0,26.0
2023-06-04 19:00:00,27.1,8.379999999999999,30.2,30.2,30.2,26.6,26.6,[26.6],,30.2,26.0,26.0
2023-06-04 19:05:00,27.0,8.379999999999999,30.0,30.0,30.0,26.5,26.5,[26.5],,30.0,26.0,26.0
2023-06-04 19:10:00,27.0,8.379999999999999,29.7,29.7,29.7,26.6,26.6,[26.6],,29.7,27.0,26.0
2023-06-04 19:15:00,27.0,8.379999999999999,29.7,29.7,29.7,26.8,26.8,[26.8],,29.7,28.0,26.0
2023-06-04 19:20:00,27.0,8.379999999999999,29.8,29.8,29.8,27.0,27.0,[27.0],,29.8,29.0,26.0
2023-06-04 19:25:00,27.0,8.41,29.8,29.8,29.8,27.3,27.3,[27.3],,29.8,29.0,26.0
2023-06-04 19:30:00,27.0,8.41,30.3,30.3,30.3,27.3,27.3,[27.3],,30.3,29.0,26.0
2023-06-04 19:35:00,27.0,8.379999999999999,30.3,30.3,30.3,27.0,27.0,[27.0],,30.3,27.0,26.0
2023-06-04 19:40:00,27.0,8.379999999999999,30.4,30.4,30.4,26.8,26.8,[26.8],,30.4,26.0,26.0
2023-06-04 19:45:00,26.9,8.379999999999999,30.1,30.1,30.1,26.6,26.6,[26.6],,30.1,26.0,26.0
2023-06-04 19:50:00,26.9,8.379999999999999,30.1,30.1,30.1,26.5,26.5,[26.5],,30.1,26.0,26.0
2023-06-04 19:55:00,26.8,8.379999999999999,29.9,29.9,29.9,26.5,26.5,[26.5],,29.9,27.0,26.0
2023-06-04 20:00:00,26.8,8.379999999999999,29.6,29.6,29.6,26.7,26.7,[26.7],,29.6,28.0,26.0
2023-06-04 20:05:00,26.8,8.379999999999999,29.6,29.6,29.6,26.9,26.9,[26.9],,29.6,28.0,26.0
2023-06-04 20:10:00,26.8,8.41,29.7,29.7,29.7,27.1,27.1,[27.1],,29.7,29.0,26.0
2023-06-04 20:15:00,26.8,8.41,30.2,30.2,30.2,27.3,27.3,[27.3],,30.2,28.0,26.0
2023-06-04 20:20:00,26.8,8.379999999999999,30.4,30.4,30.4,27.1,27.1,[27.1],,30.4,27.0,26.0
2023-06-04 20:25:00,26.8,8.379999999999999,30.4,30.4,30.4,26.9,26.9,[26.9],,30.4,27.0,26.0
2023-06-04 20:30:00,26.7,8.379999999999999,30.2,30.2,30.2,26.7,26.7,[26.7],,30.2,26.0,26.0
2023-06-04 20:35:00,26.8,8.379999999999999,30.2,30.2,30.2,26.5,26.5,[26.5],,30.2,26.0,26.0
2023-06-04 20:40:00,26.7,8.379999999999999,30.0,30.0,30.0,26.4,26.4,[26.4],,30.0,26.0,26.0
2023-06-04 20:45:00,26.7,8.379999999999999,29.8,29.8,29.8,26.5,26.5,[26.5],,29.8,27.0,26.0
2023-06-04 20:50:00,26.7,8.379999999999999,29.6,29.6,29.6,26.7,26.7,[26.7],,29.6,28.0,26.0
2023-06-04 20:55:00,26.7,8.379999999999999,29.6,29.6,29.6,27.0,27.0,[27.0],,29.6,29.0,26.0
2023-06-04 21:00:00,26.7,8.41,29.8,29.8,29.8,27.2,27.2,[27.2],,29.8,29.0,26.0
2023-06-04 21:05:00,26.7,8.41,30.0,30.0,30.0,27.2,27.2,[27.2],,30.0,27.0,26.0
2023-06-04 21:10:00,26.7,8.41,30.4,30.4,30.4,27.0,27.0,[27.0],,30.4,27.0,26.0
2023-06-04 21:15:00,26.7,8.379999999999999,30.4,30.4,30.4,26.9,26.9,[26.9],,30.4,26.0,26.0
2023-06-04 21:20:00,26.7,8.379999999999999,30.2,30.2,30.2,26.7,26.7,[26.7],,30.2,26.0,26.0
2023-06-04 21:25:00,26.7,8.379999999999999,30.2,30.2,30.2,26.5,26.5,[26.5],,30.2,26.0,26.0
2023-06-04 21:30:00,26.7,8.379999999999999,29.9,29.9,29.9,26.5,26.5,[26.5],,29.9,27.0,26.0
2023-06-04 21:35:00,26.7,8.379999999999999,29.8,29.8,29.8,26.7,26.7,[26.7],,29.8,28.0,26.0
2023-06-04 21:40:00,26.6,8.379999999999999,29.7,29.7,29.7,26.9,26.9,[26.9],,29.7,28.0,26.0
2023-06-04 21:45:00,26.6,8.41,29.8,29.8,29.8,27.2,27.2,[27.2],,29.8,29.0,26.0
2023-06-04 21:50:00,26.6,8.41,30.0,30.0,30.0,27.3,27.3,[27.3],,30.0,28.0,26.0
2023-06-04 21:55:00,26.5,8.379999999999999,30.4,30.4,30.4,27.1,27.1,[27.1],,30.4,27.0,26.0
2023-06-04 22:00:00,26.5,8.379999999999999,30.4,30.4,30.4,26.8,26.8,[26.8],,30.4,26.0,26.0
2023-06-04 22:05:00,26.5,8.379999999999999,30.3,30.3,30.3,26.6,26.6,[26.6],,30.3,26.0,26.0
2023-06-04 22:10:00,26.5,8.379999999999999,29.9,29.9,29.9,26.5,26.5,[26.5],,29.9,26.0,26.0
2023-06-04 22:15:00,26.4,8.379999999999999,29.9,29.9,29.9,26.5,26.5,[26.5],,29.9,27.0,26.0
2023-06-04 22:20:00,26.4,8.379999999999999,29.7,29.7,29.7,26.7,26.7,[26.7],,29.7,28.0,26.0
2023-06-04 22:25:00,26.4,8.379999999999999,29.7,29.7,29.7,26.9,26.9,[26.9],,29.7,28.0,26.0
2023-06-04 22:30:00,26.4,8.41,29.9,29.9,29.9,27.1,27.1,[27.1],,29.9,29.0,26.0
2023-06-04 22:35:00,26.4,8.41,30.2,30.2,30.2,27.4,27.4,[27.4],,30.2,29.0,26.0
2023-06-04 22:40:00,26.6,8.41,30.2,30.2,30.2,27.3,27.3,[27.3],,30.2,27.0,26.0
2023-06-04 22:45:00,26.6,8.379999999999999,30.4,30.4,30.4,27.0,27.0,[27.0],,30.4,27.0,26.0
2023-06-04 22:50:00,26.6,8.379999999999999,30.3,30.3,30.3,26.8,26.8,[26.8],,30.3,26.0,26.0
2023-06-04 22:55:00,26.5,8.379999999999999,30.1,30.1,30.1,26.6,26.6,[26.6],,30.1,26.0,26.0
2023-06-04 23:00:00,26.5,8.379999999999999,30.1,30.1,30.1,26.4,26.4,[26.4],,30.1,26.0,26.0
2023-06-04 23:05:00,26.5,8.379999999999999,29.8,29.8,29.8,26.5,26.5,[26.5],,29.8,27.0,26.0
2023-06-04 23:10:00,26.6,8.379999999999999,29.7,29.7,29.7,26.8,26.8,[26.8],,29.7,28.0,26.0
2023-06-04 23:15:00,26.7,8.379999999999999,29.7,29.7,29.7,27.0,27.0,[27.0],,29.7,29.0,26.0
2023-06-04 23:20:00,26.6,8.41,29.8,29.8,29.8,27.3,27.3,[27.3],,29.8,29.0,26.0
2023-06-04 23:25:00,26.6,8.379999999999999,30.3,30.3,30.3,27.3,27.3,[27.3],,30.3,28.0,26.0
2023-06-04 23:30:00,26.5,8.379999999999999,30.3,30.3,30.3,27.1,27.1,[27.1],,30.3,27.0,26.0
2023-06-04 23:35:00,26.6,8.379999999999999,30.4,30.4,30.4,26.8,26.8,[26.8],,30.4,26.0,26.0
2023-06-04 23:40:00,26.8,8.379999999999999,30.4,30.4,30.4,26.6,26.6,[26.6],,30.4,26.0,26.0
2023-06-04 23:45:00,26.9,8.379999999999999,29.9,29.9,29.9,26.5,26.5,[26.5],,29.9,26.0,26.0
2023-06-04 23:50:00,26.8,8.379999999999999,29.9,29.9,29.9,26.5,26.5,[26.5],,29.9,27.0,26.0
2023-06-04 23:55:00,26.6,8.379999999999999,29.8,29.8,29.8,26.7,26.7,[26.7],,29.8,28.0,26.0
2023-06-05 00:00:00,26.6,8.41,29.7,29.7,29.7,27.0,27.0,[27.0],,29.7,29.0,26.0
2023-06-05 00:05:00,26.5,8.41,29.8,29.8,29.8,27.2,27.2,[27.2],,29.8,29.0,26.0
2023-06-05 00:10:00,26.5,8.41,30.3,30.3,30.3,27.3,27.3,[27.3],,30.3,29.0,26.0
2023-06-05 00:15:00,26.4,8.379999999999999,30.3,30.3,30.3,27.0,27.0,[27.0],,30.3,27.0,26.0
2023-06-05 00:20:00,26.4,8.379999999999999,30.4,30.4,30.4,26.9,26.9,[26.9],,30.4,26.0,26.0
2023-06-05 00:25:00,26.3,8.379999999999999,30.1,30.1,30.1,26.6,26.6,[26.6],,30.1,26.0,26.0
2023-06-05 00:30:00,26.5,8.379999999999999,30.1,30.1,30.1,26.5,26.5,[26.5],,30.1,26.0,26.0
2023-06-05 00:35:00,26.5,8.379999999999999,29.9,29.9,29.9,26.6,26.6,[26.6],,29.9,27.0,26.0
2023-06-05 00:40:00,26.5,8.379999999999999,29.7,29.7,29.7,26.8,26.8,[26.8],,29.7,28.0,26.0
2023-06-05 00:45:00,26.5,8.379999999999999,29.8,29.8,29.8,27.0,27.0,[27.0],,29.8,29.0,26.0
2023-06-05 00:50:00,26.6,8.41,29.8,29.8,29.8,27.3,27.3,[27.3],,29.8,29.0,26.0
2023-06-05 00:55:00,26.7,8.41,30.1,30.1,30.1,27.3,27.3,[27.3],,30.1,28.0,26.0
2023-06-05 01:00:00,26.7,8.379999999999999,30.4,30.4,30.4,27.0,27.0,[27.0],,30.4,27.0,26.0
2023-06-05 01:05:00,26.7,8.379999999999999,30.4,30.4,30.4,26.8,26.8,[26.8],,30.4,26.0,26.0
2023-06-05 01:10:00,26.6,8.379999999999999,30.1,30.1,30.1,26.6,26.6,[26.6],,30.1,26.0,26.0
2023-06-05 01:15:00,26.5,8.379999999999999,30.1,30.1,30.1,26.5,26.5,[26.5],,30.1,26.0,26.0
2023-06-05 01:20:00,26.3,8.379999999999999,29.9,29.9,29.9,26.6,26.6,[26.6],,29.9,27.0,26.0
2023-06-05 01:25:00,26.4,8.379999999999999,29.7,29.7,29.7,26.8,26.8,[26.8],,29.7,28.0,26.0
2023-06-05 01:30:00,26.5,8.379999999999999,29.7,29.7,29.7,27.0,27.0,[27.0],,29.7,29.0,26.0
2023-06-05 01:35:00,26.4,8.41,29.8,29.8,29.8,27.3,27.3,[27.3],,29.8,29.0,26.0
2023-06-05 01:40:00,26.3,8.41,30.1,30.1,30.1,27.2,27.2,[27.2],,30.1,27.0,26.0
2023-06-05 01:45:00,26.2,8.379999999999999,30.3,30.3,30.3,27.0,27.0,[27.0],,30.3,27.0,26.0
2023-06-05 01:50:00,26.2,8.379999999999999,30.4,30.4,30.4,26.7,26.7,[26.7],,30.4,26.0,26.0
2023-06-05 01:55:00,26.3,8.379999999999999,30.3,30.3,30.3,26.5,26.5,[26.5],,30.3,26.0,26.0
2023-06-05 02:00:00,26.3,8.379999999999999,30.0,30.0,30.0,26.5,26.5,[26.5],,30.0,27.0,26.0
2023-06-05 02:05:00,26.3,8.379999999999999,29.7,29.7,29.7,26.7,26.7,[26.7],,29.7,28.0,26.0
2023-06-05 02:10:00,26.2,8.379999999999999,29.7,29.7,29.7,26.9,26.9,[26.9],,29.7,28.0,26.0
2023-06-05 02:15:00,26.3,8.41,29.9,29.9,29.9,27.1,27.1,[27.1],,29.9,29.0,26.0
2023-06-05 02:20:00,26.4,8.41,29.9,29.9,29.9,27.3,27.3,[27.3],,29.9,29.0,26.0
2023-06-05 02:25:00,26.3,8.379999999999999,30.2,30.2,30.2,27.2,27.2,[27.2],,30.2,28.0,26.0
2023-06-05 02:30:00,26.3,8.379999999999999,30.4,30.4,30.4,27.0,27.0,[27.0],,30.4,27.0,26.0
2023-06-05 02:35:00,26.3,8.379999999999999,30.4,30.4,30.4,26.7,26.7,[26.7],,30.4,27.0,26.0
2023-06-05 02:40:00,26.3,8.379999999999999,30.2,30.2,30.2,26.6,26.6,[26.6],,30.2,26.0,26.0
2023-06-05 02:45:00,26.2,8.379999999999999,29.8,29.8,29.8,26.6,26.6,[26.6],,29.8,27.0,26.0
2023-06-05 02:50:00,26.2,8.379999999999999,29.8,29.8,29.8,26.7,26.7,[26.7],,29.8,27.0,26.0
2023-06-05 02:55:00,26.2,8.379999999999999,29.8,29.8,29.8,27.0,27.0,[27.0],,29.8,28.0,26.0
2023-06-05 03:00:00,26.2,8.41,29.8,29.8,29.8,27.2,27.2,[27.2],,29.8,29.0,26.0
2023-06-05 03:05:00,26.2,8.379999999999999,30.1,30.1,30.1,27.3,27.3,[27.3],,30.1,28.0,26.0
2023-06-05 03:10:00,26.3,8.379999999999999,30.3,30.3,30.3,27.1,27.1,[27.1],,30.3,27.0,26.0
2023-06-05 03:15:00,26.3,8.379999999999999,30.3,30.3,30.3,26.8,26.8,[26.8],,30.3,26.0,26.0
2023-06-05 03:20:00,26.2,8.379999999999999,30.3,30.3,30.3,26.6,26.6,[26.6],,30.3,26.0,26.0
2023-06-05 03:25:00,26.2,8.379999999999999,30.2,30.2,30.2,26.5,26.5,[26.5],,30.2,26.0,26.0
2023-06-05 03:30:00,26.2,8.379999999999999,29.7,29.7,29.7,26.6,26.6,[26.6],,29.7,27.0,26.0
2023-06-05 03:35:00,26.2,8.379999999999999,29.7,29.7,29.7,26.8,26.8,[26.8],,29.7,28.0,26.0
2023-06-05 03:40:00,26.2,8.379999999999999,29.8,29.8,29.8,27.0,27.0,[27.0],,29.8,29.0,26.0
2023-06-05 03:45:00,26.2,8.41,29.8,29.8,29.8,27.3,27.3,[27.3],,29.8,29.0,26.0
2023-06-05 03:50:00,26.2,8.41,30.1,30.1,30.1,27.3,27.3,[27.3],,30.1,27.0,26.0
2023-06-05 03:55:00,26.2,8.379999999999999,30.3,30.3,30.3,27.0,27.0,[27.0],,30.3,27.0,26.0
2023-06-05 04:00:00,26.0,8.379999999999999,30.4,30.4,30.4,26.7,26.7,[26.7],,30.4,26.0,26.0
2023-06-05 04:05:00,26.0,,30.3,30.3,30.3,26.5,26.5,[26.5],,30.3,26.0,26.0
2023-06-05 04:10:00,26.3,8.379999999999999,29.8,29.8,29.8,26.5,26.5,[26.5],,29.8,27.0,26.0
2023-06-05 04:15:00,26.2,8.379999999999999,29.7,29.7,29.7,26.7,26.7,[26.7],,29.7,28.0,26.0
2023-06-05 04:20:00,26.1,8.379999999999999,29.7,29.7,29.7,26.9,26.9,[26.9],,29.7,28.0,26.0
2023-06-05 04:25:00,26.2,8.379999999999999,29.8,29.8,29.8,27.1,27.1,[27.1],,29.8,29.0,26.0
2023-06-05 04:30:00,26.2,8.41,30.0,30.0,30.0,27.4,27.4,[27.4],,30.0,29.0,26.0
2023-06-05 04:35:00,26.3,8.41,30.2,30.2,30.2,27.2,27.2,[27.2],,30.2,27.0,26.0
2023-06-05 04:40:00,26.1,8.379999999999999,30.5,30.5,30.5,27.0,27.0,[27.0],,30.5,27.0,26.0
2023-06-05 04:45:00,26.1,8.379999999999999,30.5,30.5,30.5,26.7,26.7,[26.7],,30.5,26.0,26.0
2023-06-05 04:50:00,26.1,8.379999999999999,30.3,30.3,30.3,26.6,26.6,[26.6],,30.3,26.0,26.0
2023-06-05 04:55:00,26.0,8.379999999999999,30.1,30.1,30.1,26.5,26.5,[26.5],,30.1,27.0,26.0
2023-06-05 05:00:00,26.1,8.379999999999999,29.9,29.9,29.9,26.7,26.7,[26.7],,29.9,27.0,26.0
2023-06-05 05:05:00,26.1,8.379999999999999,29.8,29.8,29.8,26.9,26.9,[26.9],,29.8,28.0,26.0
2023-06-05 05:10:00,26.1,8.379999999999999,29.8,29.8,29.8,27.1,27.1,[27.1],,29.8,28.0,26.0
2023-06-05 05:15:00,26.1,8.41,29.9,29.9,29.9,27.3,27.3,[27.3],,29.9,29.0,26.0
2023-06-05 05:20:00,26.1,8.41,30.2,30.2,30.2,27.3,27.3,[27.3],,30.2,27.0,26.0
2023-06-05 05:25:00,26.1,8.379999999999999,30.4,30.4,30.4,27.0,27.0,[27.0],,30.4,27.0,26.0
2023-06-05 05:30:00,26.3,8.379999999999999,30.5,30.5,30.5,26.8,26.8,[26.8],,30.5,26.0,26.0
2023-06-05 05:35:00,26.3,8.379999999999999,30.3,30.3,30.3,26.6,26.6,[26.6],,30.3,26.0,26.0
2023-06-05 05:40:00,26.1,8.379999999999999,30.1,30.1,30.1,26.5,26.5,[26.5],,30.1,27.0,26.0
2023-06-05 05:45:00,26.1,8.379999999999999,29.9,29.9,29.9,26.7,26.7,[26.7],,29.9,27.0,26.0
2023-06-05 05:50:00,26.0,8.379999999999999,29.7,29.7,29.7,26.9,26.9,[26.9],,29.7,28.0,26.0
2023-06-05 05:55:00,26.0,8.41,29.7,29.7,29.7,27.1,27.1,[27.1],,29.7,29.0,26.0
2023-06-05 06:00:00,26.0,8.41,29.9,29.9,29.9,27.3,27.3,[27.3],,29.9,29.0,26.0
2023-06-05 06:05:00,26.0,8.41,30.2,30.2,30.2,27.3,27.3,[27.3],,30.2,29.0,26.0
2023-06-05 06:10:00,26.0,8.379999999999999,30.4,30.4,30.4,27.0,27.0,[27.0],,30.4,27.0,26.0
2023-06-05 06:15:00,26.0,8.379999999999999,30.5,30.5,30.5,26.8,26.8,[26.8],,30.5,26.0,26.0
2023-06-05 06:20:00,26.0,8.379999999999999,30.3,30.3,30.3,26.6,26.6,[26.6],,30.3,26.0,26.0
2023-06-05 06:25:00,26.0,8.379999999999999,29.9,29.9,29.9,26.5,26.5,[26.5],,29.9,26.0,26.0
2023-06-05 06:30:00,26.0,8.379999999999999,29.9,29.9,29.9,26.5,26.5,[26.5],,29.9,27.0,26.0
2023-06-05 06:35:00,26.0,8.379999999999999,29.7,29.7,29.7,26.8,26.8,[26.8],,29.7,28.0,26.0
2023-06-05 06:40:00,26.0,8.41,29.7,29.7,29.7,27.0,27.0,[27.0],,29.7,29.0,26.0
2023-06-05 06:45:00,26.0,8.41,29.9,29.9,29.9,27.2,27.2,[27.2],,29.9,29.0,26.0
2023-06-05 06:50:00,26.0,8.41,30.1,30.1,30.1,27.3,27.3,[27.3],,30.1,28.0,26.0
2023-06-05 06:55:00,26.1,8.379999999999999,30.5,30.5,30.5,27.0,27.0,[27.0],,30.5,27.0,26.0
2023-06-05 07:00:00,26.1,8.379999999999999,30.4,30.4,30.4,26.8,26.8,[26.8],,30.4,26.0,26.0
2023-06-05 07:05:00,26.3,8.379999999999999,30.4,30.4,30.4,26.6,26.6,[26.6],,30.4,26.0,26.0
2023-06-05 07:10:00,26.3,8.379999999999999,30.1,30.1,30.1,26.5,26.5,[26.5],,30.1,27.0,26.0
2023-06-05 07:15:00,26.3,8.379999999999999,29.9,29.9,29.9,26.6,26.6,[26.6],,29.9,27.0,26.0
2023-06-05 07:20:00,26.2,8.379999999999999,29.8,29.8,29.8,26.9,26.9,[26.9],,29.8,28.0,26.0
2023-06-05 07:25:00,26.2,8.379999999999999,29.7,29.7,29.7,27.1,27.1,[27.1],,29.7,28.0,26.0
2023-06-05 07:30:00,26.2,8.41,29.9,29.9,29.9,27.3,27.3,[27.3],,29.9,29.0,26.0
2023-06-05 07:35:00,26.2,8.41,30.4,30.4,30.4,27.2,27.2,[27.2],,30.4,27.0,26.0
2023-06-05 07:40:00,26.2,8.41,30.4,30.4,30.4,27.0,27.0,[27.0],,30.4,27.0,26.0
2023-06-05 07:45:00,26.3,8.379999999999999,30.4,30.4,30.4,26.8,26.8,[26.8],,30.4,26.0,26.0
2023-06-05 07:50:00,26.4,8.379999999999999,30.1,30.1,30.1,26.6,26.6,[26.6],,30.1,26.0,26.0
2023-06-05 07:55:00,26.4,8.379999999999999,29.9,29.9,29.9,26.5,26.5,[26.5],,29.9,26.0,26.0
2023-06-05 08:00:00,26.4,8.379999999999999,29.7,29.7,29.7,26.6,26.6,[26.6],,29.7,27.0,26.0
2023-06-05 08:05:00,26.4,8.379999999999999,29.7,29.7,29.7,26.8,26.8,[26.8],,29.7,28.0,26.0
2023-06-05 08:10:00,26.5,8.41,29.7,29.7,29.7,27.1,27.1,[27.1],,29.7,29.0,26.0
2023-06-05 08:15:00,26.5,8.41,29.9,29.9,29.9,27.3,27.3,[27.3],,29.9,29.0,26.0
2023-06-05 08:20:00,26.6,8.41,30.1,30.1,30.1,27.3,27.3,[27.3],,30.1,28.0,26.0
2023-06-05 08:25:00,26.6,8.41,30.4,30.4,30.4,27.0,27.0,[27.0],,30.4,27.0,26.0
2023-06-05 08:30:00,26.7,8.379999999999999,30.4,30.4,30.4,26.8,26.8,[26.8],,30.4,26.0,26.0
2023-06-05 08:35:00,26.7,8.379999999999999,30.2,30.2,30.2,26.6,26.6,[26.6],,30.2,26.0,26.0
2023-06-05 08:40:00,26.8,8.379999999999999,30.2,30.2,30.2,26.5,26.5,[26.5],,30.2,27.0,26.0
2023-06-05 08:45:00,26.8,8.41,29.9,29.9,29.9,26.6,26.6,[26.6],,29.9,27.0,26.0
2023-06-05 08:50:00,26.8,8.379999999999999,29.8,29.8,29.8,26.8,26.8,[26.8],,29.8,28.0,26.0
2023-06-05 08:55:00,27.0,8.41,29.8,29.8,29.8,27.1,27.1,[27.1],,29.8,29.0,26.0
2023-06-05 09:00:00,27.0,8.41,30.2,30.2,30.2,27.3,27.3,[27.3],,30.2,29.0,26.0
2023-06-05 09:05:00,27.2,8.41,30.2,30.2,30.2,27.3,27.3,[27.3],,30.2,28.0,26.0
2023-06-05 09:10:00,27.2,8.379999999999999,30.4,30.4,30.4,27.1,27.1,[27.1],,30.4,27.0,26.0
2023-06-05 09:15:00,27.2,8.379999999999999,30.4,30.4,30.4,26.9,26.9,[26.9],,30.4,26.0,26.0
2023-06-05 09:20:00,27.3,8.379999999999999,30.4,30.4,30.4,26.7,26.7,[26.7],,30.4,26.0,26.0
2023-06-05 09:25:00,27.3,8.379999999999999,30.2,30.2,30.2,26.5,26.5,[26.5],,30.2,26.0,26.0
2023-06-05 09:30:00,27.4,8.379999999999999,29.8,29.8,29.8,26.5,26.5,[26.5],,29.8,27.0,26.0
2023-06-05 09:35:00,27.5,8.379999999999999,29.7,29.7,29.7,26.7,26.7,[26.7],,29.7,28.0,26.0
2023-06-05 09:40:00,27.5,8.41,29.8,29.8,29.8,27.0,27.0,[27.0],,29.8,28.0,26.0
2023-06-05 09:45:00,27.7,8.41,29.8,29.8,29.8,27.2,27.2,[27.2],,29.8,29.0,26.0
2023-06-05 09:50:00,27.8,8.41,30.3,30.3,30.3,27.3,27.3,[27.3],,30.3,28.0,26.0
2023-06-05 09:55:00,28.0,8.41,30.4,30.4,30.4,27.0,27.0,[27.0],,30.4,27.0,26.0
2023-06-05 10:00:00,28.2,8.379999999999999,30.4,30.4,30.4,26.8,26.8,[26.8],,30.4,26.0,26.0
2023-06-05 10:05:00,28.2,8.379999999999999,30.4,30.4,30.4,26.7,26.7,[26.7],,30.4,26.0,26.0
2023-06-05 10:10:00,28.4,8.379999999999999,30.0,30.0,30.0,26.5,26.5,[26.5],,30.0,26.0,26.0
2023-06-05 10:15:00,28.5,8.379999999999999,30.0,30.0,30.0,26.5,26.5,[26.5],,30.0,27.0,26.0
2023-06-05 10:20:00,28.6,8.379999999999999,29.7,29.7,29.7,26.6,26.6,[26.6],,29.7,27.0,26.0
2023-06-05 10:25:00,28.5,8.41,29.7,29.7,29.7,26.9,26.9,[26.9],,29.7,28.0,26.0
2023-06-05 10:30:00,28.6,8.41,29.9,29.9,29.9,27.1,27.1,[27.1],,29.9,29.0,26.0
2023-06-05 10:35:00,28.5,8.41,29.9,29.9,29.9,27.3,27.3,[27.3],,29.9,29.0,26.0
2023-06-05 10:40:00,28.9,8.41,30.5,30.5,30.5,27.3,27.3,[27.3],,30.5,27.0,26.0
2023-06-05 10:45:00,29.1,8.379999999999999,30.5,30.5,30.5,27.0,27.0,[27.0],,30.5,27.0,26.0
2023-06-05 10:50:00,29.1,8.379999999999999,30.5,30.5,30.5,26.8,26.8,[26.8],,30.5,26.0,26.0
2023-06-05 10:55:00,29.1,8.379999999999999,30.2,30.2,30.2,26.6,26.6,[26.6],,30.2,26.0,26.0
2023-06-05 11:00:00,28.9,8.379999999999999,29.9,29.9,29.9,26.5,26.5,[26.5],,29.9,26.0,26.0
2023-06-05 11:05:00,29.1,8.379999999999999,29.9,29.9,29.9,26.5,26.5,[26.5],,29.9,27.0,26.0
2023-06-05 11:10:00,29.1,8.379999999999999,29.6,29.6,29.6,26.6,26.6,[26.6],,29.6,28.0,26.0
2023-06-05 11:15:00,29.4,8.41,29.6,29.6,29.6,26.9,26.9,[26.9],,29.6,28.0,26.0
2023-06-05 11:20:00,29.6,8.41,29.9,29.9,29.9,27.1,27.1,[27.1],,29.9,29.0,26.0
2023-06-05 11:25:00,29.6,8.41,30.1,30.1,30.1,27.3,27.3,[27.3],,30.1,29.0,26.0
2023-06-05 11:30:00,29.6,8.41,30.4,30.4,30.4,27.2,27.2,[27.2],,30.4,27.0,26.0
2023-06-05 11:35:00,29.4,8.379999999999999,30.4,30.4,30.4,27.0,27.0,[27.0],,30.4,27.0,26.0
2023-06-05 11:40:00,29.4,8.379999999999999,30.4,30.4,30.4,26.8,26.8,[26.8],,30.4,26.0,26.0
2023-06-05 11:45:00,29.5,8.379999999999999,30.3,30.3,30.3,26.6,26.6,[26.6],,30.3,26.0,26.0
2023-06-05 11:50:00,29.7,8.379999999999999,29.9,29.9,29.9,26.4,26.4,[26.4],,29.9,26.0,26.0
2023-06-05 11:55:00,29.9,8.379999999999999,29.9,29.9,29.9,26.5,26.5,[26.5],,29.9,27.0,26.0
2023-06-05 12:00:00,29.9,8.379999999999999,29.7,29.7,29.7,26.7,26.7,[26.7],,29.7,28.0,26.0
2023-06-05 12:05:00,30.3,8.41,29.8,29.8,29.8,27.0,27.0,[27.0],,29.8,28.0,26.0
2023-06-05 12:10:00,30.3,8.41,29.8,29.8,29.8,27.2,27.2,[27.2],,29.8,29.0,26.0
2023-06-05 12:15:00,30.4,8.41,30.3,30.3,30.3,27.3,27.3,[27.3],,30.3,28.0,26.0
2023-06-05 12:20:00,30.3,8.41,30.3,30.3,30.3,27.2,27.2,[27.2],,30.3,27.0,26.0
2023-06-05 12:25:00,30.2,8.379999999999999,30.4,30.4,30.4,26.9,26.9,[26.9],,30.4,27.0,26.0
2023-06-05 12:30:00,30.0,8.379999999999999,30.3,30.3,30.3,26.7,26.7,[26.7],,30.3,26.0,26.0
2023-06-05 12:35:00,30.0,8.379999999999999,30.3,30.3,30.3,26.6,26.6,[26.6],,30.3,26.0,26.0
2023-06-05 12:40:00,29.8,8.379999999999999,29.8,29.8,29.8,26.5,26.5,[26.5],,29.8,26.0,26.0
2023-06-05 12:45:00,29.5,8.379999999999999,29.8,29.8,29.8,26.4,26.4,[26.4],,29.8,27.0,26.0
2023-06-05 12:50:00,29.6,8.379999999999999,29.6,29.6,29.6,26.5,26.5,[26.5],,29.6,27.0,26.0
2023-06-05 12:55:00,30.0,8.41,29.6,29.6,29.6,26.7,26.7,[26.7],,29.6,28.0,26.0
2023-06-05 13:00:00,30.0,8.41,29.6,29.6,29.6,27.0,27.0,[27.0],,29.6,29.0,26.0
2023-06-05 13:05:00,30.4,8.41,30.0,30.0,30.0,27.2,27.2,[27.2],,30.0,29.0,26.0
2023-06-05 13:10:00,30.7,8.35,30.0,30.0,30.0,27.3,27.3,[27.3],,30.0,28.0,26.0
2023-06-05 13:15:00,30.5,8.41,30.4,30.4,30.4,27.0,27.0,[27.0],,30.4,27.0,26.0
2023-06-05 13:20:00,30.4,8.379999999999999,30.4,30.4,30.4,26.8,26.8,[26.8],,30.4,27.0,26.0
2023-06-05 13:25:00,30.1,8.379999999999999,30.4,30.4,30.4,26.7,26.7,[26.7],,30.4,26.0,26.0
2023-06-05 13:30:00,29.7,8.379999999999999,30.0,30.0,30.0,26.5,26.5,[26.5],,30.0,26.0,26.0
2023-06-05 13:35:00,29.9,8.379999999999999,30.0,30.0,30.0,26.5,26.5,[26.5],,30.0,26.0,26.0
2023-06-05 13:40:00,29.6,8.379999999999999,29.6,29.6,29.6,26.4,26.4,[26.4],,29.6,27.0,26.0
2023-06-05 13:45:00,29.4,8.41,29.6,29.6,29.6,26.6,26.6,[26.6],,29.6,28.0,26.0
2023-06-05 13:50:00,29.3,8.41,29.5,29.5,29.5,26.8,26.8,[26.8],,29.5,28.0,26.0
2023-06-05 13:55:00,29.3,8.41,29.9,29.9,29.9,27.1,27.1,[27.1],,29.9,29.0,26.0
2023-06-05 14:00:00,29.2,8.41,30.1,30.1,30.1,27.3,27.3,[27.3],,30.1,29.0,26.0
2023-06-05 14:05:00,29.2,8.379999999999999,30.1,30.1,30.1,27.2,27.2,[27.2],,30.1,27.0,26.0
2023-06-05 14:10:00,29.1,8.41,30.4,30.4,30.4,27.0,27.0,[27.0],,30.4,27.0,26.0
2023-06-05 14:15:00,29.2,8.379999999999999,30.3,30.3,30.3,26.8,26.8,[26.8],,30.3,26.0,26.0
2023-06-05 14:20:00,29.2,8.379999999999999,30.3,30.3,30.3,26.6,26.6,[26.6],,30.3,26.0,26.0
2023-06-05 14:25:00,29.2,8.379999999999999,30.1,30.1,30.1,26.5,26.5,[26.5],,30.1,26.0,26.0
2023-06-05 14:30:00,29.1,8.379999999999999,29.9,29.9,29.9,26.4,26.4,[26.4],,29.9,26.0,26.0
2023-06-05 14:35:00,29.0,8.35,29.7,29.7,29.7,26.5,26.5,[26.5],,29.7,27.0,26.0
2023-06-05 14:40:00,29.2,8.379999999999999,,,,26.7,26.7,[26.7],,,28.0,26.0
2023-06-05 14:45:00,29.3,8.41,29.5,29.5,29.5,26.9,26.9,[26.9],,29.5,28.0,26.0
2023-06-05 14:50:00,29.1,8.41,29.6,29.6,29.6,27.1,27.1,[27.1],,29.6,29.0,26.0
2023-06-05 14:55:00,29.2,8.41,29.9,29.9,29.9,27.3,27.3,[27.3],,29.9,28.0,26.0
2023-06-05 15:00:00,29.1,8.41,30.2,30.2,30.2,27.1,27.1,[27.1],,30.2,27.0,26.0
2023-06-05 15:05:00,29.3,8.379999999999999,30.4,30.4,30.4,26.8,26.8,[26.8],,30.4,27.0,26.0
2023-06-05 15:10:00,29.2,8.379999999999999,30.4,30.4,30.4,26.7,26.7,[26.7],,30.4,26.0,26.0
2023-06-05 15:15:00,29.2,8.379999999999999,30.0,30.0,30.0,26.5,26.5,[26.5],,30.0,26.0,26.0
2023-06-05 15:20:00,29.7,8.379999999999999,30.0,30.0,30.0,26.5,26.5,[26.5],,30.0,26.0,26.0
2023-06-05 15:25:00,30.5,8.379999999999999,29.8,29.8,29.8,26.4,26.4,[26.4],,29.8,27.0,26.0
2023-06-05 15:30:00,30.8,8.379999999999999,29.6,29.6,29.6,26.6,26.6,[26.6],,29.6,28.0,26.0
2023-06-05 15:35:00,30.8,8.41,29.6,29.6,29.6,26.9,26.9,[26.9],,29.6,28.0,26.0
2023-06-05 15:40:00,31.0,8.41,29.7,29.7,29.7,27.1,27.1,[27.1],,29.7,29.0,26.0
2023-06-05 15:45:00,31.1,8.41,30.2,30.2,30.2,27.3,27.3,[27.3],,30.2,28.0,26.0
2023-06-05 15:50:00,31.0,8.41,30.2,30.2,30.2,27.1,27.1,[27.1],,30.2,27.0,26.0
2023-06-05 15:55:00,30.5,8.379999999999999,30.4,30.4,30.4,26.9,26.9,[26.9],,30.4,27.0,26.0
2023-06-05 16:00:00,30.0,8.379999999999999,30.2,30.2,30.2,26.7,26.7,[26.7],,30.2,26.0,26.0
2023-06-05 16:05:00,29.8,8.379999999999999,30.0,30.0,30.0,26.6,26.6,[26.6],,30.0,26.0,26.0
2023-06-05 16:10:00,29.6,8.379999999999999,29.8,29.8,29.8,26.5,26.5,[26.5],,29.8,26.0,26.0
2023-06-05 16:15:00,29.5,8.379999999999999,29.6,29.6,29.6,26.5,26.5,[26.5],,29.6,27.0,26.0
2023-06-05 16:20:00,29.4,8.379999999999999,29.6,29.6,29.6,26.6,26.6,[26.6],,29.6,28.0,26.0
2023-06-05 16:25:00,29.3,8.379999999999999,29.6,29.6,29.6,26.8,26.8,[26.8],,29.6,28.0,26.0
2023-06-05 16:30:00,29.2,8.41,29.8,29.8,29.8,27.1,27.1,[27.1],,29.8,28.0,26.0
2023-06-05 16:35:00,29.2,8.41,29.8,29.8,29.8,27.3,27.3,[27.3],,29.8,29.0,26.0
2023-06-05 16:40:00,29.2,8.41,30.1,30.1,30.1,27.3,27.3,[27.3],,30.1,27.0,26.0
2023-06-05 16:45:00,29.2,8.379999999999999,30.4,30.4,30.4,27.0,27.0,[27.0],,30.4,27.0,26.0
2023-06-05 16:50:00,29.2,8.41,30.3,30.3,30.3,26.8,26.8,[26.8],,30.3,26.0,26.0
2023-06-05 16:55:00,29.6,8.379999999999999,30.3,30.3,30.3,26.6,26.6,[26.6],,30.3,26.0,26.0
2023-06-05 17:00:00,29.7,8.379999999999999,30.2,30.2,30.2,26.5,26.5,[26.5],,30.2,26.0,26.0
2023-06-05 17:05:00,29.7,8.379999999999999,30.0,30.0,30.0,26.4,26.4,[26.4],,30.0,26.0,26.0
2023-06-05 17:10:00,29.8,8.41,29.7,29.7,29.7,26.5,26.5,[26.5],,29.7,27.0,26.0
2023-06-05 17:15:00,29.8,8.379999999999999,29.6,29.6,29.6,26.7,26.7,[26.7],,29.6,28.0,26.0
2023-06-05 17:20:00,29.8,8.41,29.7,29.7,29.7,27.0,27.0,[27.0],,29.7,28.0,26.0
2023-06-05 17:25:00,29.7,8.41,29.7,29.7,29.7,27.2,27.2,[27.2],,29.7,29.0,26.0
2023-06-05 17:30:00,29.5,8.41,30.0,30.0,30.0,27.3,27.3,[27.3],,30.0,28.0,26.0
2023-06-05 17:35:00,29.4,8.41,30.3,30.3,30.3,27.0,27.0,[27.0],,30.3,27.0,26.0
2023-06-05 17:40:00,29.4,8.379999999999999,30.4,30.4,30.4,26.9,26.9,[26.9],,30.4,27.0,26.0
2023-06-05 17:45:00,29.3,8.379999999999999,30.2,30.2,30.2,26.7,26.7,[26.7],,30.2,26.0,26.0
2023-06-05 17:50:00,29.3,8.379999999999999,30.2,30.2,30.2,26.6,26.6,[26.6],,30.2,26.0,26.0
2023-06-05 17:55:00,29.3,8.379999999999999,30.0,30.0,30.0,26.5,26.5,[26.5],,30.0,26.0,26.0
2023-06-05 18:00:00,29.2,8.379999999999999,29.8,29.8,29.8,26.5,26.5,[26.5],,29.8,27.0,26.0
2023-06-05 18:05:00,29.3,8.379999999999999,29.6,29.6,29.6,26.6,26.6,[26.6],,29.6,27.0,26.0
2023-06-05 18:10:00,29.2,8.41,29.6,29.6,29.6,26.8,26.8,[26.8],,29.6,28.0,26.0
2023-06-05 18:15:00,29.2,8.41,29.6,29.6,29.6,27.1,27.1,[27.1],,29.6,29.0,26.0
2023-06-05 18:20:00,29.1,8.41,29.8,29.8,29.8,27.3,27.3,[27.3],,29.8,,
2023-06-05 18:25:00,29.2,8.379999999999999,30.3,30.3,30.3,27.1,27.1,[27.1],,30.3,27.0,26.0
2023-06-05 18:30:00,29.1,8.379999999999999,30.3,30.3,30.3,26.9,26.9,[26.9],,30.3,27.0,26.0
2023-06-05 18:35:00,29.3,8.379999999999999,30.2,30.2,30.2,26.7,26.7,[26.7],,30.2,27.0,26.0
2023-06-05 18:40:00,29.6,8.379999999999999,30.2,30.2,30.2,26.6,26.6,[26.6],,30.2,26.0,26.0
2023-06-05 18:45:00,29.6,8.379999999999999,30.0,30.0,30.0,26.4,26.4,[26.4],,30.0,26.0,26.0
2023-06-05 18:50:00,29.6,8.379999999999999,29.8,29.8,29.8,26.4,26.4,[26.4],,29.8,26.0,26.0
2023-06-05 18:55:00,29.6,8.379999999999999,29.6,29.6,29.6,26.6,26.6,[26.6],,29.6,28.0,26.0
2023-06-05 19:00:00,29.6,8.379999999999999,29.5,29.5,29.5,26.8,26.8,[26.8],,29.5,28.0,26.0
2023-06-05 19:05:00,29.6,8.41,29.6,29.6,29.6,27.1,27.1,[27.1],,29.6,29.0,26.0
2023-06-05 19:10:00,29.5,8.41,29.8,29.8,29.8,27.3,27.3,[27.3],,29.8,29.0,26.0
2023-06-05 19:15:00,29.5,8.41,30.4,30.4,30.4,27.2,27.2,[27.2],,30.4,27.0,26.0
2023-06-05 19:20:00,29.4,8.379999999999999,30.4,30.4,30.4,27.0,27.0,[27.0],,30.4,27.0,26.0
2023-06-05 19:25:00,29.4,8.379999999999999,30.4,30.4,30.4,26.7,26.7,[26.7],,30.4,26.0,26.0
2023-06-05 19:30:00,29.3,8.379999999999999,30.3,30.3,30.3,26.6,26.6,[26.6],,30.3,26.0,26.0
2023-06-05 19:35:00,29.3,8.379999999999999,30.1,30.1,30.1,26.5,26.5,[26.5],,30.1,26.0,26.0
2023-06-05 19:40:00,29.3,8.379999999999999,29.7,29.7,29.7,26.4,26.4,[26.4],,29.7,26.0,26.0
2023-06-05 19:45:00,29.4,8.379999999999999,29.6,29.6,29.6,26.6,26.6,[26.6],,29.6,27.0,26.0
2023-06-05 19:50:00,29.4,8.41,29.6,29.6,29.6,26.8,26.8,[26.8],,29.6,28.0,26.0
2023-06-05 19:55:00,29.4,8.41,29.6,29.6,29.6,27.0,27.0,[27.0],,29.6,29.0,26.0
2023-06-05 20:00:00,29.4,8.41,30.0,30.0,30.0,27.3,27.3,[27.3],,30.0,29.0,26.0
2023-06-05 20:05:00,29.4,8.41,30.0,30.0,30.0,27.4,27.4,[27.4],,30.0,28.0,26.0
2023-06-05 20:10:00,29.4,8.41,30.3,30.3,30.3,27.1,27.1,[27.1],,30.3,27.0,26.0
2023-06-05 20:15:00,29.3,8.379999999999999,30.4,30.4,30.4,26.9,26.9,[26.9],,30.4,27.0,26.0
2023-06-05 20:20:00,29.3,8.379999999999999,30.4,30.4,30.4,26.7,26.7,[26.7],,30.4,26.0,26.0
2023-06-05 20:25:00,29.3,8.379999999999999,30.0,30.0,30.0,26.5,26.5,[26.5],,30.0,26.0,26.0
2023-06-05 20:30:00,29.2,8.379999999999999,29.8,29.8,29.8,26.5,26.5,[26.5],,29.8,26.0,26.0
2023-06-05 20:35:00,29.2,8.379999999999999,29.8,29.8,29.8,26.4,26.4,[26.4],,29.8,27.0,26.0
2023-06-05 20:40:00,29.2,8.379999999999999,29.6,29.6,29.6,26.6,26.6,[26.6],,29.6,27.0,26.0
2023-06-05 20:45:00,29.2,8.379999999999999,29.6,29.6,29.6,26.9,26.9,[26.9],,29.6,28.0,26.0
2023-06-05 20:50:00,29.1,8.41,29.6,29.6,29.6,27.1,27.1,[27.1],,29.6,29.0,26.0
2023-06-05 20:55:00,29.1,8.41,30.1,30.1,30.1,27.3,27.3,[27.3],,30.1,29.0,26.0
2023-06-05 21:00:00,29.1,8.41,30.3,30.3,30.3,27.3,27.3,[27.3],,30.3,27.0,26.0
2023-06-05 21:05:00,29.1,8.379999999999999,30.4,30.4,30.4,27.0,27.0,[27.0],,30.4,27.0,26.0
2023-06-05 21:10:00,29.0,8.379999999999999,30.4,30.4,30.4,26.9,26.9,[26.9],,30.4,26.0,26.0
2023-06-05 21:15:00,29.0,8.379999999999999,30.3,30.3,30.3,26.7,26.7,[26.7],,30.3,26.0,26.0
2023-06-05 21:20:00,29.0,8.379999999999999,30.2,30.2,30.2,26.6,26.6,[26.6],,30.2,26.0,26.0
2023-06-05 21:25:00,28.9,8.379999999999999,,,,26.5,26.5,[26.5],,,26.0,26.0
2023-06-05 21:30:00,28.9,8.379999999999999,29.7,29.7,29.7,26.5,26.5,[26.5],,29.7,27.0,26.0
2023-06-05 21:35:00,28.9,8.379999999999999,29.6,29.6,29.6,26.7,26.7,[26.7],,29.6,28.0,26.0
2023-06-05 21:40:00,28.9,8.41,29.6,29.6,29.6,27.0,27.0,[27.0],,29.6,28.0,26.0
2023-06-05 21:45:00,28.9,8.41,29.6,29.6,29.6,27.2,27.2,[27.2],,29.6,29.0,26.0
2023-06-05 21:50:00,28.9,8.41,30.2,30.2,30.2,27.4,27.4,[27.4],,30.2,28.0,26.0
2023-06-05 21:55:00,28.9,8.41,30.4,30.4,30.4,27.2,27.2,[27.2],,30.4,27.0,26.0
2023-06-05 22:00:00,28.8,8.379999999999999,30.4,30.4,30.4,26.9,26.9,[26.9],,30.4,27.0,26.0
2023-06-05 22:05:00,28.8,8.379999999999999,30.4,30.4,30.4,26.8,26.8,[26.8],,30.4,26.0,26.0
2023-06-05 22:10:00,28.8,8.379999999999999,30.0,30.0,30.0,26.6,26.6,[26.6],,30.0,26.0,26.0
2023-06-05 22:15:00,28.7,8.379999999999999,29.8,29.8,29.8,26.5,26.5,[26.5],,29.8,26.0,26.0
2023-06-05 22:20:00,28.7,8.379999999999999,29.8,29.8,29.8,26.5,26.5,[26.5],,29.8,27.0,26.0
2023-06-05 22:25:00,28.7,8.379999999999999,29.6,29.6,29.6,26.6,26.6,[26.6],,29.6,27.0,26.0
2023-06-05 22:30:00,28.7,8.41,29.6,29.6,29.6,26.9,26.9,[26.9],,29.6,28.0,26.0
2023-06-05 22:35:00,28.7,8.41,29.6,29.6,29.6,27.1,27.1,[27.1],,29.6,29.0,26.0
2023-06-05 22:40:00,28.7,8.41,30.0,30.0,30.0,27.3,27.3,[27.3],,30.0,29.0,26.0
2023-06-05 22:45:00,28.7,8.41,30.0,30.0,30.0,27.4,27.4,[27.4],,30.0,28.0,26.0
2023-06-05 22:50:00,28.6,8.379999999999999,30.4,30.4,30.4,27.2,27.2,[27.2],,30.4,27.0,26.0
2023-06-05 22:55:00,28.6,8.41,30.4,30.4,30.4,26.9,26.9,[26.9],,30.4,27.0,26.0
2023-06-05 23:00:00,28.6,8.379999999999999,30.4,30.4,30.4,26.7,26.7,[26.7],,30.4,26.0,26.0
2023-06-05 23:05:00,28.6,8.379999999999999,30.2,30.2,30.2,26.6,26.6,[26.6],,30.2,26.0,26.0
2023-06-05 23:10:00,28.5,8.379999999999999,30.0,30.0,30.0,26.5,26.5,[26.5],,30.0,26.0,26.0
2023-06-05 23:15:00,28.5,8.32,29.8,29.8,29.8,26.5,26.5,[26.5],,29.8,27.0,26.0
2023-06-05 23:20:00,28.5,8.379999999999999,29.6,29.6,29.6,26.7,26.7,[26.7],,29.6,27.0,26.0
2023-06-05 23:25:00,28.4,8.379999999999999,29.6,29.6,29.6,26.9,26.9,[26.9],,29.6,28.0,26.0
2023-06-05 23:30:00,28.5,8.41,29.9,29.9,29.9,27.2,27.2,[27.2],,29.9,29.0,26.0
2023-06-05 23:35:00,28.5,8.41,29.9,29.9,29.9,27.3,27.3,[27.3],,29.9,29.0,26.0
2023-06-05 23:40:00,28.5,8.41,30.1,30.1,30.1,27.4,27.4,[27.4],,30.1,27.0,26.0
2023-06-05 23:45:00,28.5,8.379999999999999,30.4,30.4,30.4,27.1,27.1,[27.1],,30.4,27.0,26.0
2023-06-05 23:50:00,28.5,8.379999999999999,30.5,30.5,30.5,26.9,26.9,[26.9],,30.5,27.0,26.0
2023-06-05 23:55:00,28.4,8.379999999999999,30.2,30.2,30.2,26.7,26.7,[26.7],,30.2,26.0,26.0
2023-06-06 00:00:00,28.3,8.379999999999999,30.2,30.2,30.2,26.6,26.6,[26.6],,30.2,26.0,26.0
2023-06-06 00:05:00,28.3,8.379999999999999,29.7,29.7,29.7,26.5,26.5,[26.5],,29.7,27.0,26.0
2023-06-06 00:10:00,28.3,8.379999999999999,29.6,29.6,29.6,26.7,26.7,[26.7],,29.6,27.0,26.0
2023-06-06 00:15:00,28.3,8.379999999999999,29.6,29.6,29.6,26.8,26.8,[26.8],,29.6,28.0,26.0
2023-06-06 00:20:00,28.3,8.41,29.6,29.6,29.6,27.1,27.1,[27.1],,29.6,29.0,26.0
2023-06-06 00:25:00,28.3,8.41,29.8,29.8,29.8,27.3,27.3,[27.3],,29.8,29.0,26.0
2023-06-06 00:30:00,28.3,8.41,30.3,30.3,30.3,27.3,27.3,[27.3],,30.3,27.0,26.0
2023-06-06 00:35:00,28.3,8.379999999999999,30.3,30.3,30.3,27.1,27.1,[27.1],,30.3,27.0,26.0
2023-06-06 00:40:00,28.3,8.379999999999999,30.4,30.4,30.4,26.9,26.9,[26.9],,30.4,26.0,26.0
2023-06-06 00:45:00,28.3,8.379999999999999,30.3,30.3,30.3,26.7,26.7,[26.7],,30.3,26.0,26.0
2023-06-06 00:50:00,28.3,8.379999999999999,29.9,29.9,29.9,26.6,26.6,[26.6],,29.9,26.0,26.0
2023-06-06 00:55:00,28.3,8.379999999999999,29.7,29.7,29.7,26.6,26.6,[26.6],,29.7,27.0,26.0
2023-06-06 01:00:00,28.2,8.379999999999999,29.7,29.7,29.7,26.7,26.7,[26.7],,29.7,28.0,26.0
2023-06-06 01:05:00,28.2,8.379999999999999,29.7,29.7,29.7,26.9,26.9,[26.9],,29.7,28.0,26.0
2023-06-06 01:10:00,28.0,8.41,29.9,29.9,29.9,27.2,27.2,[27.2],,29.9,29.0,26.0
2023-06-06 01:15:00,28.0,8.41,30.2,30.2,30.2,27.4,27.4,[27.4],,30.2,29.0,26.0
2023-06-06 01:20:00,28.0,8.379999999999999,30.2,30.2,30.2,27.3,27.3,[27.3],,30.2,27.0,26.0
2023-06-06 01:25:00,28.0,8.379999999999999,30.4,30.4,30.4,27.1,27.1,[27.1],,30.4,27.0,26.0
2023-06-06 01:30:00,28.0,8.379999999999999,30.4,30.4,30.4,26.8,26.8,[26.8],,30.4,26.0,26.0
2023-06-06 01:35:00,28.0,8.379999999999999,30.1,30.1,30.1,26.7,26.7,[26.7],,30.1,26.0,26.0
2023-06-06 01:40:00,28.0,8.379999999999999,29.9,29.9,29.9,26.6,26.6,[26.6],,29.9,26.0,26.0
2023-06-06 01:45:00,28.0,8.379999999999999,29.9,29.9,29.9,26.6,26.6,[26.6],,29.9,27.0,26.0
2023-06-06 01:50:00,28.0,8.379999999999999,29.7,29.7,29.7,26.8,26.8,[26.8],,29.7,28.0,26.0
2023-06-06 01:55:00,28.0,8.41,29.7,29.7,29.7,27.0,27.0,[27.0],,29.7,28.0,26.0
2023-06-06 02:00:00,28.1,8.41,30.0,30.0,30.0,27.3,27.3,[27.3],,30.0,29.0,26.0
2023-06-06 02:05:00,28.2,8.41,30.0,30.0,30.0,27.4,27.4,[27.4],,30.0,28.0,26.0
2023-06-06 02:10:00,28.3,8.41,30.3,30.3,30.3,27.2,27.2,[27.2],,30.3,27.0,26.0
2023-06-06 02:15:00,28.3,8.379999999999999,30.4,30.4,30.4,26.9,26.9,[26.9],,30.4,27.0,26.0
2023-06-06 02:20:00,28.3,8.379999999999999,30.2,30.2,30.2,26.7,26.7,[26.7],,30.2,26.0,26.0
2023-06-06 02:25:00,28.3,8.379999999999999,30.2,30.2,30.2,26.6,26.6,[26.6],,30.2,26.0,26.0
2023-06-06 02:30:00,28.4,,29.9,29.9,29.9,26.5,26.5,[26.5],,29.9,26.0,26.0
2023-06-06 02:35:00,28.4,8.379999999999999,29.6,29.6,29.6,26.6,26.6,[26.6],,29.6,27.0,26.0
2023-06-06 02:40:00,28.5,8.379999999999999,29.6,29.6,29.6,26.8,26.8,[26.8],,29.6,28.0,26.0
2023-06-06 02:45:00,28.5,8.41,29.8,29.8,29.8,27.1,27.1,[27.1],,29.8,28.0,26.0
2023-06-06 02:50:00,28.5,8.41,30.0,30.0,30.0,27.3,27.3,[27.3],,30.0,29.0,26.0
2023-06-06 02:55:00,28.5,8.41,30.0,30.0,30.0,27.4,27.4,[27.4],,30.0,28.0,26.0
2023-06-06 03:00:00,28.5,8.379999999999999,30.4,30.4,30.4,27.2,27.2,[27.2],,30.4,27.0,26.0
2023-06-06 03:05:00,28.5,8.379999999999999,30.4,30.4,30.4,26.9,26.9,[26.9],,30.4,26.0,26.0
2023-06-06 03:10:00,28.5,8.379999999999999,30.2,30.2,30.2,26.7,26.7,[26.7],,30.2,26.0,26.0
2023-06-06 03:15:00,28.5,8.379999999999999,30.2,30.2,30.2,26.6,26.6,[26.6],,30.2,26.0,26.0
2023-06-06 03:20:00,28.5,8.379999999999999,30.0,30.0,30.0,26.6,26.6,[26.6],,30.0,27.0,26.0
2023-06-06 03:25:00,28.5,8.379999999999999,29.6,29.6,29.6,26.7,26.7,[26.7],,29.6,27.0,26.0
2023-06-06 03:30:00,28.5,8.379999999999999,29.6,29.6,29.6,26.9,26.9,[26.9],,29.6,28.0,26.0
2023-06-06 03:35:00,28.5,8.41,29.7,29.7,29.7,27.1,27.1,[27.1],,29.7,28.0,26.0
2023-06-06 03:40:00,28.5,8.41,29.8,29.8,29.8,27.4,27.4,[27.4],,29.8,29.0,26.0
2023-06-06 03:45:00,28.5,8.41,30.4,30.4,30.4,27.3,27.3,[27.3],,30.4,27.0,26.0
2023-06-06 03:50:00,28.5,8.379999999999999,30.4,30.4,30.4,27.0,27.0,[27.0],,30.4,27.0,26.0
2023-06-06 03:55:00,28.5,8.379999999999999,30.3,30.3,30.3,26.9,26.9,[26.9],,30.3,26.0,26.0
2023-06-06 04:00:00,28.6,8.379999999999999,30.1,30.1,30.1,26.7,26.7,[26.7],,30.1,26.0,26.0
2023-06-06 04:05:00,28.6,8.379999999999999,30.1,30.1,30.1,26.5,26.5,[26.5],,30.1,26.0,26.0
2023-06-06 04:10:00,28.6,8.379999999999999,29.8,29.8,29.8,26.6,26.6,[26.6],,29.8,27.0,26.0
2023-06-06 04:15:00,28.6,8.379999999999999,29.7,29.7,29.7,26.8,26.8,[26.8],,29.7,28.0,26.0
2023-06-06 04:20:00,28.6,8.379999999999999,29.8,29.8,29.8,27.1,27.1,[27.1],,29.8,28.0,26.0
2023-06-06 04:25:00,28.6,8.41,30.0,30.0,30.0,27.3,27.3,[27.3],,30.0,29.0,26.0
2023-06-06 04:30:00,28.5,8.41,30.3,30.3,30.3,27.4,27.4,[27.4],,30.3,28.0,26.0
2023-06-06 04:35:00,28.6,8.379999999999999,30.4,30.4,30.4,27.2,27.2,[27.2],,30.4,27.0,26.0
2023-06-06 04:40:00,28.6,8.379999999999999,30.3,30.3,30.3,27.0,27.0,[27.0],,30.3,26.0,26.0
2023-06-06 04:45:00,28.6,8.379999999999999,30.3,30.3,30.3,26.7,26.7,[26.7],,30.3,26.0,26.0
2023-06-06 04:50:00,28.6,8.379999999999999,30.2,30.2,30.2,26.6,26.6,[26.6],,30.2,26.0,26.0
2023-06-06 04:55:00,28.5,8.379999999999999,29.7,29.7,29.7,26.5,26.5,[26.5],,29.7,27.0,26.0
2023-06-06 05:00:00,28.5,8.379999999999999,29.7,29.7,29.7,26.7,26.7,[26.7],,29.7,28.0,26.0
2023-06-06 05:05:00,28.6,8.379999999999999,29.7,29.7,29.7,27.0,27.0,[27.0],,29.7,28.0,26.0
2023-06-06 05:10:00,28.6,8.41,29.7,29.7,29.7,27.2,27.2,[27.2],,29.7,29.0,26.0
2023-06-06 05:15:00,28.6,8.41,30.2,30.2,30.2,27.4,27.4,[27.4],,30.2,28.0,26.0
2023-06-06 05:20:00,28.6,8.379999999999999,30.4,30.4,30.4,27.2,27.2,[27.2],,30.4,27.0,26.0
2023-06-06 05:25:00,28.5,8.379999999999999,30.4,30.4,30.4,27.0,27.0,[27.0],,30.4,27.0,26.0
2023-06-06 05:30:00,28.6,8.379999999999999,30.2,30.2,30.2,26.8,26.8,[26.8],,30.2,26.0,26.0
2023-06-06 05:35:00,28.6,8.379999999999999,30.2,30.2,30.2,26.6,26.6,[26.6],,30.2,26.0,26.0
2023-06-06 05:40:00,28.6,8.379999999999999,30.0,30.0,30.0,26.5,26.5,[26.5],,30.0,26.0,26.0
2023-06-06 05:45:00,28.5,8.379999999999999,29.7,29.7,29.7,26.7,26.7,[26.7],,29.7,27.0,26.0
2023-06-06 05:50:00,28.5,8.379999999999999,29.7,29.7,29.7,26.9,26.9,[26.9],,29.7,28.0,26.0
2023-06-06 05:55:00,28.5,8.41,29.8,29.8,29.8,27.1,27.1,[27.1],,29.8,29.0,26.0
2023-06-06 06:00:00,28.5,8.41,30.1,30.1,30.1,27.3,27.3,[27.3],,30.1,29.0,26.0
2023-06-06 06:05:00,28.5,8.41,30.4,30.4,30.4,27.3,27.3,[27.3],,30.4,28.0,26.0
2023-06-06 06:10:00,28.5,8.379999999999999,30.4,30.4,30.4,27.1,27.1,[27.1],,30.4,27.0,26.0
2023-06-06 06:15:00,28.5,8.379999999999999,30.4,30.4,30.4,26.8,26.8,[26.8],,30.4,26.0,26.0
2023-06-06 06:20:00,28.5,8.379999999999999,30.1,30.1,30.1,26.7,26.7,[26.7],,30.1,26.0,26.0
2023-06-06 06:25:00,28.5,8.379999999999999,29.9,29.9,29.9,26.5,26.5,[26.5],,29.9,26.0,26.0
2023-06-06 06:30:00,28.5,8.379999999999999,29.9,29.9,29.9,26.6,26.6,[26.6],,29.9,27.0,26.0
2023-06-06 06:35:00,28.5,8.379999999999999,29.7,29.7,29.7,26.8,26.8,[26.8],,29.7,28.0,26.0
2023-06-06 06:40:00,28.6,8.41,29.8,29.8,29.8,27.0,27.0,[27.0],,29.8,28.0,26.0
2023-06-06 06:45:00,28.6,8.41,29.8,29.8,29.8,27.3,27.3,[27.3],,29.8,29.0,26.0
2023-06-06 06:50:00,28.6,8.41,30.0,30.0,30.0,27.4,27.4,[27.4],,30.0,28.0,26.0
2023-06-06 06:55:00,28.6,8.379999999999999,30.3,30.3,30.3,27.2,27.2,[27.2],,30.3,27.0,26.0
2023-06-06 07:00:00,28.7,8.379999999999999,30.4,30.4,30.4,27.0,27.0,[27.0],,30.4,26.0,26.0
2023-06-06 07:05:00,28.7,8.379999999999999,30.2,30.2,30.2,26.8,26.8,[26.8],,30.2,26.0,26.0
2023-06-06 07:10:00,28.7,8.379999999999999,30.0,30.0,30.0,26.6,26.6,[26.6],,30.0,26.0,26.0
2023-06-06 07:15:00,28.7,8.379999999999999,30.0,30.0,30.0,26.5,26.5,[26.5],,30.0,26.0,26.0
2023-06-06 07:20:00,28.7,8.379999999999999,29.6,29.6,29.6,26.6,26.6,[26.6],,29.6,27.0,26.0
2023-06-06 07:25:00,28.8,8.379999999999999,29.6,29.6,29.6,26.8,26.8,[26.8],,29.6,27.0,26.0
2023-06-06 07:30:00,28.8,8.41,29.6,29.6,29.6,27.1,27.1,[27.1],,29.6,28.0,26.0
2023-06-06 07:35:00,28.9,8.41,29.7,29.7,29.7,27.3,27.3,[27.3],,29.7,29.0,26.0
2023-06-06 07:40:00,29.0,8.41,30.0,30.0,30.0,27.4,27.4,[27.4],,30.0,28.0,26.0
2023-06-06 07:45:00,29.0,8.41,30.3,30.3,30.3,27.2,27.2,[27.2],,30.3,27.0,26.0
2023-06-06 07:50:00,29.0,8.379999999999999,30.4,30.4,30.4,26.9,26.9,[26.9],,30.4,26.0,26.0
2023-06-06 07:55:00,29.0,8.379999999999999,30.4,30.4,30.4,26.7,26.7,[26.7],,30.4,26.0,26.0
2023-06-06 08:00:00,29.0,8.379999999999999,30.2,30.2,30.2,26.6,26.6,[26.6],,30.2,26.0,26.0
2023-06-06 08:05:00,29.1,8.379999999999999,29.7,29.7,29.7,26.5,26.5,[26.5],,29.7,27.0,26.0
2023-06-06 08:10:00,29.2,8.379999999999999,29.7,29.7,29.7,26.7,26.7,[26.7],,29.7,27.0,26.0
2023-06-06 08:15:00,29.2,8.379999999999999,29.6,29.6,29.6,26.9,26.9,[26.9],,29.6,28.0,26.0
2023-06-06 08:20:00,29.2,8.41,29.7,29.7,29.7,27.2,27.2,[27.2],,29.7,29.0,26.0
2023-06-06 08:25:00,29.2,8.41,30.1,30.1,30.1,27.4,27.4,[27.4],,30.1,29.0,26.0
2023-06-06 08:30:00,29.3,8.41,30.1,30.1,30.1,27.3,27.3,[27.3],,30.1,27.0,26.0
2023-06-06 08:35:00,29.3,8.41,30.5,30.5,30.5,27.0,27.0,[27.0],,30.5,27.0,26.0
2023-06-06 08:40:00,29.4,8.379999999999999,30.5,30.5,30.5,26.9,26.9,[26.9],,30.5,26.0,26.0
2023-06-06 08:45:00,29.4,8.379999999999999,30.1,30.1,30.1,26.7,26.7,[26.7],,30.1,26.0,26.0
2023-06-06 08:50:00,29.4,8.379999999999999,30.1,30.1,30.1,26.5,26.5,[26.5],,30.1,26.0,26.0
2023-06-06 08:55:00,29.4,8.379999999999999,29.9,29.9,29.9,26.5,26.5,[26.5],,29.9,27.0,26.0
2023-06-06 09:00:00,29.4,8.379999999999999,29.7,29.7,29.7,26.7,26.7,[26.7],,29.7,27.0,26.0
2023-06-06 09:05:00,29.4,8.41,29.6,29.6,29.6,26.9,26.9,[26.9],,29.6,28.0,26.0
2023-06-06 09:10:00,29.5,8.41,29.7,29.7,29.7,27.1,27.1,[27.1],,29.7,29.0,26.0
2023-06-06 09:15:00,29.5,8.41,30.1,30.1,30.1,27.4,27.4,[27.4],,30.1,29.0,26.0
2023-06-06 09:20:00,29.7,8.41,30.1,30.1,30.1,27.3,27.3,[27.3],,30.1,27.0,26.0
2023-06-06 09:25:00,29.7,8.41,30.4,30.4,30.4,27.1,27.1,[27.1],,30.4,27.0,26.0
2023-06-06 09:30:00,29.7,8.379999999999999,30.4,30.4,30.4,26.9,26.9,[26.9],,30.4,26.0,26.0
2023-06-06 09:35:00,29.8,8.379999999999999,30.1,30.1,30.1,26.7,26.7,[26.7],,30.1,26.0,26.0
2023-06-06 09:40:00,29.8,8.379999999999999,29.9,29.9,29.9,26.6,26.6,[26.6],,29.9,26.0,26.0
2023-06-06 09:45:00,29.8,8.379999999999999,29.9,29.9,29.9,26.5,26.5,[26.5],,29.9,26.0,26.0
2023-06-06 09:50:00,30.0,8.379999999999999,29.7,29.7,29.7,26.5,26.5,[26.5],,29.7,27.0,26.0
2023-06-06 09:55:00,30.0,8.379999999999999,29.5,29.5,29.5,26.7,26.7,[26.7],,29.5,28.0,26.0
2023-06-06 10:00:00,30.0,8.41,29.5,29.5,29.5,26.9,26.9,[26.9],,29.5,28.0,26.0
2023-06-06 10:05:00,30.0,8.41,29.6,29.6,29.6,,,,,29.6,29.0,26.0
2023-06-06 10:10:00,30.0,8.41,29.8,29.8,29.8,27.4,27.4,[27.4],,29.8,28.0,26.0
2023-06-06 10:15:00,30.1,8.41,30.1,30.1,30.1,27.2,27.2,[27.2],,30.1,27.0,26.0
2023-06-06 10:20:00,30.1,8.41,30.4,30.4,30.4,27.0,27.0,[27.0],,30.4,27.0,26.0
2023-06-06 10:25:00,30.0,8.41,30.4,30.4,30.4,26.8,26.8,[26.8],,30.4,26.0,26.0
2023-06-06 10:30:00,30.0,8.379999999999999,30.2,30.2,30.2,26.7,26.7,[26.7],,30.2,26.0,26.0
2023-06-06 10:35:00,30.0,8.379999999999999,30.1,30.1,30.1,26.5,26.5,[26.5],,30.1,26.0,26.0
2023-06-06 10:40:00,30.0,8.379999999999999,29.9,29.9,29.9,26.4,26.4,[26.4],,29.9,26.0,26.0
2023-06-06 10:45:00,30.0,8.379999999999999,29.6,29.6,29.6,26.5,26.5,[26.5],,29.6,27.0,26.0
2023-06-06 10:50:00,30.0,8.41,29.6,29.6,29.6,26.8,26.8,[26.8],,29.6,28.0,26.0
2023-06-06 10:55:00,30.0,8.41,29.8,29.8,29.8,27.1,27.1,[27.1],,29.8,29.0,26.0
2023-06-06 11:00:00,29.9,8.41,29.8,29.8,29.8,27.3,27.3,[27.3],,29.8,28.0,26.0
2023-06-06 11:05:00,29.8,8.379999999999999,30.3,30.3,30.3,27.1,27.1,[27.1],,30.3,27.0,26.0
2023-06-06 11:10:00,29.7,8.41,30.4,30.4,30.4,27.0,27.0,[27.0],,30.4,28.0,26.0
2023-06-06 11:15:00,29.7,8.379999999999999,30.4,30.4,30.4,27.0,27.0,[27.0],,30.4,27.0,26.0
2023-06-06 11:20:00,29.7,8.379999999999999,30.4,30.4,30.4,27.0,27.0,[27.0],,30.4,27.0,26.0
2023-06-06 11:25:00,29.7,8.379999999999999,30.3,30.3,30.3,27.0,27.0,[27.0],,30.3,27.0,26.0
2023-06-06 11:30:00,30.0,8.379999999999999,30.3,30.3,30.3,27.0,27.0,[27.0],,30.3,27.0,26.0
2023-06-06 11:35:00,30.0,8.379999999999999,30.3,30.3,30.3,26.9,26.9,[26.9],,30.3,27.0,26.0
